object={
	name="tree_olive_generator_1_0"
	clamp_to_water_level=no
	render_under_water=no
	generated_content=yes
	layer="tree_layer"
	pdxmesh="tree_olive_01_mesh"
	count=6491
	transform="3868.322754 0.000000 2586.183594 0.000000 0.723796 0.000000 0.690014 0.800000 0.800000 0.800000
3868.365479 0.000000 2588.956299 0.000000 0.643064 0.000000 -0.765812 0.888852 0.888852 0.888852
3868.752441 0.000000 2591.208008 0.000000 0.636626 0.000000 0.771173 0.800000 0.800000 0.800000
3866.333252 0.000000 2585.201416 0.000000 0.756764 0.000000 0.653689 0.800000 0.800000 0.800000
3866.643311 0.000000 2588.721924 0.000000 0.864043 0.000000 0.503419 0.800000 0.800000 0.800000
3869.208496 0.000000 2587.582031 0.000000 0.539741 0.000000 -0.841831 0.800000 0.800000 0.800000
3867.452148 0.000000 2590.250244 0.000000 0.538699 0.000000 0.842498 0.800000 0.800000 0.800000
3867.168213 0.000000 2587.249268 0.000000 0.967292 0.000000 0.253666 0.800000 0.800000 0.800000
3869.937012 0.000000 2588.963867 0.000000 0.073359 0.000000 -0.997306 0.952521 0.952521 0.952521
3866.415283 0.000000 2591.482666 0.000000 0.952112 0.000000 -0.305750 0.800000 0.800000 0.800000
3872.324463 0.000000 2590.699219 0.000000 0.594187 0.000000 -0.804327 0.800000 0.800000 0.800000
3872.136475 0.000000 2587.778564 0.000000 0.756973 0.000000 0.653446 0.800000 0.800000 0.800000
3874.792969 0.000000 2590.279297 0.000000 0.357884 0.000000 -0.933766 0.800000 0.800000 0.800000
3873.307373 0.000000 2589.162842 0.000000 0.467023 0.000000 0.884245 0.800000 0.800000 0.800000
3873.318115 0.000000 2586.482666 0.000000 0.234728 0.000000 -0.972061 0.800000 0.800000 0.800000
3874.411377 0.000000 2591.850586 0.000000 0.999100 0.000000 0.042411 0.800000 0.800000 0.800000
3867.529053 0.000000 2592.375977 0.000000 0.459434 0.000000 0.888212 0.800000 0.800000 0.800000
3869.641113 0.000000 2599.481201 0.000000 0.953418 0.000000 0.301652 0.800000 0.800000 0.800000
3865.374268 0.000000 2597.824219 0.000000 0.769513 0.000000 -0.638631 0.800000 0.800000 0.800000
3865.744629 0.000000 2622.195068 0.000000 0.922125 0.000000 0.386892 0.800000 0.800000 0.800000
3870.169434 0.000000 2595.512451 0.000000 0.629662 0.000000 0.776869 0.800000 0.800000 0.800000
3866.951904 0.000000 2600.046631 0.000000 0.832002 0.000000 0.554773 0.800000 0.800000 0.800000
3867.257080 0.000000 2595.640137 0.000000 0.902728 0.000000 0.430212 0.800000 0.800000 0.800000
3868.065918 0.000000 2597.843994 0.000000 0.804541 0.000000 0.593897 0.800000 0.800000 0.800000
3871.286865 0.000000 2597.688477 0.000000 0.716613 0.000000 0.697471 0.800000 0.800000 0.800000
3869.141602 0.000000 2593.673584 0.000000 0.092776 0.000000 -0.995687 0.800000 0.800000 0.800000
3865.841064 0.000000 2601.852051 0.000000 0.988934 0.000000 -0.148359 0.800000 0.800000 0.800000
3866.506592 0.000000 2593.893066 0.000000 0.660689 0.000000 -0.750660 0.800000 0.800000 0.800000
3869.639893 0.000000 2597.107666 0.000000 0.957855 0.000000 0.287251 0.800000 0.800000 0.800000
3865.432373 0.000000 2596.026611 0.000000 0.751862 0.000000 0.659320 0.800000 0.800000 0.800000
3869.324219 0.000000 2592.007324 0.000000 0.581652 0.000000 0.813438 0.800000 0.800000 0.800000
3865.379150 0.000000 2599.465820 0.000000 0.967459 0.000000 0.253027 0.800000 0.800000 0.800000
3867.452148 0.000000 2622.250244 0.000000 0.682150 0.000000 0.731212 0.800000 0.800000 0.800000
3871.477295 0.000000 2594.709717 0.000000 0.956690 0.000000 0.291110 0.800000 0.800000 0.800000
3866.720703 0.000000 2597.085205 0.000000 0.200827 0.000000 0.979627 0.800000 0.800000 0.800000
3866.654541 0.000000 2598.568604 0.000000 0.039447 0.000000 -0.999222 0.800000 0.800000 0.800000
3868.631104 0.000000 2595.099609 0.000000 0.111842 0.000000 0.993726 0.800000 0.800000 0.800000
3868.213379 0.000000 2599.288330 0.000000 0.908756 0.000000 -0.417327 0.800000 0.800000 0.800000
3864.550537 0.000000 2601.297119 0.000000 0.629470 0.000000 0.777025 0.800000 0.800000 0.800000
3866.415283 0.000000 2623.482666 0.000000 0.934551 0.000000 0.355828 0.800000 0.800000 0.800000
3870.947021 0.000000 2599.013428 0.000000 0.988179 0.000000 -0.153304 0.800000 0.800000 0.800000
3868.323486 0.000000 2596.493408 0.000000 0.820411 0.000000 0.571774 0.800000 0.800000 0.800000
3867.307861 0.000000 2601.406738 0.000000 0.178360 0.000000 0.983965 0.800000 0.800000 0.800000
3867.851074 0.000000 2593.918701 0.000000 0.485385 0.000000 -0.874301 0.800000 0.800000 0.800000
3872.750488 0.000000 2599.931396 0.000000 0.772881 0.000000 0.634551 0.800000 0.800000 0.800000
3880.025879 0.000000 2600.900635 0.000000 0.607227 0.000000 -0.794528 0.800000 0.800000 0.800000
3876.372803 0.000000 2595.959717 0.000000 0.339985 0.000000 0.940431 0.675335 0.675335 0.675335
3881.388916 0.000000 2596.416260 0.000000 0.974314 0.000000 -0.225194 0.800000 0.800000 0.800000
3872.582275 0.000000 2592.014404 0.000000 0.893583 0.000000 -0.448898 0.800000 0.800000 0.800000
3872.254150 0.000000 2596.108398 0.000000 0.780720 0.000000 0.624881 0.800000 0.800000 0.800000
3875.864258 0.000000 2592.624512 0.000000 0.119406 0.000000 -0.992846 0.800000 0.800000 0.800000
3882.603516 0.000000 2599.180908 0.000000 0.997240 0.000000 -0.074240 0.800000 0.800000 0.800000
3878.954346 0.000000 2594.892090 0.000000 0.370875 0.000000 -0.928683 0.800000 0.800000 0.800000
3874.424805 0.000000 2597.752441 0.000000 0.971124 0.000000 -0.238574 0.800000 0.800000 0.800000
3878.988281 0.000000 2597.618164 0.000000 0.895419 0.000000 0.445225 0.800000 0.800000 0.800000
3873.910156 0.000000 2594.213623 0.000000 0.238293 0.000000 0.971193 0.800000 0.800000 0.800000
3883.893311 0.000000 2600.931152 0.000000 0.720041 0.000000 0.693931 0.800000 0.800000 0.800000
3880.813477 0.000000 2598.346436 0.000000 0.900587 0.000000 0.434675 0.754196 0.754196 0.754196
3872.085205 0.000000 2598.143555 0.000000 0.257701 0.000000 0.966225 0.800000 0.800000 0.800000
3872.099609 0.000000 2594.283447 0.000000 0.789253 0.000000 0.614068 0.800000 0.800000 0.800000
3881.841797 0.000000 2600.814941 0.000000 0.368421 0.000000 0.929659 0.800000 0.800000 0.800000
3878.800293 0.000000 2599.549316 0.000000 0.918662 0.000000 -0.395046 0.800000 0.800000 0.800000
3873.994385 0.000000 2596.045898 0.000000 0.725294 0.000000 0.688440 0.800000 0.800000 0.800000
3876.239014 0.000000 2597.706787 0.000000 0.690466 0.000000 0.723365 0.800000 0.800000 0.800000
3876.650146 0.000000 2594.273438 0.000000 0.995628 0.000000 0.093412 0.790471 0.790471 0.790471
3877.989258 0.000000 2596.228760 0.000000 0.081703 0.000000 0.996657 0.800000 0.800000 0.800000
3874.095215 0.000000 2592.526367 0.000000 0.908478 0.000000 0.417933 0.800000 0.800000 0.800000
3879.845459 0.000000 2596.212891 0.000000 0.984091 0.000000 -0.177664 0.800000 0.800000 0.800000
3875.146240 0.000000 2595.160889 0.000000 0.715312 0.000000 0.698806 0.721189 0.721189 0.721189
3873.936035 0.000000 2599.123535 0.000000 0.109329 0.000000 -0.994006 0.800000 0.800000 0.800000
3873.121582 0.000000 2597.165771 0.000000 0.999483 0.000000 0.032156 0.800000 0.800000 0.800000
3881.021729 0.000000 2599.747803 0.000000 0.893028 0.000000 0.450000 0.752456 0.752456 0.752456
3875.266113 0.000000 2596.687256 0.000000 0.628745 0.000000 -0.777611 0.800000 0.800000 0.800000
3873.005371 0.000000 2593.260254 0.000000 0.042578 0.000000 -0.999093 0.800000 0.800000 0.800000
3877.715820 0.000000 2597.962158 0.000000 0.960167 0.000000 -0.279426 0.800000 0.800000 0.800000
3877.750732 0.000000 2595.010254 0.000000 0.298878 0.000000 -0.954291 0.929084 0.929084 0.929084
3867.529053 0.000000 2624.375977 0.000000 0.781410 0.000000 -0.624018 0.868640 0.868640 0.868640
3864.785645 0.000000 2626.484375 0.000000 0.992041 0.000000 -0.125918 0.800000 0.800000 0.800000
3867.257080 0.000000 2627.640137 0.000000 0.099739 0.000000 0.995014 0.800000 0.800000 0.800000
3865.199219 0.000000 2624.287109 0.000000 0.951574 0.000000 -0.307419 0.800000 0.800000 0.800000
3869.141602 0.000000 2625.673584 0.000000 0.569510 0.000000 0.821984 0.800000 0.800000 0.800000
3866.506592 0.000000 2625.893066 0.000000 0.998159 0.000000 0.060650 0.793818 0.793818 0.793818
3869.324219 0.000000 2624.007324 0.000000 0.802378 0.000000 0.596816 0.800000 0.800000 0.800000
3868.631104 0.000000 2627.099609 0.000000 0.101512 0.000000 -0.994834 0.800000 0.800000 0.800000
3867.851074 0.000000 2625.918701 0.000000 0.487663 0.000000 -0.873032 0.908112 0.908112 0.908112
3872.750488 0.000000 2631.931396 0.000000 0.588287 0.000000 -0.808653 0.800000 0.800000 0.800000
3890.605225 0.000000 2646.964844 0.000000 0.671269 0.000000 0.741213 0.800000 0.800000 0.800000
3888.959717 0.000000 2634.489014 0.000000 0.163643 0.000000 0.986520 0.800000 0.800000 0.800000
3893.194092 0.000000 2628.141602 0.000000 0.960008 0.000000 0.279972 0.800000 0.800000 0.800000
3901.641113 0.000000 2631.481201 0.000000 0.820647 0.000000 -0.571436 0.800000 0.800000 0.800000
3884.226807 0.000000 2635.086914 0.000000 0.967043 0.000000 -0.254614 0.800000 0.800000 0.800000
3878.732666 0.000000 2641.989014 0.000000 0.107342 0.000000 -0.994222 0.800000 0.800000 0.800000
3879.399170 0.000000 2637.211670 0.000000 0.280553 0.000000 -0.959838 0.800000 0.800000 0.800000
3887.626953 0.000000 2638.601074 0.000000 0.133119 0.000000 0.991100 0.800000 0.800000 0.800000
3876.222900 0.000000 2634.437012 0.000000 0.302583 0.000000 0.953123 0.800000 0.800000 0.800000
3902.169434 0.000000 2627.512451 0.000000 0.989231 0.000000 0.146364 0.800000 0.800000 0.800000
3889.279785 0.000000 2630.307373 0.000000 0.367354 0.000000 0.930081 0.800000 0.800000 0.800000
3872.374512 0.000000 2635.903809 0.000000 0.705391 0.000000 0.708819 0.800000 0.800000 0.800000
3872.254150 0.000000 2628.108398 0.000000 0.190394 0.000000 0.981708 0.800000 0.800000 0.800000
3890.934326 0.000000 2650.628906 0.000000 0.993504 0.000000 0.113801 0.800000 0.800000 0.800000
3882.452637 0.000000 2643.263672 0.000000 0.085426 0.000000 0.996345 0.800000 0.800000 0.800000
3889.490723 0.000000 2643.378906 0.000000 0.310281 0.000000 -0.950645 0.800000 0.800000 0.800000
3877.031250 0.000000 2631.261963 0.000000 0.968436 0.000000 -0.249262 0.800000 0.800000 0.800000
3886.090576 0.000000 2641.265625 0.000000 0.174790 0.000000 -0.984606 0.800000 0.800000 0.800000
3895.672852 0.000000 2632.133545 0.000000 0.993472 0.000000 -0.114079 0.800000 0.800000 0.800000
3880.730713 0.000000 2640.014893 0.000000 0.365564 0.000000 0.930786 0.800000 0.800000 0.800000
3882.196045 0.000000 2637.211670 0.000000 0.999375 0.000000 0.035356 0.800000 0.800000 0.800000
3885.002686 0.000000 2637.574463 0.000000 0.986387 0.000000 0.164442 0.800000 0.800000 0.800000
3886.793945 0.000000 2635.786133 0.000000 0.886989 0.000000 0.461790 0.800000 0.800000 0.800000
3888.394531 0.000000 2645.639893 0.000000 0.807541 0.000000 -0.589812 0.800000 0.800000 0.800000
3878.121094 0.000000 2639.535889 0.000000 0.994225 0.000000 -0.107320 0.800000 0.800000 0.800000
3889.028564 0.000000 2640.782715 0.000000 0.832612 0.000000 -0.553857 0.800000 0.800000 0.800000
3880.098877 0.000000 2644.056641 0.000000 0.778530 0.000000 -0.627607 0.800000 0.800000 0.800000
3887.752686 0.000000 2632.400391 0.000000 0.806804 0.000000 -0.590820 0.800000 0.800000 0.800000
3877.046875 0.000000 2636.696533 0.000000 0.195707 0.000000 0.980662 0.800000 0.800000 0.800000
3888.790039 0.000000 2649.376221 0.000000 0.872553 0.000000 -0.488519 0.800000 0.800000 0.800000
3891.775635 0.000000 2630.120361 0.000000 0.527264 0.000000 -0.849702 0.800000 0.800000 0.800000
3873.856201 0.000000 2634.018311 0.000000 0.949950 0.000000 0.312401 0.800000 0.800000 0.800000
3894.208740 0.000000 2630.301270 0.000000 0.575009 0.000000 -0.818147 0.800000 0.800000 0.800000
3890.343750 0.000000 2632.453613 0.000000 0.095666 0.000000 0.995413 0.800000 0.800000 0.800000
3878.634766 0.000000 2634.760742 0.000000 0.396661 0.000000 0.917965 0.800000 0.800000 0.800000
3900.065918 0.000000 2629.843994 0.000000 0.979505 0.000000 0.201420 0.800000 0.800000 0.800000
3903.286865 0.000000 2629.688477 0.000000 0.277908 0.000000 -0.960608 0.931315 0.931315 0.931315
3891.419434 0.000000 2634.523438 0.000000 0.717237 0.000000 0.696830 0.800000 0.800000 0.800000
3895.553223 0.000000 2628.525635 0.000000 0.180266 0.000000 0.983618 0.800000 0.800000 0.800000
3874.969482 0.000000 2632.090576 0.000000 0.540071 0.000000 -0.841619 0.901887 0.901887 0.901887
3883.893311 0.000000 2632.931152 0.000000 0.204273 0.000000 -0.978914 0.800000 0.800000 0.800000
3884.557617 0.000000 2642.748535 0.000000 0.021634 0.000000 0.999766 0.800000 0.800000 0.800000
3887.149414 0.000000 2630.040283 0.000000 0.940134 0.000000 0.340806 0.764576 0.764576 0.764576
3885.948730 0.000000 2633.685547 0.000000 0.032968 0.000000 -0.999456 0.800000 0.800000 0.800000
3894.643799 0.000000 2626.654785 0.000000 0.971552 0.000000 -0.236828 0.800000 0.800000 0.800000
3888.724365 0.000000 2636.526123 0.000000 0.619103 0.000000 -0.785310 0.800000 0.800000 0.800000
3897.841064 0.000000 2633.852051 0.000000 0.014435 0.000000 0.999896 0.800000 0.800000 0.800000
3880.741455 0.000000 2642.063965 0.000000 0.985515 0.000000 0.169586 0.800000 0.800000 0.800000
3882.085938 0.000000 2645.116455 0.000000 0.996306 0.000000 -0.085879 0.800000 0.800000 0.800000
3877.728271 0.000000 2633.091797 0.000000 0.999213 0.000000 0.039655 0.800000 0.800000 0.800000
3890.597900 0.000000 2644.992676 0.000000 0.834102 0.000000 0.551611 0.800000 0.800000 0.800000
3891.272949 0.000000 2648.730713 0.000000 0.993227 0.000000 -0.116194 0.800000 0.800000 0.800000
3872.085205 0.000000 2630.143555 0.000000 0.020165 0.000000 -0.999797 0.800000 0.800000 0.800000
3885.843994 0.000000 2639.225098 0.000000 0.880933 0.000000 -0.473240 0.800000 0.800000 0.800000
3882.488281 0.000000 2641.351807 0.000000 0.770204 0.000000 0.637797 0.800000 0.800000 0.800000
3888.729980 0.000000 2647.479980 0.000000 0.427090 0.000000 -0.904209 0.800000 0.800000 0.800000
3889.138184 0.000000 2651.270508 0.000000 0.844534 0.000000 -0.535502 0.800000 0.800000 0.800000
3888.194092 0.000000 2628.557861 0.000000 0.900359 0.000000 -0.435148 0.800000 0.800000 0.800000
3883.844971 0.000000 2644.453125 0.000000 0.393750 0.000000 -0.919218 0.800000 0.800000 0.800000
3890.942871 0.000000 2642.206787 0.000000 0.856010 0.000000 0.516959 0.800000 0.800000 0.800000
3873.994385 0.000000 2628.045898 0.000000 0.592321 0.000000 0.805702 0.800000 0.800000 0.800000
3872.088867 0.000000 2634.001709 0.000000 0.842642 0.000000 -0.538474 0.800000 0.800000 0.800000
3901.639893 0.000000 2629.107666 0.000000 0.742939 0.000000 0.669359 0.800000 0.800000 0.800000
3880.953857 0.000000 2638.368164 0.000000 0.682678 0.000000 0.730719 0.800000 0.800000 0.800000
3895.080811 0.000000 2633.710449 0.000000 0.740675 0.000000 0.671864 0.800000 0.800000 0.800000
3884.396240 0.000000 2641.099121 0.000000 0.318406 0.000000 0.947954 0.800000 0.800000 0.800000
3897.379150 0.000000 2631.465820 0.000000 0.996537 0.000000 -0.083145 0.800000 0.800000 0.800000
3890.383789 0.000000 2629.118652 0.000000 0.281262 0.000000 -0.959631 0.800000 0.800000 0.800000
3895.837402 0.000000 2630.360107 0.000000 0.999999 0.000000 -0.001294 0.800000 0.800000 0.800000
3887.555908 0.000000 2640.201416 0.000000 0.806749 0.000000 -0.590895 0.800000 0.800000 0.800000
3878.004883 0.000000 2637.967285 0.000000 0.999998 0.000000 -0.001902 0.800000 0.800000 0.800000
3883.788818 0.000000 2636.624512 0.000000 0.876763 0.000000 0.480923 0.800000 0.800000 0.800000
3879.280029 0.000000 2640.535889 0.000000 0.172848 0.000000 0.984949 0.800000 0.800000 0.800000
3903.477295 0.000000 2626.709717 0.000000 0.450122 0.000000 0.892967 0.800000 0.800000 0.800000
3898.720703 0.000000 2629.085205 0.000000 0.778209 0.000000 -0.628005 0.800000 0.800000 0.800000
3887.504639 0.000000 2633.930908 0.000000 0.484567 0.000000 0.874754 0.800000 0.800000 0.800000
3886.538818 0.000000 2637.278564 0.000000 0.582788 0.000000 -0.812625 0.800000 0.800000 0.800000
3879.472168 0.000000 2638.815430 0.000000 0.333561 0.000000 -0.942729 0.800000 0.800000 0.800000
3889.057617 0.000000 2639.137207 0.000000 0.493826 0.000000 -0.869561 0.800000 0.800000 0.800000
3894.108887 0.000000 2631.797363 0.000000 0.590478 0.000000 0.807054 0.800000 0.800000 0.800000
3876.271240 0.000000 2632.805420 0.000000 0.508714 0.000000 -0.860935 0.800000 0.800000 0.800000
3898.654541 0.000000 2630.568604 0.000000 0.981975 0.000000 -0.189012 0.800000 0.800000 0.800000
3890.576660 0.000000 2630.986572 0.000000 0.733752 0.000000 -0.679417 0.800000 0.800000 0.800000
3900.631104 0.000000 2627.099609 0.000000 0.077511 0.000000 -0.996991 0.800000 0.800000 0.800000
3885.304199 0.000000 2636.070801 0.000000 0.336523 0.000000 -0.941675 0.800000 0.800000 0.800000
3889.093750 0.000000 2631.772949 0.000000 0.992402 0.000000 -0.123035 0.800000 0.800000 0.800000
3889.899658 0.000000 2648.325195 0.000000 0.305178 0.000000 0.952295 0.800000 0.800000 0.800000
3892.843018 0.000000 2626.792236 0.000000 0.959677 0.000000 -0.281107 0.800000 0.800000 0.800000
3873.936035 0.000000 2631.123535 0.000000 0.998149 0.000000 -0.060818 0.800000 0.800000 0.800000
3883.054443 0.000000 2634.131104 0.000000 0.478559 0.000000 0.878055 0.800000 0.800000 0.800000
3885.906738 0.000000 2643.101074 0.000000 0.713867 0.000000 0.700281 0.800000 0.800000 0.800000
3900.213379 0.000000 2631.288330 0.000000 0.367931 0.000000 0.929853 0.800000 0.800000 0.800000
3888.758057 0.000000 2642.150146 0.000000 0.593532 0.000000 -0.804810 0.800000 0.800000 0.800000
3896.550537 0.000000 2633.297119 0.000000 0.958343 0.000000 -0.285621 0.800000 0.800000 0.800000
3874.920898 0.000000 2635.072754 0.000000 0.761113 0.000000 -0.648619 0.800000 0.800000 0.800000
3892.943848 0.000000 2630.841797 0.000000 0.158622 0.000000 0.987339 0.800000 0.800000 0.800000
3875.356689 0.000000 2630.773193 0.000000 0.429193 0.000000 0.903213 0.800000 0.800000 0.800000
3880.767090 0.000000 2636.968506 0.000000 0.860731 0.000000 0.509060 0.800000 0.800000 0.800000
3882.887939 0.000000 2635.594727 0.000000 0.874333 0.000000 0.485326 0.800000 0.800000 0.800000
3873.121582 0.000000 2629.165771 0.000000 0.253024 0.000000 -0.967460 0.800000 0.800000 0.800000
3877.317139 0.000000 2635.345459 0.000000 0.523523 0.000000 -0.852011 0.800000 0.800000 0.800000
3891.919922 0.000000 2647.450195 0.000000 0.453443 0.000000 0.891285 0.800000 0.800000 0.800000
3878.478027 0.000000 2636.193604 0.000000 0.930165 0.000000 -0.367142 0.800000 0.800000 0.800000
3900.323486 0.000000 2628.493408 0.000000 0.011444 0.000000 0.999934 0.800000 0.800000 0.800000
3889.029053 0.000000 2633.145508 0.000000 0.094382 0.000000 -0.995536 0.800000 0.800000 0.800000
3890.159912 0.000000 2633.871094 0.000000 0.985707 0.000000 -0.168467 0.800000 0.800000 0.800000
3892.023682 0.000000 2628.805176 0.000000 0.449801 0.000000 0.893129 0.800000 0.800000 0.800000
3886.892334 0.000000 2631.335938 0.000000 0.094881 0.000000 -0.995489 0.950321 0.950321 0.950321
3875.125488 0.000000 2633.553711 0.000000 0.374649 0.000000 -0.927167 0.920884 0.920884 0.920884
3873.641113 0.000000 2635.508301 0.000000 0.557072 0.000000 -0.830464 0.800000 0.800000 0.800000
3893.207520 0.000000 2629.473389 0.000000 0.652094 0.000000 -0.758138 0.800000 0.800000 0.800000
3875.878174 0.000000 2635.948730 0.000000 0.279635 0.000000 0.960106 0.800000 0.800000 0.800000
3903.259277 0.000000 2628.276367 0.000000 0.555119 0.000000 0.831771 0.699945 0.699945 0.699945
3903.730469 0.000000 2673.468262 0.000000 0.948259 0.000000 -0.317498 0.800000 0.800000 0.800000
3898.269043 0.000000 2669.509033 0.000000 0.066321 0.000000 0.997798 0.800000 0.800000 0.800000
3900.629150 0.000000 2672.770752 0.000000 0.928230 0.000000 -0.372007 0.800000 0.800000 0.800000
3901.387451 0.000000 2675.185791 0.000000 0.302752 0.000000 0.953069 0.800000 0.800000 0.800000
3898.233643 0.000000 2671.915039 0.000000 0.521784 0.000000 -0.853078 0.800000 0.800000 0.800000
3902.534180 0.000000 2671.646729 0.000000 0.995434 0.000000 -0.095448 0.800000 0.800000 0.800000
3903.541992 0.000000 2675.808350 0.000000 0.674526 0.000000 -0.738251 0.800000 0.800000 0.800000
3896.093506 0.000000 2673.496338 0.000000 0.104325 0.000000 -0.994543 0.800000 0.800000 0.800000
3899.876221 0.000000 2670.799561 0.000000 0.179171 0.000000 0.983818 0.800000 0.800000 0.800000
3902.019775 0.000000 2673.631104 0.000000 0.453362 0.000000 -0.891326 0.800000 0.800000 0.800000
3899.190430 0.000000 2673.447021 0.000000 0.128934 0.000000 0.991653 0.800000 0.800000 0.800000
3903.019531 0.000000 2670.162109 0.000000 0.508049 0.000000 -0.861328 0.800000 0.800000 0.800000
3896.767090 0.000000 2672.208496 0.000000 0.357549 0.000000 -0.933894 0.800000 0.800000 0.800000
3901.190186 0.000000 2671.343750 0.000000 0.944268 0.000000 0.329176 0.800000 0.800000 0.800000
3897.285889 0.000000 2670.891602 0.000000 0.867057 0.000000 -0.498209 0.800000 0.800000 0.800000
3902.982178 0.000000 2674.557861 0.000000 0.972282 0.000000 0.233812 0.800000 0.800000 0.800000
3897.734863 0.000000 2673.158447 0.000000 0.692493 0.000000 0.721425 0.800000 0.800000 0.800000
3900.605469 0.000000 2674.131836 0.000000 0.293664 0.000000 0.955909 0.800000 0.800000 0.800000
3904.750488 0.000000 2631.931396 0.000000 0.904747 0.000000 -0.425950 0.800000 0.800000 0.800000
3929.993164 0.000000 2642.484131 0.000000 0.587640 0.000000 0.809123 0.800000 0.800000 0.800000
3934.047119 0.000000 2645.620605 0.000000 0.568167 0.000000 0.822913 0.800000 0.800000 0.800000
3924.550293 0.000000 2636.627441 0.000000 0.796384 0.000000 -0.604791 0.800000 0.800000 0.800000
3927.549561 0.000000 2639.383057 0.000000 0.904036 0.000000 0.427457 0.800000 0.800000 0.800000
3904.254150 0.000000 2628.108398 0.000000 0.660564 0.000000 -0.750770 0.800000 0.800000 0.800000
3935.983887 0.000000 2649.194336 0.000000 0.809970 0.000000 -0.586471 0.800000 0.800000 0.800000
3926.093262 0.000000 2641.928223 0.000000 0.996916 0.000000 -0.078477 0.800000 0.800000 0.800000
3905.910156 0.000000 2626.213623 0.000000 0.554717 0.000000 0.832039 0.800000 0.800000 0.800000
3925.256836 0.000000 2638.834229 0.000000 0.744336 0.000000 0.667805 0.800000 0.800000 0.800000
3934.097168 0.000000 2648.304688 0.000000 0.962195 0.000000 0.272361 0.800000 0.800000 0.800000
3928.093506 0.000000 2641.496338 0.000000 0.999255 0.000000 -0.038595 0.800000 0.800000 0.800000
3935.840820 0.000000 2647.206055 0.000000 0.948516 0.000000 0.316731 0.800000 0.800000 0.800000
3904.085205 0.000000 2630.143555 0.000000 0.424335 0.000000 -0.905505 0.800000 0.800000 0.800000
3927.404053 0.000000 2643.236084 0.000000 0.406848 0.000000 0.913496 0.800000 0.800000 0.800000
3904.099609 0.000000 2626.283447 0.000000 0.676683 0.000000 -0.736274 0.800000 0.800000 0.800000
3905.994385 0.000000 2628.045898 0.000000 0.330241 0.000000 0.943897 0.800000 0.800000 0.800000
3926.055908 0.000000 2640.229248 0.000000 0.277553 0.000000 0.960710 0.800000 0.800000 0.800000
3924.500488 0.000000 2641.786865 0.000000 0.947182 0.000000 -0.320697 0.800000 0.800000 0.800000
3928.767090 0.000000 2640.208496 0.000000 0.240560 0.000000 -0.970634 0.800000 0.800000 0.800000
3935.543701 0.000000 2645.486084 0.000000 0.737699 0.000000 -0.675129 0.800000 0.800000 0.800000
3905.936035 0.000000 2631.123535 0.000000 0.956761 0.000000 -0.290875 0.800000 0.800000 0.800000
3934.486572 0.000000 2646.969482 0.000000 0.718334 0.000000 -0.695698 0.800000 0.800000 0.800000
3905.121582 0.000000 2629.165771 0.000000 0.805593 0.000000 0.592469 0.800000 0.800000 0.800000
3934.243896 0.000000 2644.268799 0.000000 0.998463 0.000000 0.055431 0.800000 0.800000 0.800000
3929.285889 0.000000 2638.891602 0.000000 0.999928 0.000000 0.012022 0.800000 0.800000 0.800000
3928.734375 0.000000 2643.037598 0.000000 0.061881 0.000000 -0.998084 0.800000 0.800000 0.800000
3926.524414 0.000000 2638.308350 0.000000 0.556431 0.000000 0.830894 0.800000 0.800000 0.800000
3929.734863 0.000000 2641.158447 0.000000 0.632075 0.000000 0.774907 0.800000 0.800000 0.800000
3936.987305 0.000000 2645.511475 0.000000 0.523201 0.000000 0.852209 0.800000 0.800000 0.800000
3939.295410 0.000000 2638.797363 0.000000 0.999359 0.000000 0.035808 0.800000 0.800000 0.800000
3936.194824 0.000000 2641.812500 0.000000 0.999979 0.000000 -0.006539 0.800000 0.800000 0.800000
3939.427246 0.000000 2642.665771 0.000000 0.420098 0.000000 -0.907479 0.800000 0.800000 0.800000
3937.410156 0.000000 2648.737793 0.000000 0.460565 0.000000 -0.887626 0.800000 0.800000 0.800000
3936.165039 0.000000 2638.609863 0.000000 0.890076 0.000000 -0.455811 0.800000 0.800000 0.800000
3939.307861 0.000000 2645.141846 0.000000 0.409729 0.000000 0.912207 0.800000 0.800000 0.800000
3938.690430 0.000000 2636.464844 0.000000 0.997508 0.000000 0.070560 0.800000 0.800000 0.800000
3938.279297 0.000000 2640.670898 0.000000 0.589067 0.000000 -0.808084 0.800000 0.800000 0.800000
3937.485352 0.000000 2643.493896 0.000000 0.549096 0.000000 0.835759 0.800000 0.800000 0.800000
3936.013672 0.000000 2647.041748 0.000000 0.921349 0.000000 -0.388738 0.800000 0.800000 0.800000
3937.769531 0.000000 2637.905029 0.000000 0.537053 0.000000 0.843548 0.800000 0.800000 0.800000
3936.695801 0.000000 2640.138916 0.000000 0.744295 0.000000 -0.667851 0.800000 0.800000 0.800000
3936.043213 0.000000 2649.542969 0.000000 0.986419 0.000000 0.164247 0.800000 0.800000 0.800000
3936.066895 0.000000 2644.123291 0.000000 0.279965 0.000000 0.960010 0.800000 0.800000 0.800000
3937.652100 0.000000 2642.049805 0.000000 0.998641 0.000000 0.052124 0.800000 0.800000 0.800000
3939.802734 0.000000 2637.460449 0.000000 0.388730 0.000000 0.921352 0.800000 0.800000 0.800000
3937.859131 0.000000 2639.321289 0.000000 0.690430 0.000000 -0.723399 0.800000 0.800000 0.800000
3936.576172 0.000000 2637.288574 0.000000 0.809932 0.000000 -0.586524 0.800000 0.800000 0.800000
3938.788086 0.000000 2643.918701 0.000000 0.530168 0.000000 -0.847892 0.800000 0.800000 0.800000
3937.274902 0.000000 2647.327637 0.000000 0.476733 0.000000 0.879048 0.800000 0.800000 0.800000
3922.605225 0.000000 2678.964844 0.000000 0.990778 0.000000 0.135496 0.800000 0.800000 0.800000
3912.025879 0.000000 2664.900635 0.000000 0.821957 0.000000 -0.569550 0.800000 0.800000 0.800000
3920.959717 0.000000 2666.489014 0.000000 0.665045 0.000000 0.746804 0.800000 0.800000 0.800000
3912.678711 0.000000 2678.482178 0.000000 0.990676 0.000000 0.136240 0.800000 0.800000 0.800000
3923.565186 0.000000 2672.439941 0.000000 0.922613 0.000000 -0.385727 0.800000 0.800000 0.800000
3910.732666 0.000000 2673.989014 0.000000 0.951093 0.000000 0.308905 0.800000 0.800000 0.800000
3911.399170 0.000000 2669.211670 0.000000 0.949568 0.000000 0.313561 0.800000 0.800000 0.800000
3915.641357 0.000000 2681.407471 0.000000 0.984563 0.000000 0.175029 0.800000 0.800000 0.800000
3908.715332 0.000000 2679.164795 0.000000 0.839855 0.000000 -0.542811 0.800000 0.800000 0.800000
3921.279785 0.000000 2662.307373 0.000000 0.998863 0.000000 0.047664 0.800000 0.800000 0.800000
3904.374512 0.000000 2667.903809 0.000000 0.490051 0.000000 0.871694 0.800000 0.800000 0.800000
3922.934326 0.000000 2682.628906 0.000000 0.964197 0.000000 -0.265186 0.800000 0.800000 0.800000
3907.427246 0.000000 2674.665771 0.000000 0.122265 0.000000 0.992497 0.800000 0.800000 0.800000
3920.670654 0.000000 2685.914551 0.000000 0.444770 0.000000 -0.895645 0.800000 0.800000 0.800000
3915.811035 0.000000 2678.370850 0.000000 0.983885 0.000000 0.178803 0.800000 0.800000 0.800000
3909.583008 0.000000 2676.467041 0.000000 0.036973 0.000000 0.999316 0.800000 0.800000 0.800000
3904.165039 0.000000 2670.609863 0.000000 0.892081 0.000000 -0.451876 0.800000 0.800000 0.800000
3922.204346 0.000000 2670.129150 0.000000 0.957656 0.000000 0.287915 0.800000 0.800000 0.800000
3920.394531 0.000000 2677.639893 0.000000 0.938497 0.000000 -0.345288 0.800000 0.800000 0.800000
3910.121094 0.000000 2671.535889 0.000000 0.156227 0.000000 0.987721 0.800000 0.800000 0.800000
3913.796875 0.000000 2666.737061 0.000000 0.023126 0.000000 -0.999733 0.800000 0.800000 0.800000
3912.098877 0.000000 2676.056641 0.000000 0.988717 0.000000 0.149793 0.800000 0.800000 0.800000
3920.790039 0.000000 2681.376221 0.000000 0.735293 0.000000 0.677749 0.800000 0.800000 0.800000
3923.775635 0.000000 2662.120361 0.000000 0.323862 0.000000 0.946104 0.800000 0.800000 0.800000
3905.856201 0.000000 2666.018311 0.000000 0.993220 0.000000 0.116251 0.800000 0.800000 0.800000
3912.606934 0.000000 2680.800537 0.000000 0.356394 0.000000 -0.934336 0.800000 0.800000 0.800000
3907.307861 0.000000 2677.141846 0.000000 0.982803 0.000000 0.184660 0.800000 0.800000 0.800000
3922.343750 0.000000 2664.453613 0.000000 0.610546 0.000000 -0.791980 0.800000 0.800000 0.800000
3910.634766 0.000000 2666.760742 0.000000 0.650131 0.000000 0.759822 0.800000 0.800000 0.800000
3923.419434 0.000000 2666.523438 0.000000 0.724046 0.000000 0.689752 0.800000 0.800000 0.800000
3906.969482 0.000000 2664.090576 0.000000 0.888053 0.000000 -0.459741 0.800000 0.800000 0.800000
3906.279297 0.000000 2672.670898 0.000000 0.939854 0.000000 -0.341576 0.800000 0.800000 0.800000
3910.794678 0.000000 2679.625977 0.000000 0.227963 0.000000 -0.973670 0.800000 0.800000 0.800000
3908.449463 0.000000 2672.799072 0.000000 0.803464 0.000000 0.595353 0.800000 0.800000 0.800000
3917.744873 0.000000 2681.721191 0.000000 0.573180 0.000000 0.819429 0.800000 0.800000 0.800000
3922.363037 0.000000 2684.705566 0.000000 0.053639 0.000000 -0.998560 0.800000 0.800000 0.800000
3920.724365 0.000000 2668.526123 0.000000 0.381969 0.000000 -0.924175 0.800000 0.800000 0.800000
3912.741455 0.000000 2674.063965 0.000000 0.709976 0.000000 0.704226 0.800000 0.800000 0.800000
3914.366943 0.000000 2679.943359 0.000000 0.823044 0.000000 -0.567978 0.800000 0.800000 0.800000
3916.931152 0.000000 2679.958496 0.000000 0.558602 0.000000 0.829436 0.800000 0.800000 0.800000
3914.085938 0.000000 2677.116455 0.000000 0.141461 0.000000 -0.989944 0.800000 0.800000 0.800000
3922.670654 0.000000 2668.294678 0.000000 0.589845 0.000000 -0.807517 0.800000 0.800000 0.800000
3922.597900 0.000000 2676.992676 0.000000 0.904054 0.000000 -0.427418 0.800000 0.800000 0.800000
3923.272949 0.000000 2680.730713 0.000000 0.935996 0.000000 0.352010 0.800000 0.800000 0.800000
3921.138184 0.000000 2683.270508 0.000000 0.991840 0.000000 -0.127488 0.800000 0.800000 0.800000
3915.844971 0.000000 2676.453125 0.000000 0.984481 0.000000 -0.175491 0.800000 0.800000 0.800000
3917.645264 0.000000 2678.219971 0.000000 0.054916 0.000000 0.998491 0.800000 0.800000 0.800000
3922.942871 0.000000 2674.206787 0.000000 0.299778 0.000000 0.954009 0.800000 0.800000 0.800000
3910.976562 0.000000 2677.799316 0.000000 0.786736 0.000000 -0.617290 0.800000 0.800000 0.800000
3913.841797 0.000000 2664.814941 0.000000 0.959230 0.000000 0.282625 0.800000 0.800000 0.800000
3904.088867 0.000000 2666.001709 0.000000 0.442719 0.000000 0.896660 0.800000 0.800000 0.800000
3912.255859 0.000000 2667.618652 0.000000 0.995935 0.000000 -0.090071 0.800000 0.800000 0.800000
3905.769531 0.000000 2669.905029 0.000000 0.340686 0.000000 -0.940177 0.800000 0.800000 0.800000
3909.084229 0.000000 2674.439941 0.000000 0.907795 0.000000 -0.419413 0.800000 0.800000 0.800000
3923.645996 0.000000 2670.815430 0.000000 0.439290 0.000000 -0.898345 0.800000 0.800000 0.800000
3917.343018 0.000000 2683.266113 0.000000 0.811115 0.000000 -0.584887 0.800000 0.800000 0.800000
3910.004883 0.000000 2669.967285 0.000000 0.979670 0.000000 -0.200614 0.800000 0.800000 0.800000
3911.280029 0.000000 2672.535889 0.000000 0.724246 0.000000 0.689542 0.800000 0.800000 0.800000
3911.472168 0.000000 2670.815430 0.000000 0.182347 0.000000 0.983234 0.800000 0.800000 0.800000
3913.941406 0.000000 2681.449951 0.000000 0.298630 0.000000 -0.954369 0.800000 0.800000 0.800000
3908.715332 0.000000 2677.678467 0.000000 0.169377 0.000000 -0.985551 0.800000 0.800000 0.800000
3922.576660 0.000000 2662.986572 0.000000 0.855620 0.000000 0.517605 0.800000 0.800000 0.800000
3921.093750 0.000000 2663.772949 0.000000 0.100594 0.000000 -0.994928 0.800000 0.800000 0.800000
3921.899658 0.000000 2680.325195 0.000000 0.210859 0.000000 -0.977516 0.800000 0.800000 0.800000
3922.449463 0.000000 2671.571289 0.000000 0.144973 0.000000 -0.989436 0.800000 0.800000 0.800000
3910.658447 0.000000 2675.520996 0.000000 0.381837 0.000000 -0.924230 0.800000 0.800000 0.800000
3908.275879 0.000000 2675.835449 0.000000 0.559420 0.000000 -0.828884 0.800000 0.800000 0.800000
3906.920898 0.000000 2667.072754 0.000000 0.305973 0.000000 -0.952040 0.800000 0.800000 0.800000
3907.356689 0.000000 2662.773193 0.000000 0.917381 0.000000 0.398011 0.800000 0.800000 0.800000
3912.767090 0.000000 2668.968506 0.000000 0.984492 0.000000 0.175427 0.800000 0.800000 0.800000
3914.451660 0.000000 2678.542480 0.000000 0.170872 0.000000 0.985293 0.800000 0.800000 0.800000
3905.859131 0.000000 2671.321289 0.000000 0.997876 0.000000 -0.065150 0.800000 0.800000 0.800000
3923.919922 0.000000 2679.450195 0.000000 0.946174 0.000000 0.323657 0.800000 0.800000 0.800000
3904.576172 0.000000 2669.288574 0.000000 0.828194 0.000000 0.560441 0.800000 0.800000 0.800000
3912.356201 0.000000 2666.226807 0.000000 0.967662 0.000000 0.252250 0.800000 0.800000 0.800000
3909.890869 0.000000 2672.854004 0.000000 0.858207 0.000000 -0.513304 0.800000 0.800000 0.800000
3910.478027 0.000000 2668.193604 0.000000 0.839535 0.000000 -0.543306 0.800000 0.800000 0.800000
3923.383057 0.000000 2669.428955 0.000000 0.489203 0.000000 -0.872170 0.800000 0.800000 0.800000
3921.029053 0.000000 2665.145508 0.000000 0.994168 0.000000 -0.107844 0.800000 0.800000 0.800000
3922.159912 0.000000 2665.871094 0.000000 0.118416 0.000000 -0.992964 0.800000 0.800000 0.800000
3907.125488 0.000000 2665.553711 0.000000 0.841435 0.000000 0.540359 0.800000 0.800000 0.800000
3905.641113 0.000000 2667.508301 0.000000 0.620692 0.000000 0.784055 0.800000 0.800000 0.800000
3906.788086 0.000000 2675.918701 0.000000 0.913559 0.000000 0.406706 0.800000 0.800000 0.800000
3916.141846 0.000000 2682.657715 0.000000 0.564385 0.000000 -0.825512 0.800000 0.800000 0.800000
3907.878174 0.000000 2667.948730 0.000000 0.986344 0.000000 -0.164701 0.800000 0.800000 0.800000
3922.315674 0.000000 2672.920898 0.000000 0.797155 0.000000 -0.603775 0.800000 0.800000 0.800000
3946.484375 0.000000 2685.530273 0.000000 0.684127 0.000000 0.729363 0.800000 0.800000 0.800000
3936.750488 0.000000 2663.931396 0.000000 0.898390 0.000000 0.439199 0.800000 0.800000 0.800000
3936.987305 0.000000 2677.511475 0.000000 0.590876 0.000000 0.806762 0.800000 0.800000 0.800000
3944.678711 0.000000 2678.482178 0.000000 0.159551 0.000000 -0.987190 0.800000 0.800000 0.800000
3938.681885 0.000000 2683.806152 0.000000 0.725058 0.000000 -0.688688 0.800000 0.800000 0.800000
3950.161133 0.000000 2676.472412 0.000000 0.505489 0.000000 -0.862833 0.800000 0.800000 0.800000
3948.226807 0.000000 2667.086914 0.000000 0.103565 0.000000 -0.994623 0.800000 0.800000 0.800000
3942.732666 0.000000 2673.989014 0.000000 0.972439 0.000000 0.233158 0.800000 0.800000 0.800000
3945.388916 0.000000 2660.416260 0.000000 0.073773 0.000000 0.997275 0.800000 0.800000 0.800000
3943.005127 0.000000 2682.616211 0.000000 0.030845 0.000000 0.999524 0.800000 0.800000 0.800000
3943.399170 0.000000 2669.211670 0.000000 0.237044 0.000000 0.971499 0.800000 0.800000 0.800000
3940.222900 0.000000 2666.437012 0.000000 0.406239 0.000000 0.913767 0.800000 0.800000 0.800000
3947.641357 0.000000 2681.407471 0.000000 0.999990 0.000000 0.004461 0.800000 0.800000 0.800000
3949.705078 0.000000 2687.897949 0.000000 0.950621 0.000000 0.310353 0.800000 0.800000 0.800000
3936.374512 0.000000 2667.903809 0.000000 0.848857 0.000000 0.528622 0.800000 0.800000 0.800000
3936.254150 0.000000 2660.108398 0.000000 0.741043 0.000000 -0.671457 0.800000 0.800000 0.800000
3941.585693 0.000000 2686.219971 0.000000 0.717653 0.000000 -0.696401 0.800000 0.800000 0.800000
3936.194824 0.000000 2673.812500 0.000000 0.413858 0.000000 0.910342 0.800000 0.800000 0.800000
3954.934326 0.000000 2682.628906 0.000000 0.865815 0.000000 0.500364 0.800000 0.800000 0.800000
3949.525879 0.000000 2663.489746 0.000000 0.489595 0.000000 -0.871950 0.800000 0.800000 0.800000
3946.452637 0.000000 2675.263672 0.000000 0.993260 0.000000 -0.115905 0.800000 0.800000 0.800000
3939.427246 0.000000 2674.665771 0.000000 0.552326 0.000000 0.833628 0.800000 0.800000 0.800000
3950.855713 0.000000 2679.860352 0.000000 0.323571 0.000000 0.946204 0.800000 0.800000 0.800000
3947.811035 0.000000 2678.370850 0.000000 0.581923 0.000000 0.813244 0.800000 0.800000 0.800000
3946.603516 0.000000 2663.180908 0.000000 0.213782 0.000000 0.976881 0.800000 0.800000 0.800000
3942.954346 0.000000 2658.892090 0.000000 0.140174 0.000000 -0.990127 0.800000 0.800000 0.800000
3938.424805 0.000000 2661.752441 0.000000 0.845386 0.000000 0.534156 0.800000 0.800000 0.800000
3945.594971 0.000000 2682.996582 0.000000 0.522277 0.000000 0.852776 0.800000 0.800000 0.800000
3942.988281 0.000000 2661.618164 0.000000 0.117378 0.000000 -0.993087 0.800000 0.800000 0.800000
3943.940430 0.000000 2685.032715 0.000000 0.269184 0.000000 -0.963089 0.800000 0.800000 0.800000
3950.793945 0.000000 2667.786133 0.000000 0.880656 0.000000 0.473756 0.800000 0.800000 0.800000
3942.121094 0.000000 2671.535889 0.000000 0.205043 0.000000 0.978753 0.800000 0.800000 0.800000
3938.792969 0.000000 2686.279297 0.000000 0.749542 0.000000 0.661957 0.800000 0.800000 0.800000
3937.910156 0.000000 2658.213623 0.000000 0.396010 0.000000 0.918246 0.800000 0.800000 0.800000
3944.098877 0.000000 2676.056641 0.000000 0.001981 0.000000 -0.999998 0.800000 0.800000 0.800000
3951.752686 0.000000 2664.400391 0.000000 0.975326 0.000000 0.220768 0.800000 0.800000 0.800000
3941.046875 0.000000 2668.696533 0.000000 0.691047 0.000000 0.722809 0.800000 0.800000 0.800000
3937.856201 0.000000 2666.018311 0.000000 0.116256 0.000000 -0.993219 0.800000 0.800000 0.800000
3944.606934 0.000000 2680.800537 0.000000 0.635965 0.000000 0.771718 0.800000 0.800000 0.800000
3939.307861 0.000000 2677.141846 0.000000 0.753529 0.000000 0.657415 0.800000 0.800000 0.800000
3945.231201 0.000000 2658.016357 0.000000 0.945410 0.000000 -0.325883 0.800000 0.800000 0.800000
3941.052734 0.000000 2683.980469 0.000000 0.514630 0.000000 0.857412 0.800000 0.800000 0.800000
3944.943359 0.000000 2687.228271 0.000000 0.481236 0.000000 -0.876591 0.800000 0.800000 0.800000
3938.969482 0.000000 2664.090576 0.000000 0.347199 0.000000 -0.937792 0.800000 0.800000 0.800000
3938.279297 0.000000 2672.670898 0.000000 0.019219 0.000000 -0.999815 0.800000 0.800000 0.800000
3942.794678 0.000000 2679.625977 0.000000 0.231619 0.000000 0.972807 0.800000 0.800000 0.800000
3947.893311 0.000000 2664.931152 0.000000 0.985092 0.000000 0.172029 0.800000 0.800000 0.800000
3951.149414 0.000000 2662.040283 0.000000 0.813231 0.000000 -0.581940 0.800000 0.800000 0.800000
3949.948730 0.000000 2665.685547 0.000000 0.946930 0.000000 0.321440 0.800000 0.800000 0.800000
3940.449463 0.000000 2672.799072 0.000000 0.615857 0.000000 0.787858 0.800000 0.800000 0.800000
3949.744873 0.000000 2681.721191 0.000000 0.224599 0.000000 -0.974451 0.800000 0.800000 0.800000
3954.363037 0.000000 2684.705566 0.000000 0.531888 0.000000 -0.846815 0.800000 0.800000 0.800000
3937.485352 0.000000 2675.493896 0.000000 0.568116 0.000000 -0.822948 0.800000 0.800000 0.800000
3947.904785 0.000000 2687.021973 0.000000 0.982612 0.000000 -0.185672 0.800000 0.800000 0.800000
3947.431396 0.000000 2683.744873 0.000000 0.865218 0.000000 0.501395 0.800000 0.800000 0.800000
3938.549805 0.000000 2678.988525 0.000000 0.996676 0.000000 0.081463 0.800000 0.800000 0.800000
3944.813477 0.000000 2662.346436 0.000000 0.780603 0.000000 0.625027 0.800000 0.800000 0.800000
3944.741455 0.000000 2674.063965 0.000000 0.978932 0.000000 0.204189 0.800000 0.800000 0.800000
3946.366943 0.000000 2679.943359 0.000000 0.492412 0.000000 0.870362 0.800000 0.800000 0.800000
3948.931152 0.000000 2679.958496 0.000000 0.667963 0.000000 -0.744194 0.800000 0.800000 0.800000
3946.085938 0.000000 2677.116455 0.000000 0.659431 0.000000 -0.751765 0.800000 0.800000 0.800000
3955.272949 0.000000 2680.730713 0.000000 0.542728 0.000000 -0.839908 0.800000 0.800000 0.800000
3936.085205 0.000000 2662.143555 0.000000 0.993004 0.000000 -0.118080 0.800000 0.800000 0.800000
3936.099609 0.000000 2658.283447 0.000000 0.638725 0.000000 -0.769435 0.800000 0.800000 0.800000
3947.844971 0.000000 2676.453125 0.000000 0.991476 0.000000 0.130289 0.800000 0.800000 0.800000
3949.645264 0.000000 2678.219971 0.000000 0.290200 0.000000 -0.956966 0.800000 0.800000 0.800000
3943.091309 0.000000 2687.415527 0.000000 0.385486 0.000000 0.922714 0.800000 0.800000 0.800000
3942.800293 0.000000 2663.549316 0.000000 0.939432 0.000000 -0.342737 0.800000 0.800000 0.800000
3937.994385 0.000000 2660.045898 0.000000 0.027162 0.000000 0.999631 0.800000 0.800000 0.800000
3936.088867 0.000000 2666.001709 0.000000 0.993953 0.000000 -0.109809 0.800000 0.800000 0.800000
3940.132812 0.000000 2687.408691 0.000000 0.408975 0.000000 -0.912545 0.800000 0.800000 0.800000
3939.133057 0.000000 2680.600098 0.000000 0.817172 0.000000 0.576394 0.800000 0.800000 0.800000
3938.411377 0.000000 2687.850586 0.000000 0.992587 0.000000 0.121534 0.800000 0.800000 0.800000
3940.206787 0.000000 2685.353027 0.000000 0.803635 0.000000 0.595123 0.800000 0.800000 0.800000
3942.037354 0.000000 2681.124512 0.000000 0.653564 0.000000 -0.756871 0.800000 0.800000 0.800000
3936.695801 0.000000 2672.138916 0.000000 0.690671 0.000000 0.723169 0.800000 0.800000 0.800000
3938.979736 0.000000 2682.207031 0.000000 0.999235 0.000000 -0.039102 0.800000 0.800000 0.800000
3942.004883 0.000000 2669.967285 0.000000 0.028857 0.000000 -0.999584 0.800000 0.800000 0.800000
3948.095947 0.000000 2662.644043 0.000000 0.460105 0.000000 0.887865 0.800000 0.800000 0.800000
3942.683350 0.000000 2684.139160 0.000000 0.805124 0.000000 0.593106 0.800000 0.800000 0.800000
3943.280029 0.000000 2672.535889 0.000000 0.442774 0.000000 -0.896633 0.800000 0.800000 0.800000
3943.845459 0.000000 2660.212891 0.000000 0.985671 0.000000 0.168679 0.800000 0.800000 0.800000
3951.504639 0.000000 2665.930908 0.000000 0.597117 0.000000 0.802154 0.800000 0.800000 0.800000
3936.066895 0.000000 2676.123291 0.000000 0.981732 0.000000 0.190270 0.800000 0.800000 0.800000
3943.472168 0.000000 2670.815430 0.000000 0.014122 0.000000 0.999900 0.800000 0.800000 0.800000
3951.311279 0.000000 2681.578857 0.000000 0.888431 0.000000 -0.459010 0.800000 0.800000 0.800000
3951.780273 0.000000 2676.291992 0.000000 0.014849 0.000000 -0.999890 0.800000 0.800000 0.800000
3945.941406 0.000000 2681.449951 0.000000 0.196335 0.000000 0.980537 0.800000 0.800000 0.800000
3939.146240 0.000000 2659.160889 0.000000 0.750442 0.000000 0.660936 0.800000 0.800000 0.800000
3940.779297 0.000000 2670.761719 0.000000 0.766879 0.000000 0.641792 0.800000 0.800000 0.800000
3937.652100 0.000000 2674.049805 0.000000 0.577568 0.000000 0.816343 0.800000 0.800000 0.800000
3949.214600 0.000000 2686.393555 0.000000 0.857952 0.000000 0.513731 0.800000 0.800000 0.800000
3951.123291 0.000000 2678.408203 0.000000 0.789669 0.000000 -0.613533 0.800000 0.800000 0.800000
3944.133057 0.000000 2683.540771 0.000000 0.904966 0.000000 -0.425484 0.800000 0.800000 0.800000
3941.629883 0.000000 2687.727539 0.000000 0.735847 0.000000 0.677148 0.800000 0.800000 0.800000
3937.936035 0.000000 2663.123535 0.000000 0.733092 0.000000 -0.680129 0.800000 0.800000 0.800000
3942.658447 0.000000 2675.520996 0.000000 0.350560 0.000000 -0.936540 0.800000 0.800000 0.800000
3947.887939 0.000000 2685.594971 0.000000 0.900108 0.000000 0.435666 0.800000 0.800000 0.800000
3938.920898 0.000000 2667.072754 0.000000 0.534418 0.000000 0.845221 0.800000 0.800000 0.800000
3939.356689 0.000000 2662.773193 0.000000 0.129911 0.000000 -0.991526 0.800000 0.800000 0.800000
3946.385498 0.000000 2686.940186 0.000000 0.999960 0.000000 0.008910 0.800000 0.800000 0.800000
3937.121582 0.000000 2661.165771 0.000000 0.998663 0.000000 -0.051689 0.800000 0.800000 0.800000
3946.451660 0.000000 2678.542480 0.000000 0.834936 0.000000 0.550348 0.800000 0.800000 0.800000
3941.317139 0.000000 2667.345459 0.000000 0.971733 0.000000 0.236084 0.800000 0.800000 0.800000
3941.890869 0.000000 2672.854004 0.000000 0.979192 0.000000 -0.202937 0.800000 0.800000 0.800000
3942.478027 0.000000 2668.193604 0.000000 0.010185 0.000000 -0.999948 0.800000 0.800000 0.800000
3946.851074 0.000000 2682.534668 0.000000 0.465127 0.000000 -0.885244 0.800000 0.800000 0.800000
3944.487549 0.000000 2682.216064 0.000000 0.506691 0.000000 -0.862128 0.800000 0.800000 0.800000
3939.937988 0.000000 2683.171631 0.000000 0.464106 0.000000 -0.885780 0.800000 0.800000 0.800000
3945.021729 0.000000 2663.747803 0.000000 0.628193 0.000000 -0.778057 0.800000 0.800000 0.800000
3942.909180 0.000000 2685.996338 0.000000 0.121297 0.000000 0.992616 0.800000 0.800000 0.800000
3950.892334 0.000000 2663.335938 0.000000 0.117128 0.000000 -0.993117 0.800000 0.800000 0.800000
3939.125488 0.000000 2665.553711 0.000000 0.174974 0.000000 0.984573 0.800000 0.800000 0.800000
3939.266113 0.000000 2660.687256 0.000000 0.763493 0.000000 0.645815 0.800000 0.800000 0.800000
3941.501953 0.000000 2682.658447 0.000000 0.873080 0.000000 -0.487577 0.800000 0.800000 0.800000
3937.641113 0.000000 2667.508301 0.000000 0.957486 0.000000 -0.288478 0.800000 0.800000 0.800000
3938.788086 0.000000 2675.918701 0.000000 0.234630 0.000000 0.972085 0.800000 0.800000 0.800000
3944.317383 0.000000 2658.921875 0.000000 0.962923 0.000000 0.269776 0.800000 0.800000 0.800000
3939.878174 0.000000 2667.948730 0.000000 0.208358 0.000000 0.978053 0.800000 0.800000 0.800000
3978.484375 0.000000 2685.530273 0.000000 0.712354 0.000000 -0.701820 0.800000 0.800000 0.800000
3984.959717 0.000000 2666.489014 0.000000 0.862964 0.000000 -0.505266 0.800000 0.800000 0.800000
3976.678711 0.000000 2678.482178 0.000000 0.655353 0.000000 -0.755323 0.800000 0.800000 0.800000
3987.565186 0.000000 2672.439941 0.000000 0.687489 0.000000 -0.726195 0.800000 0.800000 0.800000
3983.626953 0.000000 2670.601074 0.000000 0.860599 0.000000 -0.509283 0.800000 0.800000 0.800000
3979.641357 0.000000 2681.407471 0.000000 0.800991 0.000000 -0.598676 0.800000 0.800000 0.800000
3981.705078 0.000000 2687.897949 0.000000 0.993078 0.000000 -0.117456 0.800000 0.800000 0.800000
3990.640381 0.000000 2685.116699 0.000000 0.681997 0.000000 0.731355 0.800000 0.800000 0.800000
3979.811035 0.000000 2678.370850 0.000000 0.994329 0.000000 0.106347 0.800000 0.800000 0.800000
3986.204346 0.000000 2670.129150 0.000000 0.037699 0.000000 -0.999289 0.800000 0.800000 0.800000
3977.594971 0.000000 2682.996582 0.000000 0.976488 0.000000 -0.215570 0.800000 0.800000 0.800000
3982.793945 0.000000 2667.786133 0.000000 0.639312 0.000000 -0.768948 0.800000 0.800000 0.800000
3976.098877 0.000000 2676.056641 0.000000 0.856364 0.000000 -0.516372 0.800000 0.800000 0.800000
3976.606934 0.000000 2680.800537 0.000000 0.235757 0.000000 -0.971812 0.800000 0.800000 0.800000
3988.506104 0.000000 2684.297363 0.000000 0.630757 0.000000 -0.775980 0.800000 0.800000 0.800000
3991.577393 0.000000 2687.219971 0.000000 0.796862 0.000000 0.604162 0.800000 0.800000 0.800000
3984.724365 0.000000 2668.526123 0.000000 0.225875 0.000000 -0.974156 0.936792 0.936792 0.936792
3979.431396 0.000000 2683.744873 0.000000 0.886497 0.000000 0.462734 0.800000 0.800000 0.800000
3978.366943 0.000000 2679.943359 0.000000 0.406783 0.000000 -0.913525 0.800000 0.800000 0.800000
3978.085938 0.000000 2677.116455 0.000000 0.983459 0.000000 0.181129 0.800000 0.800000 0.800000
3986.670654 0.000000 2668.294678 0.000000 0.620434 0.000000 0.784259 0.800000 0.800000 0.800000
3989.621826 0.000000 2687.278564 0.000000 0.075679 0.000000 0.997132 0.800000 0.800000 0.800000
3979.844971 0.000000 2676.453125 0.000000 0.127246 0.000000 -0.991871 0.800000 0.800000 0.800000
3990.019287 0.000000 2683.503418 0.000000 0.586980 0.000000 -0.809602 0.800000 0.800000 0.800000
3987.645996 0.000000 2670.815430 0.000000 0.446921 0.000000 -0.894573 0.800000 0.800000 0.800000
3989.174561 0.000000 2685.702393 0.000000 0.459140 0.000000 0.888364 0.800000 0.800000 0.800000
3982.538818 0.000000 2669.278564 0.000000 0.350206 0.000000 0.936673 0.800000 0.800000 0.800000
3985.057617 0.000000 2671.137207 0.000000 0.931807 0.000000 -0.362954 0.800000 0.800000 0.800000
3977.941406 0.000000 2681.449951 0.000000 0.986963 0.000000 0.160948 0.800000 0.800000 0.800000
3981.214600 0.000000 2686.393555 0.000000 0.902259 0.000000 -0.431195 0.800000 0.800000 0.800000
3976.133057 0.000000 2683.540771 0.000000 0.329851 0.000000 -0.944033 0.800000 0.800000 0.800000
3986.449463 0.000000 2671.571289 0.000000 0.387209 0.000000 0.921992 0.800000 0.800000 0.800000
3979.887939 0.000000 2685.594971 0.000000 0.769785 0.000000 0.638303 0.800000 0.800000 0.800000
3978.451660 0.000000 2678.542480 0.000000 0.993185 0.000000 0.116553 0.800000 0.800000 0.800000
3987.383057 0.000000 2669.428955 0.000000 0.999994 0.000000 0.003548 0.800000 0.800000 0.800000
3978.851074 0.000000 2682.534668 0.000000 0.842913 0.000000 0.538050 0.800000 0.800000 0.800000
3988.256348 0.000000 2682.963135 0.000000 0.986111 0.000000 -0.166090 0.800000 0.800000 0.800000
3976.487549 0.000000 2682.216064 0.000000 0.859462 0.000000 -0.511199 0.800000 0.800000 0.800000
3991.783447 0.000000 2685.881836 0.000000 0.117896 0.000000 0.993026 0.800000 0.800000 0.800000
3986.315674 0.000000 2672.920898 0.000000 0.086576 0.000000 -0.996245 0.800000 0.800000 0.800000
3984.666992 0.000000 2669.835938 0.000000 0.163922 0.000000 0.986473 0.656773 0.656773 0.656773
3935.730469 0.000000 2705.468262 0.000000 0.967700 0.000000 0.252106 0.800000 0.800000 0.800000
3934.498779 0.000000 2698.052246 0.000000 0.944274 0.000000 0.329159 0.800000 0.800000 0.800000
3934.534180 0.000000 2703.646729 0.000000 0.903980 0.000000 -0.427576 0.800000 0.800000 0.800000
3935.150879 0.000000 2700.339600 0.000000 0.440419 0.000000 0.897792 0.800000 0.800000 0.800000
3934.019775 0.000000 2705.631104 0.000000 0.855192 0.000000 -0.518311 0.800000 0.800000 0.800000
3935.019531 0.000000 2702.162109 0.000000 0.997384 0.000000 0.072279 0.800000 0.800000 0.800000
3947.488281 0.000000 2703.720703 0.000000 0.787716 0.000000 0.616039 0.732396 0.732396 0.732396
3950.183594 0.000000 2691.834961 0.000000 0.335302 0.000000 0.942111 0.800000 0.800000 0.800000
3944.025879 0.000000 2696.900635 0.000000 0.996698 0.000000 0.081203 0.791720 0.791720 0.791720
3943.825195 0.000000 2688.071533 0.000000 0.588881 0.000000 0.808220 0.800000 0.800000 0.800000
3939.295410 0.000000 2702.797363 0.000000 0.780691 0.000000 -0.624918 0.800000 0.800000 0.800000
3948.226807 0.000000 2699.086914 0.000000 0.415935 0.000000 -0.909394 0.800000 0.800000 0.800000
3945.388916 0.000000 2692.416260 0.000000 0.563376 0.000000 -0.826200 0.800000 0.800000 0.800000
3943.005127 0.000000 2714.616211 0.000000 0.236965 0.000000 0.971518 0.800000 0.800000 0.800000
3951.626953 0.000000 2702.601074 0.000000 0.987505 0.000000 -0.157590 0.800000 0.800000 0.800000
3966.857666 0.000000 2718.204834 0.000000 0.779077 0.000000 0.626929 0.800000 0.800000 0.800000
3947.641357 0.000000 2713.407471 0.000000 0.902294 0.000000 0.431121 0.800000 0.800000 0.800000
3940.715332 0.000000 2711.164795 0.000000 0.964830 0.000000 0.262873 0.800000 0.800000 0.800000
3936.374512 0.000000 2699.903809 0.000000 0.487680 0.000000 0.873022 0.800000 0.800000 0.800000
3936.194824 0.000000 2705.812500 0.000000 0.923039 0.000000 0.384707 0.800000 0.800000 0.800000
3949.525879 0.000000 2695.489746 0.000000 0.129533 0.000000 0.991575 0.800000 0.800000 0.800000
3947.314209 0.000000 2689.086914 0.000000 0.455418 0.000000 -0.890278 0.800000 0.800000 0.800000
3946.452637 0.000000 2707.263672 0.000000 0.931985 0.000000 0.362497 0.800000 0.800000 0.800000
3939.427246 0.000000 2706.665771 0.000000 0.925085 0.000000 0.379759 0.800000 0.800000 0.800000
3950.090576 0.000000 2705.265625 0.000000 0.300249 0.000000 -0.953861 0.800000 0.800000 0.800000
3947.811035 0.000000 2710.370850 0.000000 0.910578 0.000000 0.413337 0.800000 0.800000 0.800000
3951.014160 0.000000 2688.879883 0.000000 0.455780 0.000000 -0.890092 0.800000 0.800000 0.800000
3946.603516 0.000000 2695.180908 0.000000 0.077572 0.000000 -0.996987 0.800000 0.800000 0.800000
3944.730713 0.000000 2704.014893 0.000000 0.434716 0.000000 -0.900567 0.800000 0.800000 0.800000
3941.583008 0.000000 2708.467041 0.000000 0.429147 0.000000 -0.903235 0.800000 0.800000 0.800000
3942.954346 0.000000 2690.892090 0.000000 0.980415 0.000000 -0.196945 0.800000 0.800000 0.800000
3946.196045 0.000000 2701.211670 0.000000 0.941074 0.000000 0.338201 0.800000 0.800000 0.800000
3936.165039 0.000000 2702.609863 0.000000 0.243811 0.000000 -0.969823 0.800000 0.800000 0.800000
3949.002686 0.000000 2701.574463 0.000000 0.307840 0.000000 -0.951438 0.800000 0.800000 0.800000
3940.546387 0.000000 2713.718994 0.000000 0.053191 0.000000 -0.998584 0.800000 0.800000 0.800000
3942.988281 0.000000 2693.618164 0.000000 0.999653 0.000000 0.026340 0.800000 0.800000 0.800000
3947.909180 0.000000 2692.884033 0.000000 0.678897 0.000000 0.734234 0.800000 0.800000 0.800000
3937.856201 0.000000 2698.018311 0.000000 0.013921 0.000000 0.999903 0.800000 0.800000 0.800000
3939.307861 0.000000 2709.141846 0.000000 0.313943 0.000000 0.949442 0.800000 0.800000 0.800000
3945.231201 0.000000 2690.016357 0.000000 0.714269 0.000000 0.699871 0.800000 0.800000 0.800000
3941.052734 0.000000 2715.980469 0.000000 0.179725 0.000000 0.983717 0.800000 0.800000 0.800000
3964.752441 0.000000 2719.208008 0.000000 0.850759 0.000000 -0.525556 0.800000 0.800000 0.800000
3938.279297 0.000000 2704.670898 0.000000 0.010452 0.000000 -0.999945 0.800000 0.800000 0.800000
3942.794678 0.000000 2711.625977 0.000000 0.186636 0.000000 -0.982429 0.800000 0.800000 0.800000
3947.893311 0.000000 2696.931152 0.000000 0.384246 0.000000 0.923231 0.800000 0.800000 0.800000
3948.557617 0.000000 2706.748535 0.000000 0.877779 0.000000 0.479067 0.800000 0.800000 0.800000
3949.948730 0.000000 2697.685547 0.000000 0.799255 0.000000 0.600991 0.800000 0.800000 0.800000
3940.449463 0.000000 2704.799072 0.000000 0.181390 0.000000 0.983411 0.800000 0.800000 0.800000
3951.460938 0.000000 2706.784424 0.000000 0.765250 0.000000 -0.643733 0.800000 0.800000 0.800000
3949.063965 0.000000 2690.168945 0.000000 0.010205 0.000000 -0.999948 0.800000 0.800000 0.800000
3947.431396 0.000000 2715.744873 0.000000 0.080918 0.000000 0.996721 0.800000 0.800000 0.800000
3938.549805 0.000000 2710.988525 0.000000 0.959101 0.000000 -0.283065 0.800000 0.800000 0.800000
3947.022461 0.000000 2691.128906 0.000000 0.879807 0.000000 0.475331 0.800000 0.800000 0.800000
3949.092285 0.000000 2688.144287 0.000000 0.533839 0.000000 0.845586 0.800000 0.800000 0.800000
3944.813477 0.000000 2694.346436 0.000000 0.079487 0.000000 -0.996836 0.951895 0.951895 0.951895
3946.366943 0.000000 2711.943359 0.000000 0.598003 0.000000 0.801494 0.800000 0.800000 0.800000
3946.085938 0.000000 2709.116455 0.000000 0.977740 0.000000 -0.209819 0.800000 0.800000 0.800000
3949.843994 0.000000 2703.225098 0.000000 0.187264 0.000000 0.982310 0.800000 0.800000 0.800000
3946.488281 0.000000 2705.351807 0.000000 0.152702 0.000000 0.988272 0.800000 0.800000 0.800000
3945.716309 0.000000 2688.087891 0.000000 0.381545 0.000000 -0.924350 0.800000 0.800000 0.800000
3947.844971 0.000000 2708.453125 0.000000 0.281317 0.000000 0.959615 0.800000 0.800000 0.800000
3942.976562 0.000000 2709.799316 0.000000 0.106197 0.000000 -0.994345 0.800000 0.800000 0.800000
3945.841797 0.000000 2696.814941 0.000000 0.941656 0.000000 -0.336578 0.834966 0.834966 0.834966
3942.800293 0.000000 2695.549316 0.000000 0.997471 0.000000 -0.071079 0.800000 0.800000 0.800000
3936.088867 0.000000 2698.001709 0.000000 0.917681 0.000000 -0.397318 0.800000 0.800000 0.800000
3937.769531 0.000000 2701.905029 0.000000 0.584404 0.000000 -0.811463 0.800000 0.800000 0.800000
3941.084229 0.000000 2706.439941 0.000000 0.840999 0.000000 0.541037 0.800000 0.800000 0.800000
3939.133057 0.000000 2712.600098 0.000000 0.119536 0.000000 0.992830 0.800000 0.800000 0.800000
3944.953857 0.000000 2702.368164 0.000000 0.687426 0.000000 -0.726255 0.800000 0.800000 0.800000
3951.282471 0.000000 2690.583008 0.000000 0.547702 0.000000 -0.836673 0.800000 0.800000 0.800000
3948.396240 0.000000 2705.099121 0.000000 0.997741 0.000000 -0.067172 0.800000 0.800000 0.800000
3942.037354 0.000000 2713.124512 0.000000 1.000000 0.000000 -0.000300 0.800000 0.800000 0.800000
3936.695801 0.000000 2704.138916 0.000000 0.381428 0.000000 -0.924399 0.800000 0.800000 0.800000
3951.555908 0.000000 2704.201416 0.000000 0.688406 0.000000 -0.725325 0.800000 0.800000 0.800000
3948.095947 0.000000 2694.644043 0.000000 0.688654 0.000000 -0.725090 0.800000 0.800000 0.800000
3947.788818 0.000000 2700.624512 0.000000 0.988511 0.000000 0.151151 0.800000 0.800000 0.800000
3943.845459 0.000000 2692.212891 0.000000 0.027501 0.000000 -0.999622 0.800000 0.800000 0.800000
3946.373047 0.000000 2693.573242 0.000000 0.557419 0.000000 0.830231 0.800000 0.800000 0.800000
3947.394531 0.000000 2702.168945 0.000000 0.578762 0.000000 -0.815497 0.897132 0.897132 0.897132
3940.715332 0.000000 2709.678467 0.000000 0.149656 0.000000 -0.988738 0.800000 0.800000 0.800000
3948.598633 0.000000 2691.608154 0.000000 0.867248 0.000000 -0.497877 0.800000 0.800000 0.800000
3949.304199 0.000000 2700.070801 0.000000 0.987424 0.000000 -0.158092 0.800000 0.800000 0.800000
3946.048584 0.000000 2703.299316 0.000000 0.669340 0.000000 -0.742957 0.885305 0.885305 0.885305
3943.705078 0.000000 2689.487549 0.000000 0.574128 0.000000 -0.818765 0.800000 0.800000 0.800000
3942.658447 0.000000 2707.520996 0.000000 0.073188 0.000000 -0.997318 0.800000 0.800000 0.800000
3947.054443 0.000000 2698.131104 0.000000 0.303314 0.000000 0.952891 0.800000 0.800000 0.800000
3949.906738 0.000000 2707.101074 0.000000 0.872257 0.000000 -0.489047 0.800000 0.800000 0.800000
3940.275879 0.000000 2707.835449 0.000000 0.921280 0.000000 -0.388900 0.800000 0.800000 0.800000
3944.767090 0.000000 2700.968506 0.000000 0.798135 0.000000 -0.602479 0.800000 0.800000 0.800000
3946.887939 0.000000 2699.594727 0.000000 0.992292 0.000000 0.123918 0.800000 0.800000 0.800000
3946.451660 0.000000 2710.542480 0.000000 0.297646 0.000000 -0.954676 0.800000 0.800000 0.800000
3937.859131 0.000000 2703.321289 0.000000 0.181936 0.000000 -0.983310 0.800000 0.800000 0.800000
3936.576172 0.000000 2701.288574 0.000000 0.872096 0.000000 -0.489335 0.800000 0.800000 0.800000
3941.890869 0.000000 2704.854004 0.000000 0.682263 0.000000 -0.731107 0.800000 0.800000 0.800000
3946.851074 0.000000 2714.534668 0.000000 0.371564 0.000000 -0.928407 0.800000 0.800000 0.800000
3945.021729 0.000000 2695.747803 0.000000 0.989581 0.000000 -0.143978 0.814717 0.814717 0.814717
3941.501953 0.000000 2714.658447 0.000000 0.413425 0.000000 -0.910538 0.800000 0.800000 0.800000
3937.641113 0.000000 2699.508301 0.000000 0.010777 0.000000 0.999942 0.800000 0.800000 0.800000
3938.788086 0.000000 2707.918701 0.000000 0.991792 0.000000 0.127863 0.800000 0.800000 0.800000
3944.317383 0.000000 2690.921875 0.000000 0.996284 0.000000 0.086134 0.800000 0.800000 0.800000
3947.488281 0.000000 2735.720703 0.000000 0.877244 0.000000 0.480045 0.800000 0.800000 0.800000
3963.529053 0.000000 2720.375977 0.000000 0.804224 0.000000 0.594326 0.800000 0.800000 0.800000
3950.161133 0.000000 2740.472412 0.000000 0.959899 0.000000 -0.280348 0.800000 0.800000 0.800000
3948.226807 0.000000 2731.086914 0.000000 0.007111 0.000000 0.999975 0.800000 0.800000 0.800000
3951.626953 0.000000 2734.601074 0.000000 0.128717 0.000000 0.991681 0.800000 0.800000 0.800000
3958.365723 0.000000 2740.740479 0.000000 0.864759 0.000000 -0.502187 0.800000 0.800000 0.800000
3966.169434 0.000000 2723.512451 0.000000 0.951524 0.000000 -0.307575 0.800000 0.800000 0.800000
3954.934326 0.000000 2746.628906 0.000000 0.982219 0.000000 0.187740 0.800000 0.800000 0.800000
3949.525879 0.000000 2727.489746 0.000000 0.528260 0.000000 -0.849083 0.903310 0.903310 0.903310
3950.855713 0.000000 2743.860352 0.000000 0.683883 0.000000 -0.729592 0.800000 0.800000 0.800000
3960.785645 0.000000 2722.484375 0.000000 0.998485 0.000000 0.055020 0.800000 0.800000 0.800000
3950.090576 0.000000 2737.265625 0.000000 0.673833 0.000000 -0.738884 0.800000 0.800000 0.800000
3946.603516 0.000000 2727.180908 0.000000 0.537979 0.000000 0.842958 0.800000 0.800000 0.800000
3966.978760 0.000000 2720.691162 0.000000 0.495911 0.000000 -0.868373 0.800000 0.800000 0.800000
3957.311279 0.000000 2743.662354 0.000000 0.854656 0.000000 -0.519195 0.800000 0.800000 0.800000
3946.196045 0.000000 2733.211670 0.000000 0.815684 0.000000 -0.578498 0.800000 0.800000 0.800000
3963.257080 0.000000 2723.640137 0.000000 0.116341 0.000000 -0.993209 0.800000 0.800000 0.800000
3949.002686 0.000000 2733.574463 0.000000 0.598125 0.000000 -0.801403 0.800000 0.800000 0.800000
3956.021729 0.000000 2739.723633 0.000000 0.833922 0.000000 0.551882 0.800000 0.800000 0.800000
3947.909180 0.000000 2724.884033 0.000000 0.951295 0.000000 -0.308283 0.800000 0.800000 0.800000
3953.028564 0.000000 2736.782715 0.000000 0.506740 0.000000 -0.862099 0.800000 0.800000 0.800000
3961.199219 0.000000 2720.287109 0.000000 0.075426 0.000000 0.997151 0.800000 0.800000 0.800000
3959.361816 0.000000 2742.729492 0.000000 0.703933 0.000000 -0.710267 0.800000 0.800000 0.800000
3947.893311 0.000000 2728.931152 0.000000 0.876041 0.000000 -0.482237 0.800000 0.800000 0.800000
3949.948730 0.000000 2729.685547 0.000000 0.636837 0.000000 -0.770998 0.800000 0.800000 0.800000
3956.409180 0.000000 2741.745361 0.000000 0.990717 0.000000 0.135941 0.800000 0.800000 0.800000
3965.141602 0.000000 2721.673584 0.000000 0.419026 0.000000 -0.907974 0.800000 0.800000 0.800000
3954.363037 0.000000 2748.705566 0.000000 0.305119 0.000000 -0.952314 0.800000 0.800000 0.800000
3951.460938 0.000000 2738.784424 0.000000 0.108906 0.000000 -0.994052 0.800000 0.800000 0.800000
3952.724365 0.000000 2732.526123 0.000000 0.294862 0.000000 0.955540 0.800000 0.800000 0.800000
3955.272949 0.000000 2744.730713 0.000000 0.832710 0.000000 -0.553709 0.800000 0.800000 0.800000
3949.843994 0.000000 2735.225098 0.000000 0.960259 0.000000 0.279111 0.800000 0.800000 0.800000
3959.404053 0.000000 2739.236084 0.000000 0.444460 0.000000 0.895799 0.800000 0.800000 0.800000
3962.506592 0.000000 2721.893066 0.000000 0.996695 0.000000 0.081233 0.800000 0.800000 0.800000
3949.404297 0.000000 2725.707520 0.000000 0.190284 0.000000 0.981729 0.800000 0.800000 0.800000
3965.324219 0.000000 2720.007324 0.000000 0.915054 0.000000 -0.403331 0.800000 0.800000 0.800000
3951.555908 0.000000 2736.201416 0.000000 0.924930 0.000000 0.380137 0.800000 0.800000 0.800000
3957.537109 0.000000 2739.403809 0.000000 0.262587 0.000000 0.964908 0.800000 0.800000 0.800000
3948.095947 0.000000 2726.644043 0.000000 0.708600 0.000000 0.705611 0.720215 0.720215 0.720215
3947.788818 0.000000 2732.624512 0.000000 0.841876 0.000000 0.539672 0.800000 0.800000 0.800000
3957.855957 0.000000 2742.177979 0.000000 0.954896 0.000000 -0.296940 0.800000 0.800000 0.800000
3967.477295 0.000000 2722.709717 0.000000 0.795372 0.000000 -0.606122 0.800000 0.800000 0.800000
3950.538818 0.000000 2733.278564 0.000000 0.459349 0.000000 -0.888256 0.800000 0.800000 0.800000
3946.373047 0.000000 2725.573242 0.000000 0.250648 0.000000 -0.968078 0.800000 0.800000 0.800000
3953.057617 0.000000 2735.137207 0.000000 0.817825 0.000000 0.575468 0.800000 0.800000 0.800000
3951.780273 0.000000 2740.291992 0.000000 0.322971 0.000000 0.946409 0.800000 0.800000 0.800000
3947.394531 0.000000 2734.168945 0.000000 0.834108 0.000000 -0.551602 0.800000 0.800000 0.800000
3964.631104 0.000000 2723.099609 0.000000 0.520577 0.000000 -0.853815 0.800000 0.800000 0.800000
3949.304199 0.000000 2732.070801 0.000000 0.970137 0.000000 0.242559 0.800000 0.800000 0.800000
3951.123291 0.000000 2742.408203 0.000000 0.965471 0.000000 0.260511 0.800000 0.800000 0.800000
3946.048584 0.000000 2735.299316 0.000000 0.853252 0.000000 0.521499 0.800000 0.800000 0.800000
3947.054443 0.000000 2730.131104 0.000000 0.704010 0.000000 -0.710190 0.800000 0.800000 0.800000
3946.887939 0.000000 2731.594727 0.000000 0.523760 0.000000 0.851866 0.800000 0.800000 0.800000
3959.594727 0.000000 2741.220947 0.000000 0.996536 0.000000 -0.083166 0.800000 0.800000 0.800000
3963.851074 0.000000 2721.918701 0.000000 0.147757 0.000000 -0.989024 0.800000 0.800000 0.800000
3961.993164 0.000000 2770.484131 0.000000 0.308403 0.000000 0.951256 0.671934 0.671934 0.671934
3952.959717 0.000000 2762.489014 0.000000 0.999988 0.000000 0.004942 0.800000 0.800000 0.800000
3955.565186 0.000000 2768.439941 0.000000 0.956964 0.000000 0.290207 0.800000 0.800000 0.800000
3950.161133 0.000000 2772.472412 0.000000 0.854459 0.000000 0.519518 0.800000 0.800000 0.800000
3942.732666 0.000000 2769.989014 0.000000 0.689892 0.000000 -0.723912 0.800000 0.800000 0.800000
3966.047119 0.000000 2773.620605 0.000000 0.209369 0.000000 -0.977837 0.800000 0.800000 0.800000
3951.626953 0.000000 2766.601074 0.000000 0.995702 0.000000 0.092617 0.800000 0.800000 0.800000
3956.712891 0.000000 2760.359619 0.000000 0.989942 0.000000 -0.141477 0.814459 0.814459 0.814459
3953.490723 0.000000 2771.378906 0.000000 0.848306 0.000000 0.529506 0.743161 0.743161 0.743161
3950.090576 0.000000 2769.265625 0.000000 0.587798 0.000000 -0.809007 0.895998 0.895998 0.895998
3944.730713 0.000000 2768.014893 0.000000 0.111929 0.000000 -0.993716 0.948575 0.948575 0.948575
3963.325195 0.000000 2772.877686 0.000000 0.573549 0.000000 0.819171 0.702219 0.702219 0.702219
3954.204346 0.000000 2766.129150 0.000000 0.894618 0.000000 -0.446832 0.800000 0.800000 0.800000
3950.793945 0.000000 2763.786133 0.000000 0.493625 0.000000 0.869675 0.692585 0.692585 0.692585
3952.394531 0.000000 2773.639893 0.000000 0.997011 0.000000 -0.077266 0.800000 0.800000 0.800000
3942.121094 0.000000 2767.535889 0.000000 0.999652 0.000000 -0.026362 0.800000 0.800000 0.800000
3953.028564 0.000000 2768.782715 0.000000 0.899188 0.000000 0.437562 0.753869 0.753869 0.753869
3951.752686 0.000000 2760.400391 0.000000 0.956396 0.000000 0.292072 0.800000 0.800000 0.800000
3960.868164 0.000000 2772.541504 0.000000 0.893022 0.000000 -0.450014 0.847546 0.847546 0.847546
3954.343750 0.000000 2760.453613 0.000000 0.527851 0.000000 0.849337 0.696641 0.696641 0.696641
3951.460938 0.000000 2770.784424 0.000000 0.999667 0.000000 0.025805 0.800000 0.800000 0.800000
3944.741455 0.000000 2770.063965 0.000000 0.481861 0.000000 -0.876248 0.908788 0.908788 0.908788
3949.843994 0.000000 2767.225098 0.000000 0.203346 0.000000 -0.979107 0.800000 0.800000 0.800000
3944.953857 0.000000 2766.368164 0.000000 0.314709 0.000000 0.949188 0.800000 0.800000 0.800000
3948.396240 0.000000 2769.099121 0.000000 0.931600 0.000000 0.363486 0.800000 0.800000 0.800000
3955.645996 0.000000 2766.815430 0.000000 0.967713 0.000000 0.252055 0.800000 0.800000 0.800000
3951.555908 0.000000 2768.201416 0.000000 0.164832 0.000000 0.986322 0.656867 0.656867 0.656867
3943.280029 0.000000 2768.535889 0.000000 0.929621 0.000000 0.368518 0.800000 0.800000 0.800000
3951.504639 0.000000 2761.930908 0.000000 0.190414 0.000000 0.981704 0.800000 0.800000 0.800000
3943.472168 0.000000 2766.815430 0.000000 0.620549 0.000000 -0.784168 0.800000 0.800000 0.800000
3953.057617 0.000000 2767.137207 0.000000 0.846231 0.000000 -0.532817 0.857237 0.857237 0.857237
3951.780273 0.000000 2772.291992 0.000000 0.859239 0.000000 0.511575 0.800000 0.800000 0.800000
3967.543701 0.000000 2773.486084 0.000000 0.955277 0.000000 -0.295712 0.800000 0.800000 0.800000
3954.449463 0.000000 2767.571289 0.000000 0.006912 0.000000 0.999976 0.800000 0.800000 0.800000
3942.658447 0.000000 2771.520996 0.000000 0.620336 0.000000 -0.784336 0.800000 0.800000 0.800000
3952.758057 0.000000 2770.150146 0.000000 0.994437 0.000000 0.105336 0.789251 0.789251 0.789251
3966.243896 0.000000 2772.268799 0.000000 0.944773 0.000000 -0.327725 0.800000 0.800000 0.800000
3962.018066 0.000000 2773.348633 0.000000 0.771936 0.000000 -0.635700 0.870172 0.870172 0.870172
3953.029053 0.000000 2761.145508 0.000000 0.903717 0.000000 -0.428131 0.845065 0.845065 0.845065
3954.159912 0.000000 2761.871094 0.000000 0.220321 0.000000 -0.975428 0.937373 0.937373 0.937373
3960.734375 0.000000 2771.037598 0.000000 0.803209 0.000000 -0.595697 0.865000 0.865000 0.865000
3956.555420 0.000000 2761.725342 0.000000 0.824943 0.000000 0.565215 0.738814 0.738814 0.738814
3957.898438 0.000000 2761.118652 0.000000 0.996384 0.000000 0.084962 0.791335 0.791335 0.791335
3954.315674 0.000000 2768.920898 0.000000 0.594190 0.000000 0.804325 0.800000 0.800000 0.800000
3945.382812 0.000000 2771.967529 0.000000 0.832722 0.000000 0.553691 0.740230 0.740230 0.740230
3955.451416 0.000000 2761.102539 0.000000 0.443622 0.000000 -0.896214 0.913182 0.913182 0.913182
3951.664307 0.000000 2769.519531 0.000000 0.996058 0.000000 0.088703 0.790953 0.790953 0.790953
3945.469238 0.000000 2768.868164 0.000000 0.754308 0.000000 0.656520 0.727049 0.727049 0.727049
3950.422852 0.000000 2768.188477 0.000000 0.801444 0.000000 0.598071 0.734699 0.734699 0.734699
3963.844238 0.000000 2772.026611 0.000000 0.997408 0.000000 0.071958 0.792664 0.792664 0.792664
3953.665039 0.000000 2768.104492 0.000000 0.454403 0.000000 -0.890796 0.911953 0.911953 0.911953
3950.983887 0.000000 2768.921387 0.000000 0.671545 0.000000 0.740964 0.714998 0.714998 0.714998
3933.500732 0.000000 2797.729248 0.000000 0.994307 0.000000 -0.106550 0.800000 0.800000 0.800000
3926.989014 0.000000 2809.962891 0.000000 0.662938 0.000000 0.748675 0.713821 0.713821 0.713821
3934.047119 0.000000 2805.620605 0.000000 0.655243 0.000000 0.755418 0.712779 0.712779 0.712779
3917.705078 0.000000 2815.897949 0.000000 0.390120 0.000000 -0.920764 0.800000 0.800000 0.800000
3929.660400 0.000000 2807.058350 0.000000 0.628370 0.000000 -0.777915 0.800000 0.800000 0.800000
3930.269043 0.000000 2797.509033 0.000000 0.410857 0.000000 0.911700 0.800000 0.800000 0.800000
3920.670654 0.000000 2813.914551 0.000000 0.637866 0.000000 -0.770148 0.800000 0.800000 0.800000
3929.621094 0.000000 2811.281982 0.000000 0.977134 0.000000 0.212626 0.800000 0.800000 0.800000
3930.951904 0.000000 2792.046631 0.000000 0.973028 0.000000 -0.230686 0.823711 0.823711 0.823711
3930.233643 0.000000 2799.915039 0.000000 0.589114 0.000000 0.808050 0.800000 0.800000 0.800000
3927.361816 0.000000 2806.729492 0.000000 0.566530 0.000000 -0.824041 0.898651 0.898651 0.898651
3930.333252 0.000000 2809.201416 0.000000 0.867196 0.000000 0.497967 0.800000 0.800000 0.800000
3929.841064 0.000000 2793.852051 0.000000 0.996055 0.000000 -0.088736 0.809051 0.809051 0.809051
3918.667480 0.000000 2814.092285 0.000000 0.999104 0.000000 0.042322 0.795688 0.795688 0.795688
3931.876221 0.000000 2798.799561 0.000000 0.480793 0.000000 -0.876834 0.800000 0.800000 0.800000
3928.397705 0.000000 2808.639404 0.000000 0.713671 0.000000 0.700481 0.720950 0.720950 0.720950
3932.031006 0.000000 2796.534424 0.000000 0.140867 0.000000 0.990029 0.800000 0.800000 0.800000
3920.211670 0.000000 2815.600098 0.000000 0.637525 0.000000 -0.770430 0.800000 0.800000 0.800000
3928.017334 0.000000 2811.195312 0.000000 0.796059 0.000000 0.605220 0.800000 0.800000 0.800000
3926.795654 0.000000 2808.256104 0.000000 0.950851 0.000000 -0.309648 0.832068 0.832068 0.832068
3919.517822 0.000000 2812.790771 0.000000 0.352612 0.000000 -0.935769 0.800000 0.800000 0.800000
3917.214600 0.000000 2814.393555 0.000000 0.635825 0.000000 0.771833 0.800000 0.800000 0.800000
3929.089355 0.000000 2809.942871 0.000000 0.475253 0.000000 -0.879849 0.909554 0.909554 0.909554
3935.543701 0.000000 2805.486084 0.000000 0.455027 0.000000 0.890478 0.688119 0.688119 0.688119
3928.614990 0.000000 2806.049561 0.000000 0.139359 0.000000 -0.990242 0.800000 0.800000 0.800000
3928.550537 0.000000 2793.297119 0.000000 0.244241 0.000000 0.969715 0.665132 0.665132 0.665132
3933.190186 0.000000 2799.343750 0.000000 0.631898 0.000000 -0.775052 0.890328 0.890328 0.890328
3934.243896 0.000000 2804.268799 0.000000 0.945818 0.000000 0.324698 0.766316 0.766316 0.766316
3918.283936 0.000000 2812.206055 0.000000 0.946742 0.000000 -0.321992 0.800000 0.800000 0.800000
3931.307861 0.000000 2793.406738 0.000000 0.228997 0.000000 0.973427 0.663534 0.663534 0.663534
3918.965332 0.000000 2815.367188 0.000000 0.152344 0.000000 -0.988328 0.944422 0.944422 0.944422
3926.069824 0.000000 2809.200928 0.000000 0.168339 0.000000 -0.985729 0.942771 0.942771 0.942771
3929.687988 0.000000 2808.236572 0.000000 0.899854 0.000000 -0.436191 0.845975 0.845975 0.845975
3919.706787 0.000000 2814.516602 0.000000 0.626581 0.000000 0.779357 0.708975 0.708975 0.708975
3926.301270 0.000000 2807.188965 0.000000 0.889485 0.000000 0.456964 0.751660 0.751660 0.751660
3928.058838 0.000000 2809.672607 0.000000 0.978632 0.000000 -0.205618 0.821095 0.821095 0.821095
3931.927979 0.000000 2792.337891 0.000000 0.910809 0.000000 -0.412827 0.843347 0.843347 0.843347
3918.014404 0.000000 2814.952393 0.000000 0.763575 0.000000 -0.645720 0.871502 0.871502 0.871502
3927.690674 0.000000 2808.041016 0.000000 0.020544 0.000000 -0.999789 0.957907 0.957907 0.957907
3927.312012 0.000000 2809.104736 0.000000 0.542582 0.000000 0.840003 0.698417 0.698417 0.698417
3946.484375 0.000000 2813.530273 0.000000 0.127922 0.000000 -0.991784 0.946934 0.946934 0.946934
3936.987305 0.000000 2805.511475 0.000000 0.884347 0.000000 0.466830 0.750527 0.750527 0.750527
3955.844971 0.000000 2814.519531 0.000000 0.121110 0.000000 0.992639 0.800000 0.800000 0.800000
3939.295410 0.000000 2798.797363 0.000000 0.320124 0.000000 -0.947375 0.800000 0.800000 0.800000
3947.641357 0.000000 2809.407471 0.000000 0.283477 0.000000 -0.958979 0.800000 0.800000 0.800000
3940.715332 0.000000 2807.164795 0.000000 0.900775 0.000000 0.434285 0.800000 0.800000 0.800000
3936.194824 0.000000 2801.812500 0.000000 0.998794 0.000000 0.049105 0.800000 0.800000 0.800000
3937.410156 0.000000 2808.737793 0.000000 0.929519 0.000000 -0.368775 0.800000 0.800000 0.800000
3936.165039 0.000000 2798.609863 0.000000 0.951283 0.000000 0.308320 0.800000 0.800000 0.800000
3949.086914 0.000000 2812.827637 0.000000 0.989509 0.000000 0.144473 0.785232 0.785232 0.785232
3945.594971 0.000000 2810.996582 0.000000 0.863916 0.000000 0.503637 0.800000 0.800000 0.800000
3940.546387 0.000000 2809.718994 0.000000 0.345342 0.000000 0.938477 0.675916 0.675916 0.675916
3944.606934 0.000000 2808.800537 0.000000 0.997182 0.000000 0.075016 0.800000 0.800000 0.800000
3939.307861 0.000000 2805.141846 0.000000 0.356254 0.000000 -0.934389 0.800000 0.800000 0.800000
3938.279297 0.000000 2800.670898 0.000000 0.807948 0.000000 -0.589253 0.800000 0.800000 0.800000
3949.744873 0.000000 2809.721191 0.000000 0.234403 0.000000 -0.972139 0.800000 0.800000 0.800000
3947.431396 0.000000 2811.744873 0.000000 0.957119 0.000000 0.289694 0.770063 0.770063 0.770063
3938.549805 0.000000 2806.988525 0.000000 0.980602 0.000000 0.196011 0.779904 0.779904 0.779904
3954.084961 0.000000 2815.367432 0.000000 0.989841 0.000000 -0.142179 0.800000 0.800000 0.800000
3957.621826 0.000000 2815.278564 0.000000 0.953050 0.000000 -0.302814 0.800000 0.800000 0.800000
3936.013672 0.000000 2807.041748 0.000000 0.963660 0.000000 0.267132 0.772456 0.772456 0.772456
3952.211670 0.000000 2815.600098 0.000000 0.806344 0.000000 -0.591447 0.800000 0.800000 0.800000
3939.133057 0.000000 2808.600098 0.000000 0.894661 0.000000 -0.446746 0.847174 0.847174 0.847174
3936.695801 0.000000 2800.138916 0.000000 0.999996 0.000000 -0.002889 0.800000 0.800000 0.800000
3949.343018 0.000000 2811.266113 0.000000 0.156074 0.000000 -0.987745 0.944037 0.944037 0.944037
3936.043213 0.000000 2809.542969 0.000000 0.280422 0.000000 -0.959877 0.800000 0.800000 0.800000
3936.066895 0.000000 2804.123291 0.000000 0.461823 0.000000 -0.886972 0.911103 0.911103 0.911103
3945.941406 0.000000 2809.449951 0.000000 0.593250 0.000000 0.805018 0.800000 0.800000 0.800000
3944.133057 0.000000 2811.540771 0.000000 0.327980 0.000000 -0.944685 0.800000 0.800000 0.800000
3947.887939 0.000000 2813.594971 0.000000 0.109539 0.000000 -0.993982 0.948820 0.948820 0.948820
3937.859131 0.000000 2799.321289 0.000000 0.725720 0.000000 0.687991 0.800000 0.800000 0.800000
3946.851074 0.000000 2810.534668 0.000000 0.987186 0.000000 0.159577 0.783676 0.783676 0.783676
3944.487549 0.000000 2810.216064 0.000000 0.735707 0.000000 -0.677299 0.800000 0.800000 0.800000
3954.573975 0.000000 2814.010986 0.000000 0.599308 0.000000 0.800518 0.800000 0.800000 0.800000
3948.141846 0.000000 2810.657715 0.000000 0.995108 0.000000 -0.098795 0.810080 0.810080 0.810080
3937.274902 0.000000 2807.327637 0.000000 0.915707 0.000000 -0.401848 0.842122 0.842122 0.842122
3940.926514 0.000000 2808.472412 0.000000 0.782589 0.000000 -0.622538 0.868447 0.868447 0.868447
3939.616943 0.000000 2806.389648 0.000000 0.893731 0.000000 0.448603 0.752615 0.752615 0.752615
3946.427002 0.000000 2812.391846 0.000000 0.257785 0.000000 -0.966202 0.933442 0.933442 0.933442
3939.644775 0.000000 2807.593750 0.000000 0.583678 0.000000 -0.811985 0.896516 0.896516 0.896516
3937.929688 0.000000 2806.073242 0.000000 0.879476 0.000000 -0.475942 0.850526 0.850526 0.850526
3938.041748 0.000000 2809.681152 0.000000 0.328472 0.000000 0.944514 0.674091 0.674091 0.674091
3938.121094 0.000000 2807.972900 0.000000 0.952219 0.000000 -0.305416 0.831615 0.831615 0.831615
3937.093750 0.000000 2804.487305 0.000000 0.662666 0.000000 0.748915 0.713784 0.713784 0.713784
3948.471680 0.000000 2811.883057 0.000000 0.861155 0.000000 -0.508343 0.854317 0.854317 0.854317
3936.793945 0.000000 2806.455811 0.000000 0.902589 0.000000 -0.430503 0.845332 0.845332 0.845332
3946.418945 0.000000 2811.409668 0.000000 0.470528 0.000000 0.882385 0.689900 0.689900 0.689900
3948.885986 0.000000 2810.089844 0.000000 0.256291 0.000000 -0.966600 0.933600 0.933600 0.933600
3982.183594 0.000000 2691.834961 0.000000 0.452602 0.000000 -0.891713 0.800000 0.800000 0.800000
3984.959717 0.000000 2698.489014 0.000000 0.988535 0.000000 0.150992 0.800000 0.800000 0.800000
3976.678711 0.000000 2710.482178 0.000000 0.412568 0.000000 0.910927 0.800000 0.800000 0.800000
3989.194092 0.000000 2692.141602 0.000000 0.691459 0.000000 0.722416 0.800000 0.800000 0.800000
3997.500732 0.000000 2701.729248 0.000000 0.553995 0.000000 0.832520 0.800000 0.800000 0.800000
3982.161133 0.000000 2708.472412 0.000000 0.382307 0.000000 0.924035 0.800000 0.800000 0.800000
3980.226807 0.000000 2699.086914 0.000000 0.999822 0.000000 -0.018871 0.800000 0.800000 0.800000
3993.744629 0.000000 2718.195068 0.000000 0.997845 0.000000 0.065619 0.800000 0.800000 0.800000
3983.626953 0.000000 2702.601074 0.000000 0.834865 0.000000 -0.550454 0.800000 0.800000 0.800000
3999.730469 0.000000 2705.468262 0.000000 0.794280 0.000000 -0.607552 0.800000 0.800000 0.800000
3979.641357 0.000000 2713.407471 0.000000 0.119304 0.000000 -0.992858 0.800000 0.800000 0.800000
3990.344727 0.000000 2688.282715 0.000000 0.996065 0.000000 0.088620 0.800000 0.800000 0.800000
3981.525879 0.000000 2695.489746 0.000000 0.818394 0.000000 -0.574657 0.800000 0.800000 0.800000
3979.314209 0.000000 2689.086914 0.000000 0.523117 0.000000 -0.852261 0.800000 0.800000 0.800000
3978.452637 0.000000 2707.263672 0.000000 0.916005 0.000000 -0.401167 0.800000 0.800000 0.800000
3968.324463 0.000000 2718.699219 0.000000 0.640394 0.000000 -0.768046 0.800000 0.800000 0.800000
3982.855713 0.000000 2711.860352 0.000000 0.318289 0.000000 -0.947994 0.800000 0.800000 0.800000
3996.629150 0.000000 2704.770752 0.000000 0.692213 0.000000 -0.721693 0.800000 0.800000 0.800000
3979.811035 0.000000 2710.370850 0.000000 0.898055 0.000000 0.439884 0.800000 0.800000 0.800000
3983.014160 0.000000 2688.879883 0.000000 0.083983 0.000000 -0.996467 0.800000 0.800000 0.800000
3978.196045 0.000000 2701.211670 0.000000 0.556710 0.000000 -0.830707 0.800000 0.800000 0.800000
3981.086914 0.000000 2716.827637 0.000000 0.559791 0.000000 0.828634 0.800000 0.800000 0.800000
3981.002686 0.000000 2701.574463 0.000000 0.823942 0.000000 0.566675 0.800000 0.800000 0.800000
3988.116211 0.000000 2689.561279 0.000000 0.141522 0.000000 -0.989935 0.800000 0.800000 0.800000
3997.387451 0.000000 2707.185791 0.000000 0.999999 0.000000 -0.001099 0.800000 0.800000 0.800000
3982.793945 0.000000 2699.786133 0.000000 0.305391 0.000000 -0.952227 0.800000 0.800000 0.800000
3970.792969 0.000000 2718.279297 0.000000 0.974214 0.000000 0.225627 0.800000 0.800000 0.800000
3976.098877 0.000000 2708.056641 0.000000 0.656241 0.000000 -0.754552 0.800000 0.800000 0.800000
3983.752686 0.000000 2696.400391 0.000000 0.863786 0.000000 0.503860 0.800000 0.800000 0.800000
3991.577393 0.000000 2719.219971 0.000000 0.794790 0.000000 0.606885 0.800000 0.800000 0.800000
3996.752441 0.000000 2719.208008 0.000000 0.975898 0.000000 0.218228 0.800000 0.800000 0.800000
3991.553223 0.000000 2692.525635 0.000000 0.197875 0.000000 -0.980227 0.800000 0.800000 0.800000
3998.534180 0.000000 2703.646729 0.000000 0.955488 0.000000 0.295029 0.800000 0.800000 0.800000
3980.557617 0.000000 2706.748535 0.000000 0.002655 0.000000 0.999996 0.800000 0.800000 0.800000
3983.149414 0.000000 2694.040283 0.000000 0.193345 0.000000 0.981131 0.800000 0.800000 0.800000
3999.541992 0.000000 2707.808350 0.000000 0.991007 0.000000 -0.133807 0.800000 0.800000 0.800000
3981.744873 0.000000 2713.721191 0.000000 0.955287 0.000000 0.295682 0.800000 0.800000 0.800000
3990.643799 0.000000 2690.654785 0.000000 0.593822 0.000000 0.804597 0.800000 0.800000 0.800000
3999.150879 0.000000 2700.339600 0.000000 0.999334 0.000000 -0.036492 0.800000 0.800000 0.800000
3983.460938 0.000000 2706.784424 0.000000 0.772327 0.000000 -0.635225 0.800000 0.800000 0.800000
3981.063965 0.000000 2690.168945 0.000000 0.950965 0.000000 0.309298 0.800000 0.800000 0.800000
3979.431396 0.000000 2715.744873 0.000000 0.530152 0.000000 0.847902 0.800000 0.800000 0.800000
3979.022461 0.000000 2691.128906 0.000000 0.501884 0.000000 -0.864935 0.800000 0.800000 0.800000
3981.092285 0.000000 2688.144287 0.000000 0.953208 0.000000 -0.302316 0.800000 0.800000 0.800000
3976.741455 0.000000 2706.063965 0.000000 0.208161 0.000000 -0.978095 0.800000 0.800000 0.800000
3978.366943 0.000000 2711.943359 0.000000 0.998243 0.000000 -0.059257 0.800000 0.800000 0.800000
3980.931152 0.000000 2711.958496 0.000000 0.499256 0.000000 -0.866455 0.800000 0.800000 0.800000
3978.085938 0.000000 2709.116455 0.000000 0.226610 0.000000 -0.973986 0.936715 0.936715 0.936715
3996.031006 0.000000 2700.534424 0.000000 0.235897 0.000000 -0.971778 0.800000 0.800000 0.800000
3981.843994 0.000000 2703.225098 0.000000 0.498176 0.000000 0.867076 0.800000 0.800000 0.800000
3978.488281 0.000000 2705.351807 0.000000 0.766210 0.000000 0.642591 0.800000 0.800000 0.800000
3979.844971 0.000000 2708.453125 0.000000 0.946374 0.000000 0.323072 0.766491 0.766491 0.766491
3981.645264 0.000000 2710.219971 0.000000 0.532669 0.000000 -0.846324 0.800000 0.800000 0.800000
3981.404297 0.000000 2693.707520 0.000000 0.774010 0.000000 0.633174 0.800000 0.800000 0.800000
3991.774902 0.000000 2689.188232 0.000000 0.492299 0.000000 -0.870426 0.800000 0.800000 0.800000
3983.282471 0.000000 2690.583008 0.000000 0.990314 0.000000 -0.138848 0.800000 0.800000 0.800000
3980.396240 0.000000 2705.099121 0.000000 0.895581 0.000000 0.444899 0.800000 0.800000 0.800000
3970.411377 0.000000 2719.850586 0.000000 0.944244 0.000000 0.329247 0.800000 0.800000 0.800000
3998.019775 0.000000 2705.631104 0.000000 0.574354 0.000000 -0.818607 0.800000 0.800000 0.800000
3995.452148 0.000000 2718.250244 0.000000 0.386542 0.000000 0.922272 0.800000 0.800000 0.800000
3981.343018 0.000000 2715.266113 0.000000 0.847396 0.000000 0.530962 0.800000 0.800000 0.800000
3980.095947 0.000000 2694.644043 0.000000 0.999267 0.000000 -0.038270 0.800000 0.800000 0.800000
3988.407227 0.000000 2688.043457 0.000000 0.997596 0.000000 0.069299 0.800000 0.800000 0.800000
3999.019531 0.000000 2702.162109 0.000000 0.397488 0.000000 -0.917608 0.800000 0.800000 0.800000
3979.788818 0.000000 2700.624512 0.000000 0.980312 0.000000 0.197453 0.800000 0.800000 0.800000
3983.504639 0.000000 2697.930908 0.000000 0.928594 0.000000 0.371096 0.800000 0.800000 0.800000
3982.538818 0.000000 2701.278564 0.000000 0.354849 0.000000 -0.934924 0.800000 0.800000 0.800000
3983.311279 0.000000 2713.578857 0.000000 0.961105 0.000000 -0.276183 0.800000 0.800000 0.800000
3983.780273 0.000000 2708.291992 0.000000 0.755294 0.000000 -0.655386 0.800000 0.800000 0.800000
3980.598633 0.000000 2691.608154 0.000000 0.817798 0.000000 0.575506 0.800000 0.800000 0.800000
3989.584717 0.000000 2689.576416 0.000000 0.499335 0.000000 0.866409 0.800000 0.800000 0.800000
3981.304199 0.000000 2700.070801 0.000000 0.622681 0.000000 0.782476 0.800000 0.800000 0.800000
3983.123291 0.000000 2710.408203 0.000000 0.994293 0.000000 -0.106681 0.800000 0.800000 0.800000
3988.843018 0.000000 2690.792236 0.000000 0.514529 0.000000 -0.857473 0.800000 0.800000 0.800000
3979.054443 0.000000 2698.131104 0.000000 0.949225 0.000000 0.314598 0.800000 0.800000 0.800000
3981.906738 0.000000 2707.101074 0.000000 0.607581 0.000000 -0.794258 0.800000 0.800000 0.800000
3994.415283 0.000000 2719.482666 0.000000 0.995888 0.000000 -0.090588 0.800000 0.800000 0.800000
3997.190186 0.000000 2703.343750 0.000000 0.107342 0.000000 -0.994222 0.800000 0.800000 0.800000
3978.887939 0.000000 2699.594727 0.000000 0.959760 0.000000 0.280821 0.800000 0.800000 0.800000
3978.451660 0.000000 2710.542480 0.000000 0.373223 0.000000 -0.927742 0.800000 0.800000 0.800000
3978.851074 0.000000 2714.534668 0.000000 0.706961 0.000000 -0.707253 0.800000 0.800000 0.800000
3985.029053 0.000000 2697.145508 0.000000 0.306448 0.000000 0.951888 0.800000 0.800000 0.800000
3988.023682 0.000000 2692.805176 0.000000 0.971189 0.000000 0.238310 0.800000 0.800000 0.800000
3998.982178 0.000000 2706.557861 0.000000 0.053669 0.000000 0.998559 0.800000 0.800000 0.800000
3982.892334 0.000000 2695.335938 0.000000 0.999726 0.000000 -0.023395 0.800000 0.800000 0.800000
3989.207520 0.000000 2693.473389 0.000000 0.791615 0.000000 0.611020 0.800000 0.800000 0.800000
3980.141846 0.000000 2714.657715 0.000000 0.120291 0.000000 -0.992739 0.800000 0.800000 0.800000
3996.605469 0.000000 2706.131836 0.000000 0.128647 0.000000 0.991691 0.800000 0.800000 0.800000
4028.322754 0.000000 2714.183594 0.000000 0.826009 0.000000 -0.563657 0.800000 0.800000 0.800000
4000.987305 0.000000 2709.511475 0.000000 0.106954 0.000000 -0.994264 0.800000 0.800000 0.800000
4025.993164 0.000000 2706.484131 0.000000 0.763460 0.000000 -0.645856 0.800000 0.800000 0.800000
4030.047119 0.000000 2709.620605 0.000000 0.524468 0.000000 0.851430 0.800000 0.800000 0.800000
4022.365723 0.000000 2708.740479 0.000000 0.442472 0.000000 -0.896782 0.800000 0.800000 0.800000
4030.857666 0.000000 2718.204834 0.000000 0.765881 0.000000 -0.642982 0.800000 0.800000 0.800000
4013.705078 0.000000 2719.897949 0.000000 0.810724 0.000000 -0.585429 0.800000 0.800000 0.800000
4000.194824 0.000000 2705.812500 0.000000 0.155623 0.000000 0.987816 0.800000 0.800000 0.800000
4031.983887 0.000000 2713.194336 0.000000 0.709099 0.000000 -0.705109 0.800000 0.800000 0.800000
4003.427246 0.000000 2706.665771 0.000000 0.607056 0.000000 -0.794659 0.800000 0.800000 0.800000
4028.365479 0.000000 2716.956299 0.000000 0.107459 0.000000 -0.994210 0.800000 0.800000 0.800000
4022.093262 0.000000 2705.928223 0.000000 0.238346 0.000000 0.971180 0.800000 0.800000 0.800000
4027.325195 0.000000 2708.877686 0.000000 0.057787 0.000000 -0.998329 0.800000 0.800000 0.800000
4030.908203 0.000000 2715.572510 0.000000 0.662886 0.000000 -0.748720 0.800000 0.800000 0.800000
4020.021729 0.000000 2707.723633 0.000000 0.692681 0.000000 0.721244 0.800000 0.800000 0.800000
4007.940430 0.000000 2717.032715 0.000000 0.978094 0.000000 -0.208165 0.800000 0.800000 0.800000
4028.129639 0.000000 2711.536133 0.000000 0.853409 0.000000 0.521241 0.800000 0.800000 0.800000
4024.868164 0.000000 2708.541504 0.000000 0.679583 0.000000 -0.733599 0.800000 0.800000 0.800000
4003.307861 0.000000 2709.141846 0.000000 0.572461 0.000000 0.819932 0.800000 0.800000 0.800000
4008.943359 0.000000 2719.228271 0.000000 0.818457 0.000000 0.574568 0.800000 0.800000 0.800000
4026.333252 0.000000 2713.201416 0.000000 0.653480 0.000000 0.756944 0.800000 0.800000 0.800000
4002.279297 0.000000 2704.670898 0.000000 0.699997 0.000000 0.714146 0.800000 0.800000 0.800000
4030.097168 0.000000 2712.304688 0.000000 0.199114 0.000000 -0.979976 0.800000 0.800000 0.800000
4020.409180 0.000000 2709.745361 0.000000 0.995847 0.000000 0.091039 0.800000 0.800000 0.800000
4001.485352 0.000000 2707.493896 0.000000 0.530774 0.000000 -0.847513 0.800000 0.800000 0.800000
4024.093506 0.000000 2705.496338 0.000000 0.475889 0.000000 -0.879505 0.800000 0.800000 0.800000
4011.904785 0.000000 2719.021973 0.000000 0.750629 0.000000 0.660724 0.800000 0.800000 0.800000
4031.840820 0.000000 2711.206055 0.000000 0.745344 0.000000 -0.666680 0.800000 0.800000 0.800000
4023.404053 0.000000 2707.236084 0.000000 0.902532 0.000000 0.430623 0.754654 0.754654 0.754654
4007.091309 0.000000 2719.415527 0.000000 0.952605 0.000000 0.304209 0.800000 0.800000 0.800000
4027.681152 0.000000 2707.062500 0.000000 0.076021 0.000000 -0.997106 0.800000 0.800000 0.800000
4030.001221 0.000000 2714.108643 0.000000 0.069557 0.000000 0.997578 0.800000 0.800000 0.800000
4026.643311 0.000000 2716.721924 0.000000 0.946778 0.000000 -0.321888 0.800000 0.800000 0.800000
4022.055908 0.000000 2704.229248 0.000000 0.876121 0.000000 -0.482092 0.800000 0.800000 0.800000
4029.208496 0.000000 2715.582031 0.000000 0.359630 0.000000 0.933095 0.800000 0.800000 0.800000
4000.695801 0.000000 2704.138916 0.000000 0.871339 0.000000 -0.490681 0.800000 0.800000 0.800000
4020.500488 0.000000 2705.786865 0.000000 0.941544 0.000000 -0.336889 0.800000 0.800000 0.800000
4028.509521 0.000000 2709.961182 0.000000 0.088293 0.000000 0.996095 0.800000 0.800000 0.800000
4021.537109 0.000000 2707.403809 0.000000 0.845478 0.000000 -0.534010 0.800000 0.800000 0.800000
4006.683350 0.000000 2716.139160 0.000000 0.717832 0.000000 -0.696217 0.800000 0.800000 0.800000
4027.168213 0.000000 2715.249268 0.000000 0.926404 0.000000 -0.376531 0.800000 0.800000 0.800000
4029.937012 0.000000 2716.963867 0.000000 0.901950 0.000000 0.431840 0.800000 0.800000 0.800000
4000.066895 0.000000 2708.123291 0.000000 0.379801 0.000000 -0.925068 0.800000 0.800000 0.800000
4024.767090 0.000000 2704.208496 0.000000 0.938572 0.000000 -0.345084 0.800000 0.800000 0.800000
4026.967529 0.000000 2710.413818 0.000000 0.007383 0.000000 0.999973 0.800000 0.800000 0.800000
4001.652100 0.000000 2706.049805 0.000000 0.983319 0.000000 -0.181890 0.800000 0.800000 0.800000
4009.299805 0.000000 2716.437500 0.000000 0.987316 0.000000 -0.158765 0.800000 0.800000 0.800000
4013.214600 0.000000 2718.393555 0.000000 0.248678 0.000000 0.968586 0.800000 0.800000 0.800000
4028.750977 0.000000 2708.538330 0.000000 0.969479 0.000000 -0.245176 0.800000 0.800000 0.800000
4031.543701 0.000000 2709.486084 0.000000 0.463915 0.000000 -0.885880 0.800000 0.800000 0.800000
4031.886230 0.000000 2717.193604 0.000000 0.634604 0.000000 0.772837 0.800000 0.800000 0.800000
4026.395996 0.000000 2707.837158 0.000000 0.407140 0.000000 0.913366 0.800000 0.800000 0.800000
4028.811523 0.000000 2712.857422 0.000000 0.282862 0.000000 -0.959161 0.800000 0.800000 0.800000
4030.486572 0.000000 2710.969482 0.000000 0.833286 0.000000 -0.552842 0.800000 0.800000 0.800000
4009.160400 0.000000 2717.869141 0.000000 0.999675 0.000000 0.025494 0.800000 0.800000 0.800000
4010.385498 0.000000 2718.940186 0.000000 0.996568 0.000000 -0.082773 0.800000 0.800000 0.800000
4030.243896 0.000000 2708.268799 0.000000 0.998777 0.000000 -0.049449 0.800000 0.800000 0.800000
4026.018066 0.000000 2709.348633 0.000000 0.981591 0.000000 0.190994 0.800000 0.800000 0.800000
4024.734375 0.000000 2707.037598 0.000000 0.109459 0.000000 0.993991 0.800000 0.800000 0.800000
4006.909180 0.000000 2717.996338 0.000000 0.992056 0.000000 0.125799 0.800000 0.800000 0.800000
4023.594727 0.000000 2709.220947 0.000000 0.982158 0.000000 0.188059 0.800000 0.800000 0.800000
4025.734863 0.000000 2705.158447 0.000000 0.989770 0.000000 -0.142671 0.800000 0.800000 0.800000
4002.788086 0.000000 2707.918701 0.000000 0.332819 0.000000 0.942991 0.800000 0.800000 0.800000
4026.864990 0.000000 2711.992188 0.000000 0.408466 0.000000 0.912773 0.800000 0.800000 0.800000
3995.529053 0.000000 2720.375977 0.000000 0.033631 0.000000 0.999434 0.800000 0.800000 0.800000
3997.641113 0.000000 2727.481201 0.000000 0.314593 0.000000 -0.949227 0.800000 0.800000 0.800000
3972.372803 0.000000 2723.959717 0.000000 0.776821 0.000000 0.629721 0.800000 0.800000 0.800000
3968.582275 0.000000 2720.014404 0.000000 0.865419 0.000000 -0.501049 0.800000 0.800000 0.800000
3990.344727 0.000000 2720.282715 0.000000 0.196412 0.000000 -0.980522 0.800000 0.800000 0.800000
3998.169434 0.000000 2723.512451 0.000000 0.389314 0.000000 -0.921105 0.800000 0.800000 0.800000
3968.374512 0.000000 2731.903809 0.000000 0.074032 0.000000 0.997256 0.800000 0.800000 0.800000
3968.254150 0.000000 2724.108398 0.000000 0.604314 0.000000 -0.796746 0.800000 0.800000 0.800000
3971.864258 0.000000 2720.624512 0.000000 0.941572 0.000000 -0.336811 0.800000 0.800000 0.800000
3992.785645 0.000000 2722.484375 0.000000 0.881819 0.000000 -0.471587 0.800000 0.800000 0.800000
3998.978760 0.000000 2720.691162 0.000000 0.641717 0.000000 -0.766941 0.800000 0.800000 0.800000
3995.257080 0.000000 2723.640137 0.000000 0.501934 0.000000 0.864906 0.800000 0.800000 0.800000
3968.165039 0.000000 2734.609863 0.000000 0.541368 0.000000 0.840786 0.800000 0.800000 0.800000
3970.424805 0.000000 2725.752441 0.000000 0.326059 0.000000 0.945349 0.800000 0.800000 0.800000
3969.910156 0.000000 2722.213623 0.000000 0.662201 0.000000 0.749327 0.800000 0.800000 0.800000
3969.856201 0.000000 2730.018311 0.000000 0.617420 0.000000 0.786634 0.800000 0.800000 0.800000
3996.065918 0.000000 2725.843994 0.000000 0.856644 0.000000 -0.515908 0.800000 0.800000 0.800000
3999.286865 0.000000 2725.688477 0.000000 0.826852 0.000000 -0.562419 0.800000 0.800000 0.800000
3993.199219 0.000000 2720.287109 0.000000 0.639629 0.000000 -0.768684 0.889308 0.889308 0.889308
3990.643799 0.000000 2722.654785 0.000000 0.425322 0.000000 -0.905042 0.800000 0.800000 0.800000
3997.141602 0.000000 2721.673584 0.000000 0.962885 0.000000 -0.269910 0.800000 0.800000 0.800000
3973.978027 0.000000 2721.123779 0.000000 0.594985 0.000000 0.803737 0.800000 0.800000 0.800000
3999.358643 0.000000 2728.318359 0.000000 0.216506 0.000000 -0.976281 0.800000 0.800000 0.800000
3968.099609 0.000000 2722.283447 0.000000 0.370849 0.000000 -0.928693 0.800000 0.800000 0.800000
3994.506592 0.000000 2721.893066 0.000000 0.884703 0.000000 0.466155 0.800000 0.800000 0.800000
3969.994385 0.000000 2724.045898 0.000000 0.888851 0.000000 -0.458196 0.800000 0.800000 0.800000
3968.088867 0.000000 2730.001709 0.000000 0.988144 0.000000 0.153529 0.800000 0.800000 0.800000
3972.239014 0.000000 2725.706787 0.000000 0.060362 0.000000 0.998177 0.800000 0.800000 0.800000
3972.650146 0.000000 2722.273438 0.000000 0.244827 0.000000 0.969567 0.800000 0.800000 0.800000
3969.769531 0.000000 2733.905029 0.000000 0.908173 0.000000 0.418595 0.800000 0.800000 0.800000
3997.639893 0.000000 2725.107666 0.000000 0.308578 0.000000 0.951199 0.800000 0.800000 0.800000
3997.324219 0.000000 2720.007324 0.000000 0.559942 0.000000 0.828532 0.800000 0.800000 0.800000
3991.774902 0.000000 2721.188232 0.000000 0.816358 0.000000 -0.577546 0.800000 0.800000 0.800000
3973.989258 0.000000 2724.228760 0.000000 0.414041 0.000000 0.910258 0.800000 0.800000 0.800000
3970.095215 0.000000 2720.526367 0.000000 0.991941 0.000000 -0.126701 0.800000 0.800000 0.800000
3999.477295 0.000000 2722.709717 0.000000 0.861848 0.000000 0.507166 0.800000 0.800000 0.800000
3994.720703 0.000000 2725.085205 0.000000 0.984089 0.000000 0.177673 0.800000 0.800000 0.800000
3971.146240 0.000000 2723.160889 0.000000 0.281092 0.000000 0.959681 0.800000 0.800000 0.800000
3994.654541 0.000000 2726.568604 0.000000 0.821091 0.000000 0.570797 0.800000 0.800000 0.800000
3996.631104 0.000000 2723.099609 0.000000 0.878237 0.000000 0.478226 0.800000 0.800000 0.800000
3996.213379 0.000000 2727.288330 0.000000 0.536994 0.000000 0.843586 0.800000 0.800000 0.800000
3969.121582 0.000000 2725.165771 0.000000 0.770273 0.000000 -0.637715 0.800000 0.800000 0.800000
3969.859131 0.000000 2735.321289 0.000000 0.771136 0.000000 0.636670 0.800000 0.800000 0.800000
3998.947021 0.000000 2727.013428 0.000000 0.741115 0.000000 -0.671378 0.800000 0.800000 0.800000
3968.576172 0.000000 2733.288574 0.000000 0.582894 0.000000 0.812548 0.800000 0.800000 0.800000
3996.323486 0.000000 2724.493408 0.000000 0.144974 0.000000 -0.989436 0.800000 0.800000 0.800000
3971.266113 0.000000 2724.687256 0.000000 0.870138 0.000000 0.492808 0.800000 0.800000 0.800000
3995.851074 0.000000 2721.918701 0.000000 0.419133 0.000000 -0.907925 0.800000 0.800000 0.800000
3969.641113 0.000000 2731.508301 0.000000 0.615132 0.000000 -0.788424 0.800000 0.800000 0.800000
3969.005371 0.000000 2721.260254 0.000000 0.915575 0.000000 0.402147 0.800000 0.800000 0.800000
3973.715820 0.000000 2725.962158 0.000000 0.999827 0.000000 -0.018613 0.800000 0.800000 0.800000
3973.088867 0.000000 2720.176758 0.000000 0.228229 0.000000 0.973607 0.800000 0.800000 0.800000
4000.750488 0.000000 2727.931396 0.000000 0.582598 0.000000 -0.812760 0.800000 0.800000 0.800000
4000.254150 0.000000 2724.108398 0.000000 0.357480 0.000000 -0.933921 0.800000 0.800000 0.800000
4011.314209 0.000000 2721.086914 0.000000 0.656797 0.000000 0.754068 0.712988 0.712988 0.712988
4002.424805 0.000000 2725.752441 0.000000 0.962539 0.000000 0.271143 0.800000 0.800000 0.800000
4009.231201 0.000000 2722.016357 0.000000 0.636964 0.000000 0.770893 0.800000 0.800000 0.800000
4013.063965 0.000000 2722.168945 0.000000 0.999577 0.000000 -0.029073 0.800000 0.800000 0.800000
4011.022461 0.000000 2723.128906 0.000000 0.805040 0.000000 -0.593220 0.800000 0.800000 0.800000
4013.092285 0.000000 2720.144287 0.000000 0.061228 0.000000 -0.998124 0.800000 0.800000 0.800000
4000.085205 0.000000 2726.143555 0.000000 0.780934 0.000000 -0.624613 0.800000 0.800000 0.800000
4009.716309 0.000000 2720.087891 0.000000 0.321115 0.000000 -0.947040 0.800000 0.800000 0.800000
4001.994385 0.000000 2724.045898 0.000000 0.381827 0.000000 0.924234 0.800000 0.800000 0.800000
4012.598633 0.000000 2723.608154 0.000000 0.511926 0.000000 0.859029 0.800000 0.800000 0.800000
4001.936035 0.000000 2727.123535 0.000000 0.782020 0.000000 -0.623253 0.800000 0.800000 0.800000
4003.356689 0.000000 2726.773193 0.000000 0.779496 0.000000 0.626407 0.800000 0.800000 0.800000
4001.121582 0.000000 2725.165771 0.000000 0.987362 0.000000 -0.158478 0.800000 0.800000 0.800000
4003.266113 0.000000 2724.687256 0.000000 0.396750 0.000000 -0.917927 0.800000 0.800000 0.800000
4008.317383 0.000000 2722.921875 0.000000 0.205987 0.000000 -0.978555 0.800000 0.800000 0.800000
4032.987305 0.000000 2709.511475 0.000000 0.919176 0.000000 -0.393846 0.800000 0.800000 0.800000
4034.681885 0.000000 2715.806152 0.000000 0.988097 0.000000 0.153830 0.800000 0.800000 0.800000
4037.585693 0.000000 2718.219971 0.000000 0.691580 0.000000 0.722300 0.800000 0.800000 0.800000
4032.324463 0.000000 2718.699219 0.000000 0.937919 0.000000 0.346854 0.800000 0.800000 0.800000
4033.410156 0.000000 2712.737793 0.000000 0.897511 0.000000 -0.440991 0.800000 0.800000 0.800000
4032.136475 0.000000 2715.778564 0.000000 0.821286 0.000000 0.570517 0.800000 0.800000 0.800000
4039.940430 0.000000 2717.032715 0.000000 0.943496 0.000000 0.331385 0.800000 0.800000 0.800000
4034.792969 0.000000 2718.279297 0.000000 0.905035 0.000000 -0.425338 0.800000 0.800000 0.800000
4034.549805 0.000000 2710.988525 0.000000 0.436473 0.000000 -0.899717 0.800000 0.800000 0.800000
4039.091309 0.000000 2719.415527 0.000000 0.196794 0.000000 -0.980445 0.800000 0.800000 0.800000
4032.013672 0.000000 2711.041748 0.000000 0.105887 0.000000 0.994378 0.800000 0.800000 0.800000
4033.307373 0.000000 2717.162842 0.000000 0.773614 0.000000 -0.633657 0.869903 0.869903 0.869903
4033.318115 0.000000 2714.482666 0.000000 0.477517 0.000000 -0.878623 0.800000 0.800000 0.800000
4036.132812 0.000000 2719.408691 0.000000 0.723092 0.000000 0.690751 0.800000 0.800000 0.800000
4035.133057 0.000000 2712.600098 0.000000 0.131305 0.000000 -0.991342 0.800000 0.800000 0.800000
4034.411377 0.000000 2719.850586 0.000000 0.743052 0.000000 -0.669234 0.800000 0.800000 0.800000
4036.206787 0.000000 2717.353027 0.000000 0.166136 0.000000 0.986103 0.800000 0.800000 0.800000
4034.979736 0.000000 2714.207031 0.000000 0.428559 0.000000 0.903514 0.800000 0.800000 0.800000
4038.683350 0.000000 2716.139160 0.000000 0.594473 0.000000 -0.804115 0.800000 0.800000 0.800000
4032.043213 0.000000 2713.542969 0.000000 0.915883 0.000000 -0.401445 0.800000 0.800000 0.800000
4032.066895 0.000000 2708.123291 0.000000 0.510188 0.000000 0.860063 0.800000 0.800000 0.800000
4037.629883 0.000000 2719.727539 0.000000 0.964312 0.000000 0.264769 0.800000 0.800000 0.800000
4035.937988 0.000000 2715.171631 0.000000 0.808182 0.000000 -0.588933 0.800000 0.800000 0.800000
4038.909180 0.000000 2717.996338 0.000000 0.282316 0.000000 -0.959321 0.800000 0.800000 0.800000
4033.274902 0.000000 2711.327637 0.000000 0.144082 0.000000 0.989566 0.800000 0.800000 0.800000
4056.140869 0.000000 2730.975586 0.000000 0.996359 0.000000 -0.085259 0.800000 0.800000 0.800000
4039.825195 0.000000 2720.071533 0.000000 0.886220 0.000000 -0.463265 0.800000 0.800000 0.800000
4052.550293 0.000000 2732.627441 0.000000 0.526585 0.000000 0.850122 0.800000 0.800000 0.800000
4055.549561 0.000000 2735.383057 0.000000 0.446454 0.000000 -0.894807 0.800000 0.800000 0.800000
4049.279785 0.000000 2726.307373 0.000000 0.794745 0.000000 -0.606944 0.800000 0.800000 0.800000
4043.314209 0.000000 2721.086914 0.000000 0.600208 0.000000 -0.799844 0.800000 0.800000 0.800000
4038.954346 0.000000 2722.892090 0.000000 0.528345 0.000000 0.849030 0.800000 0.800000 0.800000
4043.909180 0.000000 2724.884033 0.000000 0.826642 0.000000 -0.562728 0.800000 0.800000 0.800000
4051.775635 0.000000 2726.120361 0.000000 0.276281 0.000000 0.961077 0.800000 0.800000 0.800000
4053.661865 0.000000 2730.533447 0.000000 0.167481 0.000000 -0.985875 0.800000 0.800000 0.800000
4054.856934 0.000000 2733.007080 0.000000 0.205223 0.000000 0.978715 0.800000 0.800000 0.800000
4050.343750 0.000000 2728.453613 0.000000 0.965549 0.000000 -0.260221 0.800000 0.800000 0.800000
4037.978027 0.000000 2721.123779 0.000000 0.088721 0.000000 0.996056 0.800000 0.800000 0.800000
4045.063965 0.000000 2722.168945 0.000000 0.977541 0.000000 -0.210747 0.800000 0.800000 0.800000
4043.022461 0.000000 2723.128906 0.000000 0.402608 0.000000 0.915373 0.800000 0.800000 0.800000
4045.092285 0.000000 2720.144287 0.000000 0.429372 0.000000 0.903128 0.800000 0.800000 0.800000
4048.194092 0.000000 2724.557861 0.000000 0.159460 0.000000 -0.987204 0.800000 0.800000 0.800000
4057.928711 0.000000 2731.692139 0.000000 0.997985 0.000000 0.063458 0.800000 0.800000 0.800000
4056.532715 0.000000 2733.734131 0.000000 0.013877 0.000000 0.999904 0.800000 0.800000 0.800000
4045.404297 0.000000 2725.707520 0.000000 0.972163 0.000000 -0.234304 0.800000 0.800000 0.800000
4050.383789 0.000000 2725.118652 0.000000 0.155667 0.000000 0.987810 0.800000 0.800000 0.800000
4042.373047 0.000000 2725.573242 0.000000 0.989019 0.000000 0.147791 0.800000 0.800000 0.800000
4050.576660 0.000000 2726.986572 0.000000 0.933489 0.000000 -0.358606 0.800000 0.800000 0.800000
4044.598633 0.000000 2723.608154 0.000000 0.753384 0.000000 0.657580 0.800000 0.800000 0.800000
4054.787598 0.000000 2731.523682 0.000000 0.163581 0.000000 -0.986530 0.800000 0.800000 0.800000
4039.705078 0.000000 2721.487549 0.000000 0.786330 0.000000 -0.617807 0.800000 0.800000 0.800000
4049.093750 0.000000 2727.772949 0.000000 0.557270 0.000000 -0.830331 0.800000 0.800000 0.800000
4056.669922 0.000000 2732.330322 0.000000 0.884958 0.000000 -0.465670 0.800000 0.800000 0.800000
4049.029053 0.000000 2729.145508 0.000000 0.022288 0.000000 0.999752 0.800000 0.800000 0.800000
4057.285889 0.000000 2734.891602 0.000000 0.181504 0.000000 -0.983390 0.800000 0.800000 0.800000
4050.159912 0.000000 2729.871094 0.000000 0.990214 0.000000 -0.139554 0.800000 0.800000 0.800000
4054.524414 0.000000 2734.308350 0.000000 0.420217 0.000000 -0.907424 0.800000 0.800000 0.800000
4052.528076 0.000000 2731.285400 0.000000 0.820490 0.000000 0.571661 0.800000 0.800000 0.800000
4037.088867 0.000000 2720.176758 0.000000 0.053816 0.000000 -0.998551 0.800000 0.800000 0.800000
4079.261719 0.000000 2747.264648 0.000000 0.186940 0.000000 0.982371 0.800000 0.800000 0.800000
4089.744629 0.000000 2750.195068 0.000000 0.157044 0.000000 -0.987592 0.800000 0.800000 0.800000
4082.934326 0.000000 2746.628906 0.000000 0.866935 0.000000 -0.498422 0.800000 0.800000 0.800000
4086.640381 0.000000 2749.116699 0.000000 0.970095 0.000000 0.242724 0.800000 0.800000 0.800000
4080.670654 0.000000 2749.914551 0.000000 0.972522 0.000000 -0.232810 0.800000 0.800000 0.800000
4089.621094 0.000000 2747.281982 0.000000 0.966645 0.000000 -0.256121 0.800000 0.800000 0.800000
4077.086914 0.000000 2748.827637 0.000000 0.956534 0.000000 -0.291622 0.800000 0.800000 0.800000
4080.790039 0.000000 2745.376221 0.000000 0.986920 0.000000 0.161214 0.800000 0.800000 0.800000
4084.506104 0.000000 2748.297363 0.000000 0.527204 0.000000 -0.849739 0.800000 0.800000 0.800000
4087.577393 0.000000 2751.219971 0.000000 0.211532 0.000000 0.977371 0.800000 0.800000 0.800000
4077.744873 0.000000 2745.721191 0.000000 0.413689 0.000000 0.910418 0.800000 0.800000 0.800000
4084.888428 0.000000 2745.684082 0.000000 0.990775 0.000000 0.135521 0.800000 0.800000 0.800000
4082.363037 0.000000 2748.705566 0.000000 0.999860 0.000000 0.016704 0.800000 0.800000 0.800000
4083.272949 0.000000 2744.730713 0.000000 0.731759 0.000000 0.681563 0.800000 0.800000 0.800000
4088.537109 0.000000 2748.790039 0.000000 0.474954 0.000000 -0.880011 0.800000 0.800000 0.800000
4081.138184 0.000000 2747.270508 0.000000 0.644779 0.000000 0.764369 0.800000 0.800000 0.800000
4086.019287 0.000000 2747.503418 0.000000 0.943632 0.000000 0.330996 0.800000 0.800000 0.800000
4088.017334 0.000000 2747.195312 0.000000 0.998331 0.000000 0.057757 0.800000 0.800000 0.800000
4077.343018 0.000000 2747.266113 0.000000 0.219617 0.000000 0.975586 0.800000 0.800000 0.800000
4085.174561 0.000000 2749.702393 0.000000 0.637309 0.000000 0.770608 0.800000 0.800000 0.800000
4079.517822 0.000000 2748.790771 0.000000 0.945882 0.000000 -0.324510 0.800000 0.800000 0.800000
4079.311279 0.000000 2745.578857 0.000000 0.136414 0.000000 0.990652 0.800000 0.800000 0.800000
4081.899658 0.000000 2744.325195 0.000000 0.780106 0.000000 0.625648 0.800000 0.800000 0.800000
4084.256348 0.000000 2746.963135 0.000000 0.784565 0.000000 -0.620046 0.868124 0.868124 0.868124
4078.283936 0.000000 2748.206055 0.000000 0.672758 0.000000 0.739863 0.800000 0.800000 0.800000
4087.783447 0.000000 2749.881836 0.000000 0.649303 0.000000 -0.760530 0.800000 0.800000 0.800000
4076.141846 0.000000 2746.657715 0.000000 0.048849 0.000000 0.998806 0.800000 0.800000 0.800000
3968.987305 0.000000 2773.511475 0.000000 0.803482 0.000000 0.595329 0.735047 0.735047 0.735047
3998.857666 0.000000 2782.204834 0.000000 0.981234 0.000000 -0.192818 0.819764 0.819764 0.819764
3981.705078 0.000000 2783.897949 0.000000 0.531187 0.000000 0.847255 0.800000 0.800000 0.800000
3996.752441 0.000000 2783.208008 0.000000 0.554434 0.000000 0.832228 0.699861 0.699861 0.699861
3979.904785 0.000000 2783.021973 0.000000 0.379338 0.000000 -0.925258 0.800000 0.800000 0.800000
3968.013672 0.000000 2775.041748 0.000000 0.922404 0.000000 -0.386226 0.800000 0.800000 0.800000
3995.452148 0.000000 2782.250244 0.000000 0.753429 0.000000 0.657530 0.726912 0.726912 0.726912
3968.066895 0.000000 2772.123291 0.000000 0.869636 0.000000 0.493694 0.747407 0.747407 0.747407
3981.214600 0.000000 2782.393555 0.000000 0.054208 0.000000 0.998530 0.800000 0.800000 0.800000
3994.415283 0.000000 2783.482666 0.000000 0.528011 0.000000 0.849237 0.696660 0.696660 0.696660
3978.385498 0.000000 2782.940186 0.000000 0.963804 0.000000 -0.266612 0.800000 0.800000 0.800000
3969.274902 0.000000 2775.327637 0.000000 0.791289 0.000000 -0.611442 0.800000 0.800000 0.800000
3998.209473 0.000000 2783.337891 0.000000 0.926432 0.000000 -0.376461 0.839315 0.839315 0.839315
3997.574219 0.000000 2782.200928 0.000000 0.965427 0.000000 0.260675 0.773138 0.773138 0.773138
3995.612305 0.000000 2783.450684 0.000000 0.017181 0.000000 0.999852 0.641750 0.641750 0.641750
3969.093750 0.000000 2772.487305 0.000000 0.674803 0.000000 -0.737998 0.884553 0.884553 0.884553
3979.488281 0.000000 2799.720703 0.000000 0.972264 0.000000 -0.233885 0.800000 0.800000 0.800000
3982.183594 0.000000 2787.834961 0.000000 0.903272 0.000000 -0.429067 0.800000 0.800000 0.800000
3995.529053 0.000000 2784.375977 0.000000 0.999524 0.000000 -0.030855 0.800000 0.800000 0.800000
3993.993164 0.000000 2802.484131 0.000000 0.721997 0.000000 -0.691896 0.800000 0.800000 0.800000
3989.194092 0.000000 2788.141602 0.000000 0.181396 0.000000 0.983410 0.658580 0.658580 0.658580
3982.161133 0.000000 2804.472412 0.000000 0.357664 0.000000 0.933850 0.677257 0.677257 0.677257
3998.047119 0.000000 2805.620605 0.000000 0.235145 0.000000 -0.971960 0.800000 0.800000 0.800000
3999.730469 0.000000 2801.468262 0.000000 0.973094 0.000000 -0.230407 0.800000 0.800000 0.800000
3990.365723 0.000000 2804.740479 0.000000 0.369403 0.000000 -0.929269 0.800000 0.800000 0.800000
3993.660400 0.000000 2807.058350 0.000000 0.032440 0.000000 -0.999474 0.800000 0.800000 0.800000
3999.983887 0.000000 2809.194336 0.000000 0.794458 0.000000 -0.607319 0.800000 0.800000 0.800000
3979.314209 0.000000 2785.086914 0.000000 0.156938 0.000000 -0.987608 0.800000 0.800000 0.800000
3978.452637 0.000000 2803.263672 0.000000 0.781489 0.000000 0.623919 0.800000 0.800000 0.800000
3985.490723 0.000000 2803.378906 0.000000 0.104680 0.000000 0.994506 0.800000 0.800000 0.800000
3982.855713 0.000000 2807.860352 0.000000 0.499584 0.000000 0.866265 0.693284 0.693284 0.693284
3992.785645 0.000000 2786.484375 0.000000 0.521107 0.000000 0.853491 0.800000 0.800000 0.800000
3982.090576 0.000000 2801.265625 0.000000 0.990678 0.000000 0.136227 0.786081 0.786081 0.786081
3998.978760 0.000000 2784.691162 0.000000 0.974776 0.000000 0.223186 0.800000 0.800000 0.800000
3990.093262 0.000000 2801.928223 0.000000 0.337446 0.000000 -0.941345 0.800000 0.800000 0.800000
3995.325195 0.000000 2804.877686 0.000000 0.500956 0.000000 0.865473 0.800000 0.800000 0.800000
3984.394531 0.000000 2805.639893 0.000000 0.968052 0.000000 -0.250751 0.825817 0.825817 0.825817
3996.129639 0.000000 2807.536133 0.000000 0.918554 0.000000 -0.395295 0.841394 0.841394 0.841394
3985.028564 0.000000 2800.782715 0.000000 0.108953 0.000000 -0.994047 0.800000 0.800000 0.800000
3992.868164 0.000000 2804.541504 0.000000 0.124347 0.000000 0.992239 0.652699 0.652699 0.652699
3991.553223 0.000000 2788.525635 0.000000 0.829795 0.000000 0.558068 0.739694 0.739694 0.739694
3998.534180 0.000000 2799.646729 0.000000 0.969827 0.000000 -0.243795 0.800000 0.800000 0.800000
3980.557617 0.000000 2802.748535 0.000000 0.909828 0.000000 -0.414986 0.843588 0.843588 0.843588
3998.097168 0.000000 2808.304688 0.000000 0.711686 0.000000 -0.702498 0.800000 0.800000 0.800000
3990.643799 0.000000 2786.654785 0.000000 0.124185 0.000000 0.992259 0.652682 0.652682 0.652682
3997.141602 0.000000 2785.673584 0.000000 0.521873 0.000000 0.853023 0.800000 0.800000 0.800000
3983.460938 0.000000 2802.784424 0.000000 0.998147 0.000000 -0.060848 0.806202 0.806202 0.806202
3981.063965 0.000000 2786.168945 0.000000 0.132324 0.000000 0.991207 0.653518 0.653518 0.653518
3999.840820 0.000000 2807.206055 0.000000 0.589180 0.000000 0.808002 0.704176 0.704176 0.704176
3981.092285 0.000000 2784.144287 0.000000 0.849649 0.000000 -0.527349 0.856580 0.856580 0.856580
3981.843994 0.000000 2799.225098 0.000000 0.347780 0.000000 -0.937576 0.800000 0.800000 0.800000
3978.488281 0.000000 2801.351807 0.000000 0.047445 0.000000 -0.998874 0.955166 0.955166 0.955166
3984.729980 0.000000 2807.479980 0.000000 0.931035 0.000000 0.364929 0.761950 0.761950 0.761950
3991.404053 0.000000 2803.236084 0.000000 0.824073 0.000000 -0.566484 0.861343 0.861343 0.861343
3994.506592 0.000000 2785.893066 0.000000 0.607635 0.000000 0.794216 0.800000 0.800000 0.800000
3997.324219 0.000000 2784.007324 0.000000 0.957681 0.000000 0.287833 0.800000 0.800000 0.800000
3983.282471 0.000000 2786.583008 0.000000 0.406777 0.000000 -0.913528 0.800000 0.800000 0.800000
3980.396240 0.000000 2801.099121 0.000000 0.893289 0.000000 -0.449483 0.847485 0.847485 0.847485
3990.055908 0.000000 2800.229248 0.000000 0.141429 0.000000 -0.989948 0.800000 0.800000 0.800000
3998.019775 0.000000 2801.631104 0.000000 0.130465 0.000000 0.991453 0.800000 0.800000 0.800000
3983.555908 0.000000 2800.201416 0.000000 0.994119 0.000000 0.108293 0.788948 0.788948 0.788948
3996.509521 0.000000 2805.961182 0.000000 0.961267 0.000000 0.275620 0.771557 0.771557 0.771557
3999.019531 0.000000 2798.162109 0.000000 0.712369 0.000000 0.701805 0.800000 0.800000 0.800000
3983.780273 0.000000 2804.291992 0.000000 0.608065 0.000000 -0.793887 0.893423 0.893423 0.893423
3979.394531 0.000000 2798.168945 0.000000 0.750501 0.000000 -0.660870 0.800000 0.800000 0.800000
3994.967529 0.000000 2806.413818 0.000000 0.253053 0.000000 -0.967452 0.933941 0.933941 0.933941
3980.598633 0.000000 2787.608154 0.000000 0.627060 0.000000 0.778971 0.709037 0.709037 0.709037
3983.123291 0.000000 2806.408203 0.000000 0.842951 0.000000 -0.537990 0.857861 0.857861 0.857861
3996.750977 0.000000 2804.538330 0.000000 0.013580 0.000000 0.999908 0.641383 0.641383 0.641383
3978.048584 0.000000 2799.299316 0.000000 0.497875 0.000000 0.867249 0.800000 0.800000 0.800000
3999.543701 0.000000 2805.486084 0.000000 0.941396 0.000000 -0.337303 0.800000 0.800000 0.800000
3992.614990 0.000000 2806.049561 0.000000 0.844213 0.000000 0.536008 0.800000 0.800000 0.800000
3988.843018 0.000000 2786.792236 0.000000 0.185407 0.000000 -0.982662 0.941005 0.941005 0.941005
3981.906738 0.000000 2803.101074 0.000000 0.722525 0.000000 -0.691345 0.877754 0.877754 0.877754
3984.758057 0.000000 2802.150146 0.000000 0.215340 0.000000 -0.976539 0.800000 0.800000 0.800000
3996.811523 0.000000 2808.857422 0.000000 0.915688 0.000000 0.401890 0.800000 0.800000 0.800000
3998.486572 0.000000 2806.969482 0.000000 0.907690 0.000000 0.419641 0.755890 0.755890 0.755890
3998.243896 0.000000 2804.268799 0.000000 0.989304 0.000000 -0.145871 0.800000 0.800000 0.800000
3994.018066 0.000000 2805.348633 0.000000 0.430140 0.000000 -0.902762 0.800000 0.800000 0.800000
3992.734375 0.000000 2803.037598 0.000000 0.996130 0.000000 0.087887 0.800000 0.800000 0.800000
3988.023682 0.000000 2788.805176 0.000000 0.060534 0.000000 0.998166 0.646170 0.646170 0.646170
3991.594727 0.000000 2805.220947 0.000000 0.782771 0.000000 -0.622310 0.800000 0.800000 0.800000
3995.851074 0.000000 2785.918701 0.000000 0.754728 0.000000 -0.656038 0.800000 0.800000 0.800000
3989.207520 0.000000 2789.473389 0.000000 0.988568 0.000000 0.150776 0.784583 0.784583 0.784583
3994.864990 0.000000 2807.992188 0.000000 0.929827 0.000000 0.367997 0.761614 0.761614 0.761614
3985.613525 0.000000 2806.144043 0.000000 0.840106 0.000000 -0.542422 0.858398 0.858398 0.858398
3985.218994 0.000000 2804.648926 0.000000 0.154274 0.000000 -0.988028 0.944223 0.944223 0.944223
3990.296387 0.000000 2788.784424 0.000000 0.915345 0.000000 0.402669 0.757786 0.757786 0.757786
3983.664307 0.000000 2801.519531 0.000000 0.822123 0.000000 0.569310 0.738307 0.738307 0.738307
3981.811523 0.000000 2785.138428 0.000000 0.306346 0.000000 0.951920 0.671714 0.671714 0.671714
3991.926025 0.000000 2787.371826 0.000000 0.928206 0.000000 0.372067 0.761168 0.761168 0.761168
3997.302490 0.000000 2806.902344 0.000000 0.860702 0.000000 -0.509109 0.854408 0.854408 0.854408
3983.086426 0.000000 2805.221191 0.000000 0.968912 0.000000 0.247406 0.774535 0.774535 0.774535
3982.422852 0.000000 2800.188477 0.000000 0.547255 0.000000 0.836966 0.698985 0.698985 0.698985
3980.563232 0.000000 2785.168213 0.000000 0.995369 0.000000 0.096130 0.790193 0.790193 0.790193
3991.210693 0.000000 2802.113770 0.000000 0.646371 0.000000 -0.763023 0.888411 0.888411 0.888411
3982.868408 0.000000 2803.653076 0.000000 0.286588 0.000000 -0.958054 0.930393 0.930393 0.930393
3982.573242 0.000000 2802.239990 0.000000 0.998605 0.000000 0.052805 0.794619 0.794619 0.794619
3983.680176 0.000000 2807.268311 0.000000 0.869201 0.000000 0.494459 0.747317 0.747317 0.747317
3980.002930 0.000000 2784.298096 0.000000 0.813755 0.000000 -0.581208 0.863174 0.863174 0.863174
3981.487061 0.000000 2787.117676 0.000000 0.329943 0.000000 0.944001 0.674249 0.674249 0.674249
3997.180420 0.000000 2807.915283 0.000000 0.858933 0.000000 -0.512087 0.854761 0.854761 0.854761
3999.289307 0.000000 2806.419678 0.000000 0.999813 0.000000 0.019327 0.798031 0.798031 0.798031
3982.208252 0.000000 2805.426025 0.000000 0.460299 0.000000 -0.887764 0.911277 0.911277 0.911277
3982.983887 0.000000 2800.921387 0.000000 0.512124 0.000000 -0.858912 0.905235 0.905235 0.905235
4010.484375 0.000000 2813.530273 0.000000 0.139824 0.000000 -0.990176 0.800000 0.800000 0.800000
4011.488281 0.000000 2799.720703 0.000000 0.686903 0.000000 -0.726749 0.800000 0.800000 0.800000
4025.993164 0.000000 2802.484131 0.000000 0.852236 0.000000 0.523157 0.743921 0.743921 0.743921
4003.295410 0.000000 2798.797363 0.000000 0.243486 0.000000 -0.969904 0.800000 0.800000 0.800000
4025.374268 0.000000 2789.824219 0.000000 0.624457 0.000000 -0.781059 0.891303 0.891303 0.891303
4025.744629 0.000000 2814.195068 0.000000 0.547613 0.000000 0.836732 0.800000 0.800000 0.800000
4015.626953 0.000000 2798.601074 0.000000 0.942084 0.000000 -0.335376 0.834836 0.834836 0.834836
4031.730469 0.000000 2801.468262 0.000000 0.800073 0.000000 -0.599903 0.865534 0.865534 0.865534
4004.222900 0.000000 2794.437012 0.000000 0.427773 0.000000 0.903886 0.685025 0.685025 0.685025
4013.705078 0.000000 2815.897949 0.000000 0.931682 0.000000 0.363276 0.762131 0.762131 0.762131
4017.279785 0.000000 2790.307373 0.000000 0.639544 0.000000 -0.768754 0.800000 0.800000 0.800000
4000.374512 0.000000 2795.903809 0.000000 0.153681 0.000000 0.988120 0.800000 0.800000 0.800000
4000.194824 0.000000 2801.812500 0.000000 0.784637 0.000000 0.619956 0.800000 0.800000 0.800000
4028.629150 0.000000 2800.770752 0.000000 0.892835 0.000000 -0.450383 0.847588 0.847588 0.847588
4022.640381 0.000000 2813.116699 0.000000 0.997178 0.000000 -0.075070 0.800000 0.800000 0.800000
4014.090576 0.000000 2801.265625 0.000000 0.830836 0.000000 -0.556517 0.860116 0.860116 0.860116
4022.093262 0.000000 2801.928223 0.000000 0.945143 0.000000 0.326656 0.800000 0.800000 0.800000
4000.165039 0.000000 2798.609863 0.000000 0.721921 0.000000 0.691976 0.722157 0.722157 0.722157
4013.086914 0.000000 2812.827637 0.000000 0.087496 0.000000 0.996165 0.800000 0.800000 0.800000
4004.546387 0.000000 2809.718994 0.000000 0.997849 0.000000 -0.065558 0.806683 0.806683 0.806683
4017.028564 0.000000 2800.782715 0.000000 0.947081 0.000000 -0.320994 0.833285 0.833285 0.833285
4005.046875 0.000000 2796.696533 0.000000 0.994186 0.000000 0.107680 0.800000 0.800000 0.800000
4019.775635 0.000000 2790.120361 0.000000 0.597576 0.000000 -0.801812 0.800000 0.800000 0.800000
4001.856201 0.000000 2794.018311 0.000000 0.966245 0.000000 0.257624 0.800000 0.800000 0.800000
4023.577393 0.000000 2815.219971 0.000000 0.360794 0.000000 -0.932646 0.922402 0.922402 0.922402
4002.690430 0.000000 2796.464844 0.000000 0.977278 0.000000 0.211961 0.778245 0.778245 0.778245
4023.553223 0.000000 2788.525635 0.000000 0.845615 0.000000 0.533793 0.742645 0.742645 0.742645
4002.279297 0.000000 2800.670898 0.000000 0.353656 0.000000 -0.935376 0.800000 0.800000 0.800000
4016.724365 0.000000 2796.526123 0.000000 0.665209 0.000000 0.746657 0.800000 0.800000 0.800000
4024.093506 0.000000 2801.496338 0.000000 0.902112 0.000000 -0.431502 0.845445 0.845445 0.845445
4011.904785 0.000000 2815.021973 0.000000 0.385109 0.000000 -0.922871 0.919732 0.919732 0.919732
4021.621826 0.000000 2815.278564 0.000000 0.969811 0.000000 0.243860 0.774908 0.774908 0.774908
4013.843994 0.000000 2799.225098 0.000000 0.905401 0.000000 -0.424557 0.800000 0.800000 0.800000
4024.537109 0.000000 2812.790039 0.000000 0.530979 0.000000 -0.847385 0.800000 0.800000 0.800000
4010.488281 0.000000 2801.351807 0.000000 0.912081 0.000000 0.410011 0.756968 0.756968 0.756968
4023.404053 0.000000 2803.236084 0.000000 0.092859 0.000000 -0.995679 0.800000 0.800000 0.800000
4000.088867 0.000000 2794.001709 0.000000 0.763982 0.000000 -0.645238 0.800000 0.800000 0.800000
4027.681152 0.000000 2803.062500 0.000000 0.321671 0.000000 0.946852 0.800000 0.800000 0.800000
4001.769531 0.000000 2797.905029 0.000000 0.959421 0.000000 0.281977 0.800000 0.800000 0.800000
4025.432373 0.000000 2788.026611 0.000000 0.387096 0.000000 -0.922039 0.919513 0.919513 0.919513
4012.396240 0.000000 2801.099121 0.000000 0.270802 0.000000 -0.962635 0.932068 0.932068 0.932068
4022.055908 0.000000 2800.229248 0.000000 0.955381 0.000000 0.295377 0.800000 0.800000 0.800000
4030.019775 0.000000 2801.631104 0.000000 0.099281 0.000000 0.995059 0.650129 0.650129 0.650129
4000.695801 0.000000 2800.138916 0.000000 0.403938 0.000000 -0.914786 0.800000 0.800000 0.800000
4015.555908 0.000000 2800.201416 0.000000 0.627339 0.000000 -0.778747 0.890926 0.890926 0.890926
4027.190430 0.000000 2801.447021 0.000000 0.209316 0.000000 0.977848 0.661480 0.661480 0.661480
4014.538818 0.000000 2797.278564 0.000000 0.007848 0.000000 0.999969 0.800000 0.800000 0.800000
4017.057617 0.000000 2799.137207 0.000000 0.978114 0.000000 -0.208070 0.821350 0.821350 0.821350
4011.394531 0.000000 2798.168945 0.000000 0.602694 0.000000 -0.797972 0.800000 0.800000 0.800000
4024.767090 0.000000 2800.208496 0.000000 0.897486 0.000000 0.441042 0.753475 0.753475 0.753475
4018.576660 0.000000 2790.986572 0.000000 0.054948 0.000000 -0.998489 0.800000 0.800000 0.800000
4013.214600 0.000000 2814.393555 0.000000 0.821070 0.000000 0.570827 0.738119 0.738119 0.738119
4010.048584 0.000000 2799.299316 0.000000 0.896108 0.000000 -0.443837 0.800000 0.800000 0.800000
4017.093750 0.000000 2791.772949 0.000000 0.477537 0.000000 0.878611 0.800000 0.800000 0.800000
4003.802734 0.000000 2797.460449 0.000000 0.970677 0.000000 -0.240387 0.824728 0.824728 0.824728
4011.887939 0.000000 2813.594971 0.000000 0.685572 0.000000 -0.728005 0.800000 0.800000 0.800000
4002.920898 0.000000 2795.072754 0.000000 0.242017 0.000000 0.970272 0.664899 0.664899 0.664899
4026.395996 0.000000 2803.837158 0.000000 0.886615 0.000000 0.462508 0.800000 0.800000 0.800000
4020.943848 0.000000 2790.841797 0.000000 0.267488 0.000000 -0.963561 0.800000 0.800000 0.800000
4010.385498 0.000000 2814.940186 0.000000 0.842110 0.000000 -0.539306 0.858020 0.858020 0.858020
4005.317139 0.000000 2795.345459 0.000000 0.330119 0.000000 0.943939 0.674268 0.674268 0.674268
4001.859131 0.000000 2799.321289 0.000000 0.998492 0.000000 -0.054903 0.805595 0.805595 0.805595
4000.576172 0.000000 2797.288574 0.000000 0.989101 0.000000 0.147235 0.800000 0.800000 0.800000
4024.734375 0.000000 2803.037598 0.000000 0.403778 0.000000 -0.914857 0.917663 0.917663 0.917663
4023.783447 0.000000 2813.881836 0.000000 0.951595 0.000000 -0.307355 0.800000 0.800000 0.800000
4001.641113 0.000000 2795.508301 0.000000 0.900634 0.000000 0.434578 0.800000 0.800000 0.800000
4025.734863 0.000000 2801.158447 0.000000 0.972534 0.000000 -0.232762 0.823928 0.823928 0.823928
4003.878174 0.000000 2795.948730 0.000000 0.476019 0.000000 0.879435 0.690535 0.690535 0.690535
4004.926514 0.000000 2808.472412 0.000000 0.777344 0.000000 0.629075 0.730699 0.730699 0.730699
4027.468994 0.000000 2800.166260 0.000000 0.076699 0.000000 -0.997054 0.952180 0.952180 0.952180
4022.296387 0.000000 2788.784424 0.000000 0.709387 0.000000 0.704819 0.720329 0.720329 0.720329
4015.664307 0.000000 2801.519531 0.000000 0.234091 0.000000 0.972215 0.664068 0.664068 0.664068
4022.637451 0.000000 2814.326172 0.000000 0.088200 0.000000 0.996103 0.648996 0.648996 0.648996
4011.131592 0.000000 2815.998535 0.000000 0.845332 0.000000 -0.534241 0.857409 0.857409 0.857409
4013.170898 0.000000 2800.175049 0.000000 0.875412 0.000000 0.483377 0.748611 0.748611 0.748611
4029.761475 0.000000 2800.485596 0.000000 0.212280 0.000000 0.977209 0.661788 0.661788 0.661788
4031.549561 0.000000 2800.192383 0.000000 0.285738 0.000000 -0.958308 0.930484 0.930484 0.930484
4014.422852 0.000000 2800.188477 0.000000 0.695071 0.000000 -0.718941 0.881719 0.881719 0.881719
4023.100830 0.000000 2789.539551 0.000000 0.897297 0.000000 0.441427 0.753431 0.753431 0.753431
4002.775879 0.000000 2797.561035 0.000000 0.382428 0.000000 0.923985 0.679972 0.679972 0.679972
4020.379150 0.000000 2815.418945 0.000000 0.302239 0.000000 -0.953232 0.928725 0.928725 0.928725
4030.727051 0.000000 2800.827881 0.000000 0.476098 0.000000 0.879392 0.690544 0.690544 0.690544
4016.513916 0.000000 2799.946777 0.000000 0.623062 0.000000 0.782173 0.708516 0.708516 0.708516
4001.122070 0.000000 2798.635498 0.000000 0.456204 0.000000 -0.889875 0.911747 0.911747 0.911747
4017.665039 0.000000 2800.104492 0.000000 0.985009 0.000000 -0.172505 0.817659 0.817659 0.817659
4014.983887 0.000000 2800.921387 0.000000 0.468942 0.000000 -0.883229 0.910283 0.910283 0.910283
4012.926270 0.000000 2815.268555 0.000000 0.458436 0.000000 0.888728 0.688509 0.688509 0.688509
4012.297119 0.000000 2800.227539 0.000000 0.993020 0.000000 -0.117945 0.812042 0.812042 0.812042
4086.344727 0.000000 2752.282715 0.000000 0.635844 0.000000 -0.771818 0.800000 0.800000 0.800000
4088.785645 0.000000 2754.484375 0.000000 0.462174 0.000000 -0.886789 0.800000 0.800000 0.800000
4089.199219 0.000000 2752.287109 0.000000 0.943829 0.000000 0.330433 0.800000 0.800000 0.800000
4087.774902 0.000000 2753.188232 0.000000 0.980058 0.000000 0.198712 0.800000 0.800000 0.800000
4038.732666 0.000000 2801.989014 0.000000 0.004653 0.000000 -0.999989 0.959526 0.959526 0.959526
4043.641357 0.000000 2809.407471 0.000000 0.845646 0.000000 -0.533745 0.857349 0.857349 0.857349
4037.585693 0.000000 2814.219971 0.000000 0.442663 0.000000 0.896688 0.800000 0.800000 0.800000
4032.194824 0.000000 2801.812500 0.000000 0.034905 0.000000 0.999391 0.643556 0.643556 0.643556
4035.427246 0.000000 2802.665771 0.000000 0.343256 0.000000 -0.939242 0.800000 0.800000 0.800000
4039.940430 0.000000 2813.032715 0.000000 0.596924 0.000000 -0.802298 0.894845 0.894845 0.894845
4038.121094 0.000000 2799.535889 0.000000 0.431004 0.000000 0.902350 0.800000 0.800000 0.800000
4038.634766 0.000000 2794.760742 0.000000 0.009277 0.000000 -0.999957 0.959055 0.959055 0.959055
4040.943359 0.000000 2815.228271 0.000000 0.128465 0.000000 -0.991714 0.800000 0.800000 0.800000
4034.279297 0.000000 2800.670898 0.000000 0.480190 0.000000 -0.877165 0.908982 0.908982 0.908982
4036.449463 0.000000 2800.799072 0.000000 0.440074 0.000000 0.897961 0.686415 0.686415 0.686415
4045.744873 0.000000 2809.721191 0.000000 0.967729 0.000000 -0.251993 0.825948 0.825948 0.825948
4043.431396 0.000000 2811.744873 0.000000 0.949956 0.000000 0.312384 0.767639 0.767639 0.767639
4039.091309 0.000000 2815.415527 0.000000 0.061343 0.000000 0.998117 0.646252 0.646252 0.646252
4036.132812 0.000000 2815.408691 0.000000 0.978150 0.000000 -0.207902 0.800000 0.800000 0.800000
4037.084229 0.000000 2802.439941 0.000000 0.870240 0.000000 -0.492627 0.800000 0.800000 0.800000
4036.206787 0.000000 2813.353027 0.000000 0.921599 0.000000 -0.388143 0.800000 0.800000 0.800000
4032.695801 0.000000 2800.138916 0.000000 0.302242 0.000000 -0.953231 0.928725 0.928725 0.928725
4045.343018 0.000000 2811.266113 0.000000 0.405848 0.000000 0.913941 0.682568 0.682568 0.682568
4038.683350 0.000000 2812.139160 0.000000 0.994485 0.000000 0.104875 0.789298 0.789298 0.789298
4039.280029 0.000000 2800.535889 0.000000 0.291566 0.000000 -0.956551 0.929864 0.929864 0.929864
4039.472168 0.000000 2798.815430 0.000000 0.197207 0.000000 0.980362 0.800000 0.800000 0.800000
4036.779297 0.000000 2798.761719 0.000000 0.129402 0.000000 -0.991592 0.800000 0.800000 0.800000
4037.629883 0.000000 2815.727539 0.000000 0.795642 0.000000 0.605767 0.800000 0.800000 0.800000
4036.275879 0.000000 2803.835449 0.000000 0.458548 0.000000 -0.888670 0.800000 0.800000 0.800000
4037.890869 0.000000 2800.854004 0.000000 0.387218 0.000000 0.921988 0.680500 0.680500 0.680500
4042.851074 0.000000 2810.534668 0.000000 0.910162 0.000000 0.414252 0.756494 0.756494 0.756494
4038.909180 0.000000 2813.996338 0.000000 0.898093 0.000000 -0.439806 0.846385 0.846385 0.846385
4034.788086 0.000000 2803.918701 0.000000 0.273519 0.000000 -0.961867 0.800000 0.800000 0.800000
4044.141846 0.000000 2810.657715 0.000000 0.724448 0.000000 -0.689329 0.877470 0.877470 0.877470
4038.927979 0.000000 2793.527344 0.000000 0.972344 0.000000 -0.233553 0.824011 0.824011 0.824011
4035.463379 0.000000 2800.063477 0.000000 0.868165 0.000000 -0.496275 0.852896 0.852896 0.852896
4043.564209 0.000000 2808.121338 0.000000 0.660756 0.000000 0.750601 0.713525 0.713525 0.713525
4035.355469 0.000000 2801.322998 0.000000 0.970330 0.000000 0.241784 0.775126 0.775126 0.775126
4039.764893 0.000000 2801.565430 0.000000 0.946590 0.000000 0.322441 0.766559 0.766559 0.766559
4033.098145 0.000000 2801.164062 0.000000 0.689834 0.000000 0.723968 0.717541 0.717541 0.717541
4036.177490 0.000000 2801.937012 0.000000 0.973831 0.000000 0.227272 0.776646 0.776646 0.776646
4038.682861 0.000000 2792.563477 0.000000 0.351285 0.000000 -0.936268 0.923438 0.923438 0.923438
4039.230225 0.000000 2795.547607 0.000000 0.261760 0.000000 -0.965133 0.933023 0.933023 0.933023
4038.343506 0.000000 2814.802979 0.000000 0.954974 0.000000 -0.296689 0.830682 0.830682 0.830682
4034.658203 0.000000 2801.945068 0.000000 0.821909 0.000000 -0.569618 0.861731 0.861731 0.861731
4037.833740 0.000000 2801.770752 0.000000 0.261177 0.000000 -0.965291 0.933085 0.933085 0.933085
4039.505371 0.000000 2794.556641 0.000000 0.084732 0.000000 -0.996404 0.951359 0.951359 0.951359
3890.605225 0.000000 2838.964844 0.000000 0.928808 0.000000 0.370562 0.761333 0.761333 0.761333
3891.565186 0.000000 2832.439941 0.000000 0.987327 0.000000 0.158699 0.783766 0.783766 0.783766
3901.500732 0.000000 2829.729248 0.000000 0.959468 0.000000 0.281816 0.770900 0.770900 0.770900
3894.989014 0.000000 2841.962891 0.000000 0.564620 0.000000 0.825351 0.800000 0.800000 0.800000
3903.730469 0.000000 2833.468262 0.000000 0.493781 0.000000 -0.869586 0.907397 0.907397 0.907397
3892.550293 0.000000 2828.627441 0.000000 0.752293 0.000000 0.658829 0.726737 0.726737 0.726737
3895.549561 0.000000 2831.383057 0.000000 0.975073 0.000000 0.221885 0.800000 0.800000 0.800000
3903.983887 0.000000 2841.194336 0.000000 0.694101 0.000000 0.719878 0.718143 0.718143 0.718143
3898.269043 0.000000 2829.509033 0.000000 0.240911 0.000000 -0.970547 0.800000 0.800000 0.800000
3900.629150 0.000000 2832.770752 0.000000 0.854628 0.000000 0.519241 0.744389 0.744389 0.744389
3897.621094 0.000000 2843.281982 0.000000 0.977509 0.000000 -0.210896 0.821644 0.821644 0.821644
3893.311279 0.000000 2839.662354 0.000000 0.837304 0.000000 0.546738 0.800000 0.800000 0.800000
3902.498779 0.000000 2826.052246 0.000000 0.206936 0.000000 0.978355 0.800000 0.800000 0.800000
3890.204346 0.000000 2830.129150 0.000000 0.030324 0.000000 0.999540 0.800000 0.800000 0.800000
3892.021729 0.000000 2835.723633 0.000000 0.994902 0.000000 -0.100842 0.800000 0.800000 0.800000
3901.387451 0.000000 2835.185791 0.000000 0.841033 0.000000 0.540983 0.741777 0.741777 0.741777
3900.129639 0.000000 2839.536133 0.000000 0.325027 0.000000 -0.945705 0.800000 0.800000 0.800000
3898.233643 0.000000 2831.915039 0.000000 0.747285 0.000000 0.664504 0.725966 0.725966 0.725966
3888.790039 0.000000 2841.376221 0.000000 0.240535 0.000000 -0.970640 0.800000 0.800000 0.800000
3894.856934 0.000000 2829.007080 0.000000 0.589647 0.000000 -0.807661 0.800000 0.800000 0.800000
3893.256836 0.000000 2830.834229 0.000000 0.983664 0.000000 0.180016 0.781563 0.781563 0.781563
3902.534180 0.000000 2831.646729 0.000000 0.628056 0.000000 0.778168 0.709168 0.709168 0.709168
3902.097168 0.000000 2840.304688 0.000000 0.699639 0.000000 -0.714497 0.881070 0.881070 0.881070
3903.541992 0.000000 2835.808350 0.000000 0.931096 0.000000 0.364773 0.800000 0.800000 0.800000
3903.150879 0.000000 2828.339600 0.000000 0.912019 0.000000 -0.410149 0.843047 0.843047 0.843047
3903.840820 0.000000 2839.206055 0.000000 0.996165 0.000000 -0.087489 0.808923 0.808923 0.808923
3899.876221 0.000000 2830.799561 0.000000 0.610481 0.000000 -0.792031 0.893112 0.893112 0.893112
3896.397705 0.000000 2840.639404 0.000000 0.934305 0.000000 -0.356474 0.800000 0.800000 0.800000
3900.031006 0.000000 2828.534424 0.000000 0.644225 0.000000 -0.764836 0.888698 0.888698 0.888698
3890.670654 0.000000 2828.294678 0.000000 0.250134 0.000000 -0.968211 0.800000 0.800000 0.800000
3891.272949 0.000000 2840.730713 0.000000 0.349787 0.000000 0.936829 0.676399 0.676399 0.676399
3888.729980 0.000000 2839.479980 0.000000 0.998652 0.000000 0.051909 0.800000 0.800000 0.800000
3890.942871 0.000000 2834.206787 0.000000 0.914572 0.000000 -0.404422 0.800000 0.800000 0.800000
3901.515625 0.000000 2827.513184 0.000000 0.308593 0.000000 0.951194 0.800000 0.800000 0.800000
3899.681152 0.000000 2835.062500 0.000000 0.847795 0.000000 0.530324 0.743062 0.743062 0.743062
3894.019287 0.000000 2843.503418 0.000000 0.958212 0.000000 -0.286059 0.800000 0.800000 0.800000
3898.643311 0.000000 2844.721924 0.000000 0.929317 0.000000 0.369284 0.800000 0.800000 0.800000
3896.017334 0.000000 2843.195312 0.000000 0.680760 0.000000 -0.732507 0.883728 0.883728 0.883728
3902.019775 0.000000 2833.631104 0.000000 0.481748 0.000000 0.876310 0.691199 0.691199 0.691199
3891.645996 0.000000 2830.815430 0.000000 0.991675 0.000000 -0.128767 0.800000 0.800000 0.800000
3894.795654 0.000000 2840.256104 0.000000 0.510810 0.000000 0.859694 0.800000 0.800000 0.800000
3892.500488 0.000000 2833.786865 0.000000 0.887411 0.000000 0.460979 0.751199 0.751199 0.751199
3899.190430 0.000000 2833.447021 0.000000 0.966562 0.000000 0.256432 0.773585 0.773585 0.773585
3893.537109 0.000000 2835.403809 0.000000 0.030841 0.000000 -0.999524 0.800000 0.800000 0.800000
3903.019531 0.000000 2830.162109 0.000000 0.993884 0.000000 -0.110428 0.811271 0.811271 0.811271
3893.855957 0.000000 2838.177979 0.000000 0.990283 0.000000 0.139069 0.800000 0.800000 0.800000
3899.168213 0.000000 2843.249268 0.000000 0.927168 0.000000 0.374646 0.760885 0.760885 0.760885
3897.089355 0.000000 2841.942871 0.000000 0.973091 0.000000 -0.230423 0.800000 0.800000 0.800000
3889.899658 0.000000 2840.325195 0.000000 0.900016 0.000000 0.435857 0.800000 0.800000 0.800000
3890.449463 0.000000 2831.571289 0.000000 0.556736 0.000000 0.830689 0.800000 0.800000 0.800000
3898.395996 0.000000 2835.837158 0.000000 0.096677 0.000000 -0.995316 0.950137 0.950137 0.950137
3900.811523 0.000000 2840.857422 0.000000 0.843000 0.000000 0.537913 0.800000 0.800000 0.800000
3902.486572 0.000000 2838.969482 0.000000 0.594027 0.000000 -0.804445 0.895212 0.895212 0.895212
3901.190186 0.000000 2831.343750 0.000000 0.148297 0.000000 -0.988943 0.944839 0.944839 0.944839
3891.919922 0.000000 2839.450195 0.000000 0.999004 0.000000 -0.044631 0.804548 0.804548 0.804548
3891.383057 0.000000 2829.428955 0.000000 0.986732 0.000000 0.162361 0.800000 0.800000 0.800000
3894.524414 0.000000 2830.308350 0.000000 0.600279 0.000000 0.799791 0.800000 0.800000 0.800000
3902.982178 0.000000 2834.557861 0.000000 0.772654 0.000000 -0.634827 0.800000 0.800000 0.800000
3900.605469 0.000000 2834.131836 0.000000 0.999337 0.000000 -0.036401 0.803709 0.803709 0.803709
3901.210693 0.000000 2826.229248 0.000000 0.843941 0.000000 -0.536436 0.800000 0.800000 0.800000
3890.315674 0.000000 2832.920898 0.000000 0.537744 0.000000 0.843108 0.697831 0.697831 0.697831
3890.134766 0.000000 2841.582764 0.000000 0.716542 0.000000 -0.697544 0.878632 0.878632 0.878632
3892.790771 0.000000 2832.011719 0.000000 0.335804 0.000000 0.941932 0.674883 0.674883 0.674883
3899.468994 0.000000 2832.166260 0.000000 0.938630 0.000000 0.344925 0.764129 0.764129 0.764129
3893.635010 0.000000 2829.374756 0.000000 0.223683 0.000000 0.974662 0.662979 0.662979 0.662979
3893.627441 0.000000 2828.024170 0.000000 0.800503 0.000000 -0.599328 0.865461 0.865461 0.865461
3898.597656 0.000000 2830.780762 0.000000 0.815579 0.000000 0.578645 0.737146 0.737146 0.737146
3892.487793 0.000000 2829.906006 0.000000 0.974969 0.000000 -0.222339 0.822838 0.822838 0.822838
3901.761475 0.000000 2832.485596 0.000000 0.512959 0.000000 0.858413 0.694864 0.694864 0.694864
3903.340332 0.000000 2840.235352 0.000000 0.978210 0.000000 0.207617 0.778697 0.778697 0.778697
3898.337646 0.000000 2842.353027 0.000000 0.994877 0.000000 -0.101088 0.810314 0.810314 0.810314
3903.549561 0.000000 2832.192383 0.000000 0.785555 0.000000 0.618792 0.732039 0.732039 0.732039
3901.898438 0.000000 2828.639648 0.000000 0.795423 0.000000 0.606055 0.733680 0.733680 0.733680
3891.309082 0.000000 2838.062988 0.000000 0.694705 0.000000 -0.719295 0.881771 0.881771 0.881771
3902.809082 0.000000 2841.261475 0.000000 0.963515 0.000000 0.267654 0.772401 0.772401 0.772401
3891.762939 0.000000 2841.858887 0.000000 0.748634 0.000000 0.662983 0.726173 0.726173 0.726173
3902.026123 0.000000 2830.666504 0.000000 0.544062 0.000000 -0.839045 0.901403 0.901403 0.901403
3893.395752 0.000000 2833.069824 0.000000 0.580523 0.000000 -0.814244 0.896911 0.896911 0.896911
3903.473633 0.000000 2831.091064 0.000000 0.361300 0.000000 -0.932450 0.922347 0.922347 0.922347
3900.524170 0.000000 2829.983887 0.000000 0.978038 0.000000 -0.208429 0.821387 0.821387 0.821387
3902.727051 0.000000 2832.827881 0.000000 0.726635 0.000000 -0.687024 0.877147 0.877147 0.877147
3899.322754 0.000000 2842.092041 0.000000 0.614083 0.000000 0.789242 0.707352 0.707352 0.707352
3900.971680 0.000000 2828.346436 0.000000 0.301157 0.000000 -0.953575 0.928841 0.928841 0.928841
3891.594727 0.000000 2833.468750 0.000000 0.927357 0.000000 -0.374178 0.839064 0.839064 0.839064
3903.289307 0.000000 2838.419678 0.000000 0.938464 0.000000 0.345377 0.764080 0.764080 0.764080
3896.793701 0.000000 2843.841553 0.000000 0.980151 0.000000 0.198252 0.779672 0.779672 0.779672
3900.317871 0.000000 2831.724854 0.000000 0.020340 0.000000 0.999793 0.642072 0.642072 0.642072
3890.998535 0.000000 2839.836182 0.000000 0.560965 0.000000 -0.827840 0.899338 0.899338 0.899338
3898.383545 0.000000 2843.806885 0.000000 0.955972 0.000000 0.293457 0.769662 0.769662 0.769662
3898.978516 0.000000 2834.345947 0.000000 0.064777 0.000000 0.997900 0.646603 0.646603 0.646603
3892.412598 0.000000 2832.871826 0.000000 0.696179 0.000000 0.717869 0.718438 0.718438 0.718438
3898.562012 0.000000 2832.795166 0.000000 0.402061 0.000000 -0.915613 0.917854 0.917854 0.917854
3900.509766 0.000000 2835.396484 0.000000 0.967995 0.000000 -0.250969 0.825840 0.825840 0.825840
3892.431885 0.000000 2831.201660 0.000000 0.789237 0.000000 0.614089 0.732648 0.732648 0.732648
3871.286865 0.000000 2853.688477 0.000000 0.991605 0.000000 -0.129301 0.813207 0.813207 0.813207
3871.358643 0.000000 2856.318359 0.000000 0.435185 0.000000 -0.900341 0.914138 0.914138 0.914138
3870.947021 0.000000 2855.013428 0.000000 0.997721 0.000000 -0.067469 0.806878 0.806878 0.806878
3871.259277 0.000000 2852.276367 0.000000 0.082450 0.000000 0.996595 0.648408 0.648408 0.648408
3871.955566 0.000000 2855.453857 0.000000 0.961751 0.000000 -0.273924 0.828263 0.828263 0.828263
3870.322510 0.000000 2854.096191 0.000000 0.873290 0.000000 0.487201 0.748166 0.748166 0.748166
3870.543457 0.000000 2852.892090 0.000000 0.983934 0.000000 -0.178535 0.818283 0.818283 0.818283
3872.750488 0.000000 2855.931396 0.000000 0.250614 0.000000 0.968087 0.665802 0.665802 0.665802
3883.488281 0.000000 2863.720703 0.000000 0.003326 0.000000 0.999994 0.640339 0.640339 0.640339
3880.025879 0.000000 2856.900635 0.000000 0.147259 0.000000 0.989098 0.800000 0.800000 0.800000
3901.500732 0.000000 2861.729248 0.000000 0.122542 0.000000 0.992463 0.652514 0.652514 0.652514
3887.261719 0.000000 2875.264648 0.000000 0.948812 0.000000 0.315842 0.767268 0.767268 0.767268
3902.857666 0.000000 2878.204834 0.000000 0.993300 0.000000 -0.115562 0.800000 0.800000 0.800000
3883.641357 0.000000 2873.407471 0.000000 0.685013 0.000000 -0.728531 0.883135 0.883135 0.883135
3872.254150 0.000000 2852.108398 0.000000 0.634734 0.000000 0.772731 0.800000 0.800000 0.800000
3877.031250 0.000000 2855.261963 0.000000 0.973954 0.000000 -0.226746 0.823299 0.823299 0.823299
3886.090576 0.000000 2865.265625 0.000000 0.077068 0.000000 0.997026 0.647858 0.647858 0.647858
3883.811035 0.000000 2870.370850 0.000000 0.285561 0.000000 0.958361 0.669498 0.669498 0.669498
3878.954346 0.000000 2850.892090 0.000000 0.479417 0.000000 0.877587 0.800000 0.800000 0.800000
3882.196045 0.000000 2861.211670 0.000000 0.392790 0.000000 -0.919628 0.800000 0.800000 0.800000
3899.257080 0.000000 2851.640137 0.000000 0.886835 0.000000 0.462086 0.751072 0.751072 0.751072
3902.498779 0.000000 2858.052246 0.000000 0.778569 0.000000 -0.627559 0.869103 0.869103 0.869103
3878.988281 0.000000 2853.618164 0.000000 0.981955 0.000000 -0.189113 0.819380 0.819380 0.819380
3900.065918 0.000000 2853.843994 0.000000 0.056635 0.000000 0.998395 0.645772 0.645772 0.645772
3884.557617 0.000000 2866.748535 0.000000 0.984351 0.000000 -0.176218 0.800000 0.800000 0.800000
3885.744873 0.000000 2873.721191 0.000000 0.922901 0.000000 0.385037 0.759740 0.759740 0.759740
3903.150879 0.000000 2860.339600 0.000000 0.349139 0.000000 0.937071 0.676328 0.676328 0.676328
3887.460938 0.000000 2866.784424 0.000000 0.689823 0.000000 0.723978 0.800000 0.800000 0.800000
3883.431396 0.000000 2875.744873 0.000000 0.330995 0.000000 0.943633 0.800000 0.800000 0.800000
3882.366943 0.000000 2871.943359 0.000000 0.282737 0.000000 0.959198 0.669198 0.669198 0.669198
3884.931152 0.000000 2871.958496 0.000000 0.765759 0.000000 0.643128 0.800000 0.800000 0.800000
3903.358643 0.000000 2856.318359 0.000000 0.271804 0.000000 -0.962353 0.800000 0.800000 0.800000
3900.031006 0.000000 2860.534424 0.000000 0.711720 0.000000 0.702464 0.720667 0.720667 0.720667
3877.728271 0.000000 2857.091797 0.000000 0.990437 0.000000 0.137963 0.800000 0.800000 0.800000
3872.085205 0.000000 2854.143555 0.000000 0.929360 0.000000 -0.369175 0.838515 0.838515 0.838515
3885.843994 0.000000 2863.225098 0.000000 0.894282 0.000000 -0.447505 0.800000 0.800000 0.800000
3882.488281 0.000000 2865.351807 0.000000 0.748625 0.000000 0.662994 0.726171 0.726171 0.726171
3885.645264 0.000000 2870.219971 0.000000 0.723682 0.000000 0.690134 0.800000 0.800000 0.800000
3900.641602 0.000000 2857.057373 0.000000 0.373003 0.000000 0.927830 0.800000 0.800000 0.800000
3881.841797 0.000000 2856.814941 0.000000 0.478541 0.000000 0.878065 0.800000 0.800000 0.800000
3878.800293 0.000000 2855.549316 0.000000 0.961423 0.000000 0.275073 0.771615 0.771615 0.771615
3873.994385 0.000000 2852.045898 0.000000 0.956065 0.000000 0.293156 0.800000 0.800000 0.800000
3901.515625 0.000000 2859.513184 0.000000 0.932425 0.000000 -0.361364 0.837660 0.837660 0.837660
3901.639893 0.000000 2853.107666 0.000000 0.985833 0.000000 -0.167732 0.817166 0.817166 0.817166
3880.953857 0.000000 2862.368164 0.000000 0.616316 0.000000 -0.787499 0.800000 0.800000 0.800000
3884.396240 0.000000 2865.099121 0.000000 0.983872 0.000000 0.178873 0.781682 0.781682 0.781682
3887.555908 0.000000 2864.201416 0.000000 0.143681 0.000000 -0.989624 0.945314 0.945314 0.945314
3885.343018 0.000000 2875.266113 0.000000 0.315724 0.000000 -0.948851 0.927281 0.927281 0.927281
3883.788818 0.000000 2860.624512 0.000000 0.752671 0.000000 0.658396 0.800000 0.800000 0.800000
3879.845459 0.000000 2852.212891 0.000000 0.424693 0.000000 0.905338 0.684678 0.684678 0.684678
3898.720703 0.000000 2853.085205 0.000000 0.974870 0.000000 0.222773 0.800000 0.800000 0.800000
3887.311279 0.000000 2873.578857 0.000000 0.615716 0.000000 -0.787969 0.892437 0.892437 0.892437
3876.271240 0.000000 2856.805420 0.000000 0.995039 0.000000 -0.099489 0.800000 0.800000 0.800000
3883.394531 0.000000 2862.168945 0.000000 0.828893 0.000000 0.559407 0.739529 0.739529 0.739529
3900.631104 0.000000 2851.099609 0.000000 0.764348 0.000000 0.644804 0.728621 0.728621 0.728621
3882.048584 0.000000 2863.299316 0.000000 0.396039 0.000000 0.918234 0.681477 0.681477 0.681477
3873.936035 0.000000 2855.123535 0.000000 0.779737 0.000000 -0.626107 0.868913 0.868913 0.868913
3885.906738 0.000000 2867.101074 0.000000 0.768886 0.000000 0.639386 0.800000 0.800000 0.800000
3880.767090 0.000000 2860.968506 0.000000 0.321803 0.000000 -0.946807 0.800000 0.800000 0.800000
3873.121582 0.000000 2853.165771 0.000000 0.745138 0.000000 -0.666910 0.800000 0.800000 0.800000
3882.451660 0.000000 2870.542480 0.000000 0.814727 0.000000 -0.579844 0.863004 0.863004 0.863004
3900.323486 0.000000 2852.493408 0.000000 0.500271 0.000000 0.865869 0.693365 0.693365 0.693365
3882.851074 0.000000 2874.534668 0.000000 0.128463 0.000000 -0.991714 0.800000 0.800000 0.800000
3884.141846 0.000000 2874.657715 0.000000 0.997842 0.000000 0.065667 0.793306 0.793306 0.793306
3901.210693 0.000000 2858.229248 0.000000 0.976118 0.000000 -0.217243 0.822306 0.822306 0.822306
3903.338135 0.000000 2859.040771 0.000000 0.166333 0.000000 0.986070 0.657022 0.657022 0.657022
3878.927979 0.000000 2857.527344 0.000000 0.484122 0.000000 0.875001 0.691476 0.691476 0.691476
3887.664307 0.000000 2865.519531 0.000000 0.294635 0.000000 0.955610 0.670463 0.670463 0.670463
3887.960449 0.000000 2872.454346 0.000000 0.990757 0.000000 0.135650 0.786140 0.786140 0.786140
3883.564209 0.000000 2872.121338 0.000000 0.751306 0.000000 0.659954 0.726584 0.726584 0.726584
3879.649902 0.000000 2854.716797 0.000000 0.975315 0.000000 0.220818 0.777321 0.777321 0.777321
3898.100586 0.000000 2851.039795 0.000000 0.766819 0.000000 0.641863 0.729012 0.729012 0.729012
3885.170898 0.000000 2864.175049 0.000000 0.717249 0.000000 -0.696817 0.878528 0.878528 0.878528
3901.898438 0.000000 2860.639648 0.000000 0.679236 0.000000 0.733920 0.716060 0.716060 0.716060
3885.930664 0.000000 2872.563232 0.000000 0.970941 0.000000 0.239320 0.775384 0.775384 0.775384
3873.268311 0.000000 2854.256348 0.000000 0.448674 0.000000 0.893696 0.687393 0.687393 0.687393
3884.828369 0.000000 2873.108887 0.000000 0.454568 0.000000 -0.890712 0.911934 0.911934 0.911934
3879.849854 0.000000 2855.838379 0.000000 0.452394 0.000000 0.891818 0.687818 0.687818 0.687818
3900.428955 0.000000 2859.541260 0.000000 0.151569 0.000000 0.988447 0.655498 0.655498 0.655498
3882.536621 0.000000 2864.252930 0.000000 0.997944 0.000000 -0.064091 0.806533 0.806533 0.806533
3901.595703 0.000000 2850.656494 0.000000 0.676292 0.000000 -0.736634 0.884347 0.884347 0.884347
3903.637207 0.000000 2861.264160 0.000000 0.967259 0.000000 0.253792 0.773863 0.773863 0.773863
3884.471680 0.000000 2875.883057 0.000000 0.618454 0.000000 -0.785821 0.892083 0.892083 0.892083
3883.374023 0.000000 2864.842285 0.000000 0.847484 0.000000 -0.530822 0.856997 0.856997 0.856997
3900.524170 0.000000 2861.983887 0.000000 0.999843 0.000000 -0.017721 0.801805 0.801805 0.801805
3882.806641 0.000000 2872.839600 0.000000 0.113786 0.000000 0.993505 0.651615 0.651615 0.651615
3878.682861 0.000000 2856.563477 0.000000 0.173175 0.000000 0.984891 0.657729 0.657729 0.657729
3878.559326 0.000000 2854.539795 0.000000 0.809727 0.000000 -0.586806 0.863877 0.863877 0.863877
3883.230225 0.000000 2871.157227 0.000000 0.981431 0.000000 0.191815 0.780340 0.780340 0.780340
3878.930908 0.000000 2852.607666 0.000000 0.966963 0.000000 0.254916 0.773745 0.773745 0.773745
3882.239502 0.000000 2862.367188 0.000000 0.139311 0.000000 0.990249 0.654236 0.654236 0.654236
3902.547607 0.000000 2859.601807 0.000000 0.444033 0.000000 0.896010 0.686865 0.686865 0.686865
3902.558838 0.000000 2861.308105 0.000000 0.933841 0.000000 -0.357689 0.837259 0.837259 0.837259
3884.885986 0.000000 2874.089844 0.000000 0.438242 0.000000 0.898857 0.686208 0.686208 0.686208
3882.888672 0.000000 2862.984375 0.000000 0.983097 0.000000 -0.183085 0.818755 0.818755 0.818755
3878.133789 0.000000 2853.113037 0.000000 0.870212 0.000000 -0.492677 0.852474 0.852474 0.852474
3884.297119 0.000000 2864.227539 0.000000 0.933710 0.000000 0.358029 0.762704 0.762704 0.762704
3928.140869 0.000000 2826.975586 0.000000 0.386347 0.000000 0.922354 0.800000 0.800000 0.800000
3912.025879 0.000000 2824.900635 0.000000 0.690511 0.000000 0.723321 0.800000 0.800000 0.800000
3912.678711 0.000000 2838.482178 0.000000 0.700495 0.000000 0.713658 0.719052 0.719052 0.719052
3933.500732 0.000000 2829.729248 0.000000 0.399968 0.000000 -0.916529 0.918087 0.918087 0.918087
3916.226807 0.000000 2827.086914 0.000000 0.781834 0.000000 -0.623487 0.800000 0.800000 0.800000
3913.388916 0.000000 2820.416260 0.000000 0.866205 0.000000 0.499689 0.800000 0.800000 0.800000
3915.641357 0.000000 2841.407471 0.000000 0.434372 0.000000 0.900734 0.685769 0.685769 0.685769
3934.169434 0.000000 2819.512451 0.000000 0.595354 0.000000 -0.803463 0.895044 0.895044 0.895044
3909.585693 0.000000 2846.219971 0.000000 0.206113 0.000000 -0.978528 0.938854 0.938854 0.938854
3917.525879 0.000000 2823.489746 0.000000 0.518685 0.000000 0.854965 0.800000 0.800000 0.800000
3931.725342 0.000000 2826.650391 0.000000 0.039563 0.000000 -0.999217 0.955969 0.955969 0.955969
3904.324463 0.000000 2846.699219 0.000000 0.709437 0.000000 0.704768 0.800000 0.800000 0.800000
3930.269043 0.000000 2829.509033 0.000000 0.968388 0.000000 -0.249450 0.825680 0.825680 0.825680
3932.629150 0.000000 2832.770752 0.000000 0.249872 0.000000 0.968279 0.665724 0.665724 0.665724
3921.032715 0.000000 2818.937988 0.000000 0.542127 0.000000 -0.840296 0.800000 0.800000 0.800000
3914.603516 0.000000 2823.180908 0.000000 0.863378 0.000000 0.504557 0.800000 0.800000 0.800000
3934.978760 0.000000 2816.691162 0.000000 0.157120 0.000000 -0.987579 0.800000 0.800000 0.800000
3912.730713 0.000000 2832.014893 0.000000 0.927167 0.000000 -0.374649 0.800000 0.800000 0.800000
3909.583008 0.000000 2836.467041 0.000000 0.888857 0.000000 -0.458185 0.800000 0.800000 0.800000
3910.954346 0.000000 2818.892090 0.000000 0.664771 0.000000 0.747047 0.800000 0.800000 0.800000
3904.165039 0.000000 2830.609863 0.000000 0.147216 0.000000 0.989104 0.800000 0.800000 0.800000
3910.988281 0.000000 2821.618164 0.000000 0.196731 0.000000 0.980458 0.800000 0.800000 0.800000
3906.792969 0.000000 2846.279297 0.000000 0.523249 0.000000 -0.852180 0.903910 0.903910 0.903910
3913.796875 0.000000 2826.737061 0.000000 0.257071 0.000000 0.966392 0.800000 0.800000 0.800000
3912.098877 0.000000 2836.056641 0.000000 0.704507 0.000000 -0.709697 0.880374 0.880374 0.880374
3930.233643 0.000000 2831.915039 0.000000 0.871513 0.000000 -0.490372 0.852204 0.852204 0.852204
3912.606934 0.000000 2840.800537 0.000000 0.743827 0.000000 -0.668372 0.874563 0.874563 0.874563
3926.856934 0.000000 2829.007080 0.000000 0.937862 0.000000 0.347009 0.800000 0.800000 0.800000
3913.231201 0.000000 2818.016357 0.000000 0.988222 0.000000 0.153026 0.800000 0.800000 0.800000
3912.943359 0.000000 2847.228271 0.000000 0.113148 0.000000 0.993578 0.800000 0.800000 0.800000
3935.286865 0.000000 2821.688477 0.000000 0.833640 0.000000 0.552308 0.740399 0.740399 0.740399
3910.794678 0.000000 2839.625977 0.000000 0.999900 0.000000 -0.014161 0.800000 0.800000 0.800000
3915.893311 0.000000 2824.931152 0.000000 0.589526 0.000000 -0.807750 0.895781 0.895781 0.895781
3917.948730 0.000000 2825.685547 0.000000 0.326215 0.000000 -0.945296 0.926153 0.926153 0.926153
3915.431396 0.000000 2843.744873 0.000000 0.567374 0.000000 0.823460 0.701453 0.701453 0.701453
3912.741455 0.000000 2834.063965 0.000000 0.802657 0.000000 0.596441 0.734906 0.734906 0.734906
3931.876221 0.000000 2830.799561 0.000000 0.589253 0.000000 -0.807949 0.895815 0.895815 0.895815
3932.031006 0.000000 2828.534424 0.000000 0.998656 0.000000 0.051835 0.794718 0.794718 0.794718
3920.194092 0.000000 2820.557861 0.000000 0.860220 0.000000 -0.509922 0.854504 0.854504 0.854504
3911.091309 0.000000 2847.415527 0.000000 0.646670 0.000000 -0.762770 0.888372 0.888372 0.888372
3910.976562 0.000000 2837.799316 0.000000 0.643105 0.000000 -0.765778 0.888847 0.888847 0.888847
3929.928711 0.000000 2827.692139 0.000000 0.680637 0.000000 0.732621 0.800000 0.800000 0.800000
3913.841797 0.000000 2824.814941 0.000000 0.854555 0.000000 0.519361 0.800000 0.800000 0.800000
3928.532715 0.000000 2829.734131 0.000000 0.995960 0.000000 -0.089800 0.809159 0.809159 0.809159
3912.255859 0.000000 2827.618652 0.000000 0.948775 0.000000 -0.315951 0.800000 0.800000 0.800000
3933.515625 0.000000 2827.513184 0.000000 0.612290 0.000000 -0.790633 0.800000 0.800000 0.800000
3908.132812 0.000000 2847.408691 0.000000 0.985689 0.000000 0.168575 0.782747 0.782747 0.782747
3905.769531 0.000000 2829.905029 0.000000 0.979675 0.000000 -0.200591 0.800000 0.800000 0.800000
3909.084229 0.000000 2834.439941 0.000000 0.923181 0.000000 0.384365 0.759815 0.759815 0.759815
3906.411377 0.000000 2847.850586 0.000000 0.836793 0.000000 -0.547519 0.859017 0.859017 0.859017
3908.206787 0.000000 2845.353027 0.000000 0.995567 0.000000 0.094057 0.800000 0.800000 0.800000
3910.037354 0.000000 2841.124512 0.000000 0.334124 0.000000 0.942529 0.800000 0.800000 0.800000
3917.343018 0.000000 2843.266113 0.000000 0.999679 0.000000 -0.025325 0.800000 0.800000 0.800000
3931.190430 0.000000 2833.447021 0.000000 0.511932 0.000000 0.859026 0.800000 0.800000 0.800000
3916.095947 0.000000 2822.644043 0.000000 0.483521 0.000000 -0.875333 0.800000 0.800000 0.800000
3911.845459 0.000000 2820.212891 0.000000 0.892128 0.000000 0.451783 0.800000 0.800000 0.800000
3935.477295 0.000000 2818.709717 0.000000 0.913417 0.000000 -0.407025 0.842699 0.842699 0.842699
3913.941406 0.000000 2841.449951 0.000000 0.847500 0.000000 0.530796 0.743006 0.743006 0.743006
3908.715332 0.000000 2837.678467 0.000000 0.772550 0.000000 -0.634954 0.800000 0.800000 0.800000
3926.787598 0.000000 2827.523682 0.000000 0.992900 0.000000 0.118950 0.800000 0.800000 0.800000
3909.629883 0.000000 2847.727539 0.000000 0.925231 0.000000 0.379404 0.760361 0.760361 0.760361
3910.658447 0.000000 2835.520996 0.000000 0.013464 0.000000 0.999909 0.641371 0.641371 0.641371
3915.054443 0.000000 2826.131104 0.000000 0.848772 0.000000 0.528759 0.743250 0.743250 0.743250
3928.669922 0.000000 2828.330322 0.000000 0.313094 0.000000 -0.949722 0.927563 0.927563 0.927563
3908.275879 0.000000 2835.835449 0.000000 0.741680 0.000000 -0.670754 0.874889 0.874889 0.874889
3933.190186 0.000000 2831.343750 0.000000 0.972124 0.000000 -0.234468 0.824107 0.824107 0.824107
3914.887939 0.000000 2827.594727 0.000000 0.999576 0.000000 0.029127 0.797033 0.797033 0.797033
3905.859131 0.000000 2831.321289 0.000000 0.534280 0.000000 0.845308 0.800000 0.800000 0.800000
3934.947021 0.000000 2823.013428 0.000000 0.970012 0.000000 -0.243059 0.825008 0.825008 0.825008
3904.576172 0.000000 2829.288574 0.000000 0.870403 0.000000 0.492341 0.800000 0.800000 0.800000
3912.356201 0.000000 2826.226807 0.000000 0.897135 0.000000 0.441757 0.800000 0.800000 0.800000
3914.851074 0.000000 2842.534668 0.000000 0.894239 0.000000 -0.447591 0.847270 0.847270 0.847270
3929.285889 0.000000 2830.891602 0.000000 0.813588 0.000000 -0.581441 0.800000 0.800000 0.800000
3916.141846 0.000000 2842.657715 0.000000 0.935441 0.000000 -0.353482 0.800000 0.800000 0.800000
3912.317383 0.000000 2818.921875 0.000000 0.916842 0.000000 -0.399249 0.800000 0.800000 0.800000
3933.210693 0.000000 2826.229248 0.000000 0.249839 0.000000 -0.968287 0.800000 0.800000 0.800000
3935.259277 0.000000 2820.276367 0.000000 0.761536 0.000000 0.648122 0.728177 0.728177 0.728177
3913.382812 0.000000 2835.967529 0.000000 0.467860 0.000000 -0.883802 0.910408 0.910408 0.910408
3912.719727 0.000000 2837.188232 0.000000 0.995767 0.000000 -0.091916 0.809376 0.809376 0.809376
3921.719727 0.000000 2820.006348 0.000000 0.388395 0.000000 -0.921493 0.919369 0.919369 0.919369
3911.733398 0.000000 2834.870361 0.000000 0.708484 0.000000 -0.705727 0.879801 0.879801 0.879801
3912.086914 0.000000 2839.611572 0.000000 0.999956 0.000000 -0.009359 0.800953 0.800953 0.800953
3917.082031 0.000000 2824.638916 0.000000 0.996122 0.000000 -0.087981 0.808973 0.808973 0.808973
3916.748535 0.000000 2825.835205 0.000000 0.731075 0.000000 0.682297 0.723514 0.723514 0.723514
3915.564209 0.000000 2840.121338 0.000000 0.411954 0.000000 0.911205 0.683249 0.683249 0.683249
3930.597656 0.000000 2830.780762 0.000000 0.660524 0.000000 -0.750805 0.886507 0.886507 0.886507
3918.674316 0.000000 2820.935303 0.000000 0.438837 0.000000 -0.898567 0.913725 0.913725 0.913725
3931.155029 0.000000 2827.737305 0.000000 0.109059 0.000000 -0.994035 0.948869 0.948869 0.948869
3931.558838 0.000000 2829.658203 0.000000 0.972169 0.000000 -0.234280 0.824087 0.824087 0.824087
3913.305420 0.000000 2839.462891 0.000000 0.939611 0.000000 0.342243 0.764420 0.764420 0.764420
3911.036621 0.000000 2836.594482 0.000000 0.349571 0.000000 -0.936910 0.923625 0.923625 0.923625
3933.761475 0.000000 2832.485596 0.000000 0.638640 0.000000 -0.769506 0.889439 0.889439 0.889439
3930.583252 0.000000 2826.720947 0.000000 0.918274 0.000000 -0.395944 0.841466 0.841466 0.841466
3914.901123 0.000000 2824.286621 0.000000 0.647568 0.000000 0.762008 0.711748 0.711748 0.711748
3921.199707 0.000000 2821.051758 0.000000 0.997459 0.000000 -0.071239 0.807262 0.807262 0.807262
3920.284180 0.000000 2821.708496 0.000000 0.331156 0.000000 -0.943576 0.925620 0.925620 0.925620
3908.519531 0.000000 2846.406006 0.000000 0.948192 0.000000 -0.317699 0.832931 0.832931 0.832931
3910.008301 0.000000 2837.430664 0.000000 0.207187 0.000000 -0.978301 0.938742 0.938742 0.938742
3929.668945 0.000000 2828.686768 0.000000 0.104166 0.000000 0.994560 0.650629 0.650629 0.650629
3931.020020 0.000000 2828.805908 0.000000 0.169703 0.000000 0.985495 0.657370 0.657370 0.657370
3910.033203 0.000000 2834.769287 0.000000 0.865827 0.000000 -0.500344 0.853374 0.853374 0.853374
3913.562744 0.000000 2840.487793 0.000000 0.463168 0.000000 -0.886270 0.910948 0.910948 0.910948
3910.343506 0.000000 2846.802979 0.000000 0.991155 0.000000 0.132706 0.786443 0.786443 0.786443
3911.922607 0.000000 2837.726318 0.000000 0.929051 0.000000 -0.369952 0.838600 0.838600 0.838600
3907.123535 0.000000 2847.216064 0.000000 0.906918 0.000000 -0.421308 0.844297 0.844297 0.844297
3932.317871 0.000000 2831.724854 0.000000 0.983065 0.000000 -0.183258 0.818773 0.818773 0.818773
3914.676025 0.000000 2825.245117 0.000000 0.752571 0.000000 -0.658511 0.873220 0.873220 0.873220
3929.451904 0.000000 2829.950195 0.000000 0.995502 0.000000 0.094740 0.790335 0.790335 0.790335
3914.418945 0.000000 2843.409668 0.000000 0.476760 0.000000 -0.879033 0.909379 0.909379 0.909379
3907.667725 0.000000 2846.065186 0.000000 0.113486 0.000000 -0.993540 0.948415 0.948415 0.948415
3936.750488 0.000000 2823.931396 0.000000 0.563113 0.000000 0.826380 0.700927 0.700927 0.700927
3950.183594 0.000000 2819.834961 0.000000 0.999343 0.000000 0.036245 0.796307 0.796307 0.796307
3944.025879 0.000000 2824.900635 0.000000 0.038784 0.000000 0.999248 0.800000 0.800000 0.800000
3955.565186 0.000000 2832.439941 0.000000 0.778834 0.000000 -0.627230 0.800000 0.800000 0.800000
3940.372803 0.000000 2819.959717 0.000000 0.817508 0.000000 0.575917 0.800000 0.800000 0.800000
3950.161133 0.000000 2836.472412 0.000000 0.999914 0.000000 0.013146 0.798661 0.798661 0.798661
3953.862549 0.000000 2816.124512 0.000000 0.128754 0.000000 0.991677 0.653151 0.653151 0.653151
3936.582275 0.000000 2816.014404 0.000000 0.431238 0.000000 -0.902238 0.800000 0.800000 0.800000
3961.744629 0.000000 2846.195068 0.000000 0.703746 0.000000 -0.710452 0.800000 0.800000 0.800000
3943.399170 0.000000 2829.211670 0.000000 0.274769 0.000000 -0.961510 0.800000 0.800000 0.800000
3958.344727 0.000000 2816.282715 0.000000 0.909485 0.000000 0.415738 0.800000 0.800000 0.800000
3956.550293 0.000000 2828.627441 0.000000 0.754936 0.000000 -0.655799 0.872854 0.872854 0.872854
3936.254150 0.000000 2820.108398 0.000000 0.980497 0.000000 0.196534 0.779850 0.779850 0.779850
3946.452637 0.000000 2835.263672 0.000000 0.181327 0.000000 0.983423 0.800000 0.800000 0.800000
3953.490723 0.000000 2835.378906 0.000000 0.724668 0.000000 0.689099 0.722562 0.722562 0.722562
3950.090576 0.000000 2833.265625 0.000000 0.490400 0.000000 -0.871497 0.800000 0.800000 0.800000
3953.032715 0.000000 2818.937988 0.000000 0.427390 0.000000 0.904067 0.684981 0.684981 0.684981
3961.621094 0.000000 2843.281982 0.000000 0.378909 0.000000 0.925434 0.800000 0.800000 0.800000
3951.014160 0.000000 2816.879883 0.000000 0.942183 0.000000 -0.335099 0.800000 0.800000 0.800000
3946.196045 0.000000 2829.211670 0.000000 0.192008 0.000000 -0.981393 0.940320 0.940320 0.940320
3938.424805 0.000000 2821.752441 0.000000 0.674552 0.000000 -0.738227 0.884588 0.884588 0.884588
3956.116211 0.000000 2817.561279 0.000000 0.737346 0.000000 -0.675515 0.875545 0.875545 0.875545
3952.394531 0.000000 2837.639893 0.000000 0.728137 0.000000 0.685432 0.800000 0.800000 0.800000
3953.028564 0.000000 2832.782715 0.000000 0.840679 0.000000 -0.541533 0.800000 0.800000 0.800000
3945.796875 0.000000 2826.737061 0.000000 0.708780 0.000000 -0.705430 0.879759 0.879759 0.879759
3937.910156 0.000000 2818.213623 0.000000 0.779675 0.000000 0.626184 0.731077 0.731077 0.731077
3957.661865 0.000000 2826.533447 0.000000 0.135126 0.000000 -0.990828 0.800000 0.800000 0.800000
3958.856934 0.000000 2829.007080 0.000000 0.159487 0.000000 0.987200 0.800000 0.800000 0.800000
3942.634766 0.000000 2826.760742 0.000000 0.908597 0.000000 0.417675 0.800000 0.800000 0.800000
3947.893311 0.000000 2824.931152 0.000000 0.951119 0.000000 0.308824 0.768021 0.768021 0.768021
3948.557617 0.000000 2834.748535 0.000000 0.813600 0.000000 -0.581425 0.863201 0.863201 0.863201
3955.112305 0.000000 2819.626465 0.000000 0.890251 0.000000 -0.455469 0.848169 0.848169 0.848169
3958.643799 0.000000 2818.654785 0.000000 0.846324 0.000000 0.532668 0.800000 0.800000 0.800000
3951.460938 0.000000 2834.784424 0.000000 0.998946 0.000000 0.045909 0.795322 0.795322 0.795322
3960.397705 0.000000 2840.639404 0.000000 0.443487 0.000000 0.896281 0.800000 0.800000 0.800000
3946.085938 0.000000 2837.116455 0.000000 0.738647 0.000000 0.674093 0.724651 0.724651 0.724651
3954.670654 0.000000 2828.294678 0.000000 0.144400 0.000000 0.989519 0.654760 0.654760 0.654760
3936.085205 0.000000 2822.143555 0.000000 0.979058 0.000000 0.203582 0.779117 0.779117 0.779117
3960.537109 0.000000 2844.790039 0.000000 0.196440 0.000000 0.980516 0.800000 0.800000 0.800000
3936.099609 0.000000 2818.283447 0.000000 0.863254 0.000000 0.504771 0.746105 0.746105 0.746105
3947.844971 0.000000 2836.453125 0.000000 0.655230 0.000000 -0.755429 0.887223 0.887223 0.887223
3954.942871 0.000000 2834.206787 0.000000 0.240080 0.000000 -0.970753 0.935304 0.935304 0.935304
3945.841797 0.000000 2824.814941 0.000000 0.983266 0.000000 0.182176 0.800000 0.800000 0.800000
3937.994385 0.000000 2820.045898 0.000000 0.368891 0.000000 -0.929473 0.921516 0.921516 0.921516
3944.255859 0.000000 2827.618652 0.000000 0.993397 0.000000 -0.114731 0.811712 0.811712 0.811712
3940.239014 0.000000 2821.706787 0.000000 0.943200 0.000000 0.332224 0.800000 0.800000 0.800000
3954.375977 0.000000 2817.871338 0.000000 0.873254 0.000000 0.487265 0.748158 0.748158 0.748158
3940.650146 0.000000 2818.273438 0.000000 0.770408 0.000000 -0.637551 0.800000 0.800000 0.800000
3962.643311 0.000000 2844.721924 0.000000 0.215550 0.000000 0.976493 0.662129 0.662129 0.662129
3959.774902 0.000000 2817.188232 0.000000 0.789264 0.000000 0.614055 0.800000 0.800000 0.800000
3951.282471 0.000000 2818.583008 0.000000 0.357812 0.000000 0.933794 0.677273 0.677273 0.677273
3952.692871 0.000000 2817.314697 0.000000 0.967302 0.000000 -0.253627 0.826120 0.826120 0.826120
3960.017334 0.000000 2843.195312 0.000000 0.236134 0.000000 -0.971721 0.800000 0.800000 0.800000
3941.989258 0.000000 2820.228760 0.000000 0.929932 0.000000 0.367731 0.800000 0.800000 0.800000
3963.452148 0.000000 2846.250244 0.000000 0.523115 0.000000 0.852262 0.696074 0.696074 0.696074
3951.555908 0.000000 2832.201416 0.000000 0.627521 0.000000 -0.778600 0.800000 0.800000 0.800000
3942.004883 0.000000 2829.967285 0.000000 0.232902 0.000000 0.972500 0.800000 0.800000 0.800000
3956.407227 0.000000 2816.043457 0.000000 0.891359 0.000000 -0.453298 0.847921 0.847921 0.847921
3947.788818 0.000000 2828.624512 0.000000 0.788365 0.000000 0.615208 0.732503 0.732503 0.732503
3963.168213 0.000000 2843.249268 0.000000 0.999680 0.000000 -0.025297 0.802577 0.802577 0.802577
3951.780273 0.000000 2836.291992 0.000000 0.815683 0.000000 -0.578499 0.862836 0.862836 0.862836
3939.146240 0.000000 2819.160889 0.000000 0.713271 0.000000 0.700888 0.800000 0.800000 0.800000
3957.584717 0.000000 2817.576416 0.000000 0.883564 0.000000 0.468310 0.750356 0.750356 0.750356
3958.787598 0.000000 2827.523682 0.000000 0.425349 0.000000 0.905029 0.800000 0.800000 0.800000
3961.089355 0.000000 2841.942871 0.000000 0.353399 0.000000 0.935473 0.800000 0.800000 0.800000
3956.843018 0.000000 2818.792236 0.000000 0.377331 0.000000 0.926078 0.800000 0.800000 0.800000
3937.936035 0.000000 2823.123535 0.000000 0.711097 0.000000 0.703094 0.720576 0.720576 0.720576
3947.054443 0.000000 2826.131104 0.000000 0.365298 0.000000 0.930891 0.678091 0.678091 0.678091
3949.906738 0.000000 2835.101074 0.000000 0.649977 0.000000 0.759954 0.712071 0.712071 0.712071
3952.758057 0.000000 2834.150146 0.000000 0.609103 0.000000 -0.793091 0.893290 0.893290 0.893290
3962.415283 0.000000 2847.482666 0.000000 0.004413 0.000000 -0.999990 0.959550 0.959550 0.959550
3939.356689 0.000000 2822.773193 0.000000 0.999986 0.000000 0.005289 0.800000 0.800000 0.800000
3944.767090 0.000000 2828.968506 0.000000 0.925692 0.000000 -0.378279 0.839515 0.839515 0.839515
3946.887939 0.000000 2827.594727 0.000000 0.751803 0.000000 -0.659388 0.873339 0.873339 0.873339
3937.121582 0.000000 2821.165771 0.000000 0.491600 0.000000 0.870821 0.692348 0.692348 0.692348
3952.229492 0.000000 2816.020264 0.000000 0.328593 0.000000 0.944471 0.674104 0.674104 0.674104
3944.356201 0.000000 2826.226807 0.000000 0.367600 0.000000 0.929984 0.678343 0.678343 0.678343
3942.478027 0.000000 2828.193604 0.000000 0.915667 0.000000 -0.401938 0.800000 0.800000 0.800000
3955.383057 0.000000 2829.428955 0.000000 0.980376 0.000000 -0.197136 0.820213 0.820213 0.820213
3955.165527 0.000000 2816.566895 0.000000 0.736759 0.000000 -0.676156 0.875634 0.875634 0.875634
3939.266113 0.000000 2820.687256 0.000000 0.592721 0.000000 0.805408 0.704623 0.704623 0.704623
3937.005371 0.000000 2817.260254 0.000000 0.954496 0.000000 -0.298223 0.800000 0.800000 0.800000
3941.715820 0.000000 2821.962158 0.000000 0.955754 0.000000 0.294167 0.800000 0.800000 0.800000
3956.528076 0.000000 2827.285400 0.000000 0.793820 0.000000 0.608153 0.800000 0.800000 0.800000
3954.315674 0.000000 2832.920898 0.000000 0.981082 0.000000 -0.193590 0.800000 0.800000 0.800000
3948.984619 0.000000 2837.040527 0.000000 0.048878 0.000000 0.998805 0.644981 0.644981 0.644981
3957.635010 0.000000 2829.374756 0.000000 0.733549 0.000000 -0.679637 0.876116 0.876116 0.876116
3937.031982 0.000000 2819.108887 0.000000 0.860553 0.000000 -0.509360 0.854438 0.854438 0.854438
3945.734131 0.000000 2828.044434 0.000000 0.320326 0.000000 -0.947307 0.926786 0.926786 0.926786
3957.627441 0.000000 2828.024170 0.000000 0.164553 0.000000 0.986368 0.656838 0.656838 0.656838
3954.684570 0.000000 2835.610107 0.000000 0.357348 0.000000 0.933972 0.677222 0.677222 0.677222
3956.487793 0.000000 2829.906006 0.000000 0.585665 0.000000 -0.810553 0.896267 0.896267 0.896267
3948.971436 0.000000 2835.848633 0.000000 0.149403 0.000000 0.988776 0.655275 0.655275 0.655275
3963.612305 0.000000 2847.450684 0.000000 0.969218 0.000000 -0.246206 0.825339 0.825339 0.825339
3955.414062 0.000000 2818.489258 0.000000 0.457726 0.000000 0.889093 0.688428 0.688428 0.688428
3962.337646 0.000000 2842.353027 0.000000 0.936096 0.000000 -0.351745 0.836612 0.836612 0.836612
3946.901123 0.000000 2824.286621 0.000000 0.765526 0.000000 0.643405 0.728807 0.728807 0.728807
3950.183594 0.000000 2818.280518 0.000000 0.897807 0.000000 0.440388 0.753549 0.753549 0.753549
3951.359131 0.000000 2819.767578 0.000000 0.859411 0.000000 -0.511285 0.854666 0.854666 0.854666
3953.836182 0.000000 2834.339355 0.000000 0.992431 0.000000 0.122805 0.787460 0.787460 0.787460
3949.411133 0.000000 2834.111084 0.000000 0.826679 0.000000 -0.562674 0.860873 0.860873 0.860873
3952.413086 0.000000 2835.275391 0.000000 0.157918 0.000000 0.987452 0.656153 0.656153 0.656153
3955.876221 0.000000 2834.651855 0.000000 0.025620 0.000000 -0.999672 0.957390 0.957390 0.957390
3936.084961 0.000000 2821.102295 0.000000 0.547840 0.000000 -0.836583 0.900944 0.900944 0.900944
3957.302490 0.000000 2816.587402 0.000000 0.491502 0.000000 0.870876 0.692337 0.692337 0.692337
3963.322754 0.000000 2842.092041 0.000000 0.657178 0.000000 0.753735 0.713040 0.713040 0.713040
3944.052490 0.000000 2829.964111 0.000000 0.997877 0.000000 0.065123 0.793362 0.793362 0.793362
3953.434814 0.000000 2818.048096 0.000000 0.198500 0.000000 0.980101 0.660354 0.660354 0.660354
3962.618652 0.000000 2845.707520 0.000000 0.569254 0.000000 -0.822162 0.898314 0.898314 0.898314
3952.401855 0.000000 2819.647217 0.000000 0.093043 0.000000 -0.995662 0.950509 0.950509 0.950509
3963.478271 0.000000 2845.282959 0.000000 0.752191 0.000000 -0.658945 0.873279 0.873279 0.873279
3948.120605 0.000000 2837.467285 0.000000 0.581592 0.000000 0.813481 0.703222 0.703222 0.703222
3952.252197 0.000000 2818.428223 0.000000 0.929165 0.000000 -0.369665 0.838569 0.838569 0.838569
3962.383545 0.000000 2843.806885 0.000000 0.121776 0.000000 0.992558 0.652435 0.652435 0.652435
3947.088379 0.000000 2829.313721 0.000000 0.830734 0.000000 0.556670 0.739865 0.739865 0.739865
3918.183594 0.000000 2851.834961 0.000000 0.655305 0.000000 0.755364 0.712787 0.712787 0.712787
3923.844971 0.000000 2878.519531 0.000000 0.994113 0.000000 -0.108350 0.800000 0.800000 0.800000
3912.025879 0.000000 2856.900635 0.000000 0.606645 0.000000 -0.794973 0.893605 0.893605 0.893605
3911.825195 0.000000 2848.071533 0.000000 0.841019 0.000000 -0.541006 0.858226 0.858226 0.858226
3907.295410 0.000000 2862.797363 0.000000 0.280251 0.000000 0.959927 0.668934 0.668934 0.668934
3906.681885 0.000000 2875.806152 0.000000 0.067180 0.000000 0.997741 0.800000 0.800000 0.800000
3908.372803 0.000000 2851.959717 0.000000 0.098615 0.000000 0.995126 0.650061 0.650061 0.650061
3929.744629 0.000000 2878.195068 0.000000 0.901021 0.000000 -0.433775 0.800000 0.800000 0.800000
3911.005127 0.000000 2874.616211 0.000000 0.899872 0.000000 -0.436154 0.845971 0.845971 0.845971
3911.399170 0.000000 2861.211670 0.000000 0.606075 0.000000 0.795407 0.706322 0.706322 0.706322
3917.705078 0.000000 2879.897949 0.000000 0.662924 0.000000 -0.748687 0.800000 0.800000 0.800000
3904.374512 0.000000 2859.903809 0.000000 0.001010 0.000000 0.999999 0.800000 0.800000 0.800000
3935.983887 0.000000 2873.194336 0.000000 0.225789 0.000000 -0.974176 0.936801 0.936801 0.936801
3921.490723 0.000000 2867.378906 0.000000 0.247958 0.000000 -0.968771 0.934477 0.934477 0.934477
3904.324463 0.000000 2878.699219 0.000000 0.475896 0.000000 -0.879502 0.800000 0.800000 0.800000
3907.864258 0.000000 2848.624512 0.000000 0.954780 0.000000 -0.297312 0.830749 0.830749 0.830749
3918.090576 0.000000 2865.265625 0.000000 0.997366 0.000000 -0.072534 0.807395 0.807395 0.807395
3921.032715 0.000000 2850.937988 0.000000 0.918282 0.000000 0.395927 0.758536 0.758536 0.758536
3919.014160 0.000000 2848.879883 0.000000 0.552989 0.000000 -0.833189 0.900316 0.900316 0.900316
3910.954346 0.000000 2850.892090 0.000000 0.136813 0.000000 0.990597 0.653979 0.653979 0.653979
3906.424805 0.000000 2853.752441 0.000000 0.035984 0.000000 0.999352 0.800000 0.800000 0.800000
3934.908203 0.000000 2875.572510 0.000000 0.117025 0.000000 -0.993129 0.948053 0.948053 0.948053
3908.546387 0.000000 2873.718994 0.000000 0.209434 0.000000 -0.977823 0.938508 0.938508 0.938508
3921.028564 0.000000 2864.782715 0.000000 0.913542 0.000000 -0.406745 0.800000 0.800000 0.800000
3913.796875 0.000000 2858.737061 0.000000 0.719169 0.000000 0.694835 0.721753 0.721753 0.721753
3905.856201 0.000000 2858.018311 0.000000 0.698422 0.000000 0.715687 0.800000 0.800000 0.800000
3910.634766 0.000000 2858.760742 0.000000 0.539681 0.000000 0.841869 0.698066 0.698066 0.698066
3924.506104 0.000000 2876.297363 0.000000 0.004581 0.000000 -0.999990 0.800000 0.800000 0.800000
3909.052734 0.000000 2875.980469 0.000000 0.999836 0.000000 -0.018115 0.801845 0.801845 0.801845
3912.943359 0.000000 2879.228271 0.000000 0.560647 0.000000 -0.828055 0.800000 0.800000 0.800000
3927.577393 0.000000 2879.219971 0.000000 0.697287 0.000000 0.716792 0.718595 0.718595 0.718595
3906.279297 0.000000 2864.670898 0.000000 0.624914 0.000000 -0.780694 0.891243 0.891243 0.891243
3915.893311 0.000000 2856.931152 0.000000 0.807504 0.000000 -0.589862 0.864262 0.864262 0.864262
3916.557617 0.000000 2866.748535 0.000000 0.457136 0.000000 0.889397 0.800000 0.800000 0.800000
3934.097168 0.000000 2872.304688 0.000000 0.872275 0.000000 -0.489016 0.852046 0.852046 0.852046
3922.363037 0.000000 2876.705566 0.000000 0.741380 0.000000 0.671085 0.800000 0.800000 0.800000
3919.460938 0.000000 2866.784424 0.000000 0.464299 0.000000 0.885678 0.689182 0.689182 0.689182
3909.978027 0.000000 2849.123779 0.000000 0.748275 0.000000 0.663389 0.726118 0.726118 0.726118
3917.063965 0.000000 2850.168945 0.000000 0.940300 0.000000 -0.340347 0.800000 0.800000 0.800000
3915.904785 0.000000 2879.021973 0.000000 0.425269 0.000000 0.905067 0.684743 0.684743 0.684743
3917.092285 0.000000 2848.144287 0.000000 0.730150 0.000000 -0.683286 0.876624 0.876624 0.876624
3912.813477 0.000000 2854.346436 0.000000 0.856766 0.000000 0.515706 0.800000 0.800000 0.800000
3922.084961 0.000000 2879.367432 0.000000 0.689559 0.000000 -0.724230 0.800000 0.800000 0.800000
3925.621826 0.000000 2879.278564 0.000000 0.990560 0.000000 -0.137077 0.814007 0.814007 0.814007
3920.194092 0.000000 2852.557861 0.000000 0.999753 0.000000 -0.022217 0.802263 0.802263 0.802263
3913.841797 0.000000 2856.814941 0.000000 0.744376 0.000000 0.667760 0.725521 0.725521 0.725521
3904.088867 0.000000 2858.001709 0.000000 0.978657 0.000000 -0.205499 0.800000 0.800000 0.800000
3912.255859 0.000000 2859.618652 0.000000 0.915618 0.000000 -0.402049 0.842145 0.842145 0.842145
3908.650146 0.000000 2850.273438 0.000000 0.998209 0.000000 0.059820 0.793903 0.793903 0.793903
3934.001221 0.000000 2874.108643 0.000000 0.990174 0.000000 -0.139842 0.814291 0.814291 0.814291
3907.133057 0.000000 2872.600098 0.000000 0.995074 0.000000 -0.099134 0.800000 0.800000 0.800000
3919.282471 0.000000 2850.583008 0.000000 0.740543 0.000000 0.672009 0.724938 0.724938 0.724938
3916.396240 0.000000 2865.099121 0.000000 0.893860 0.000000 0.448346 0.800000 0.800000 0.800000
3908.206787 0.000000 2877.353027 0.000000 0.999932 0.000000 -0.011633 0.800000 0.800000 0.800000
3910.037354 0.000000 2873.124512 0.000000 0.216725 0.000000 0.976233 0.662252 0.662252 0.662252
3906.095215 0.000000 2848.526367 0.000000 0.960977 0.000000 0.276630 0.771450 0.771450 0.771450
3906.979736 0.000000 2874.207031 0.000000 0.189854 0.000000 0.981812 0.800000 0.800000 0.800000
3919.555908 0.000000 2864.201416 0.000000 0.706396 0.000000 0.707817 0.719898 0.719898 0.719898
3910.004883 0.000000 2861.967285 0.000000 0.985135 0.000000 -0.171779 0.817585 0.817585 0.817585
3925.174561 0.000000 2877.702393 0.000000 0.822676 0.000000 -0.568510 0.800000 0.800000 0.800000
3907.146240 0.000000 2851.160889 0.000000 0.839890 0.000000 0.542757 0.741562 0.741562 0.741562
3916.598633 0.000000 2851.608154 0.000000 0.616905 0.000000 0.787037 0.800000 0.800000 0.800000
3917.214600 0.000000 2878.393555 0.000000 0.679901 0.000000 0.733304 0.800000 0.800000 0.800000
3911.705078 0.000000 2849.487549 0.000000 0.049287 0.000000 0.998785 0.645022 0.645022 0.645022
3915.054443 0.000000 2858.131104 0.000000 0.358597 0.000000 0.933492 0.800000 0.800000 0.800000
3917.906738 0.000000 2867.101074 0.000000 0.088629 0.000000 -0.996065 0.800000 0.800000 0.800000
3920.758057 0.000000 2866.150146 0.000000 0.295435 0.000000 0.955363 0.670549 0.670549 0.670549
3912.767090 0.000000 2860.968506 0.000000 0.142172 0.000000 -0.989842 0.800000 0.800000 0.800000
3914.385498 0.000000 2878.940186 0.000000 0.840326 0.000000 0.542082 0.741644 0.741644 0.741644
3914.887939 0.000000 2859.594727 0.000000 0.991783 0.000000 0.127930 0.800000 0.800000 0.800000
3912.356201 0.000000 2858.226807 0.000000 0.316166 0.000000 0.948704 0.672767 0.672767 0.672767
3910.478027 0.000000 2860.193604 0.000000 0.050177 0.000000 -0.998740 0.954887 0.954887 0.954887
3907.937988 0.000000 2875.171631 0.000000 0.800162 0.000000 0.599784 0.800000 0.800000 0.800000
3913.021729 0.000000 2855.747803 0.000000 0.985634 0.000000 -0.168893 0.800000 0.800000 0.800000
3907.266113 0.000000 2852.687256 0.000000 0.475927 0.000000 0.879485 0.800000 0.800000 0.800000
3909.501953 0.000000 2874.658447 0.000000 0.368571 0.000000 0.929600 0.678449 0.678449 0.678449
3905.641113 0.000000 2859.508301 0.000000 0.997551 0.000000 0.069946 0.800000 0.800000 0.800000
3922.573975 0.000000 2878.010986 0.000000 0.417805 0.000000 -0.908537 0.800000 0.800000 0.800000
3909.088867 0.000000 2848.176758 0.000000 0.347886 0.000000 -0.937537 0.923808 0.923808 0.923808
3907.413330 0.000000 2849.888672 0.000000 0.978082 0.000000 0.208218 0.778635 0.778635 0.778635
3935.326660 0.000000 2874.330078 0.000000 0.320846 0.000000 -0.947131 0.926730 0.926730 0.926730
3908.926514 0.000000 2872.472412 0.000000 0.970099 0.000000 0.242708 0.775029 0.775029 0.775029
3911.284180 0.000000 2872.928223 0.000000 0.200119 0.000000 0.979772 0.660522 0.660522 0.660522
3921.719727 0.000000 2852.006348 0.000000 0.797016 0.000000 -0.603958 0.866051 0.866051 0.866051
3910.927979 0.000000 2857.527344 0.000000 0.988243 0.000000 -0.152891 0.815635 0.815635 0.815635
3919.664307 0.000000 2865.519531 0.000000 0.997571 0.000000 -0.069650 0.807100 0.807100 0.807100
3907.463379 0.000000 2864.063477 0.000000 0.703167 0.000000 0.711025 0.719434 0.719434 0.719434
3909.750732 0.000000 2851.010254 0.000000 0.818768 0.000000 0.574125 0.737710 0.737710 0.737710
3915.131592 0.000000 2879.998535 0.000000 0.643097 0.000000 -0.765785 0.888848 0.888848 0.888848
3907.355469 0.000000 2865.322998 0.000000 0.995888 0.000000 0.090598 0.790759 0.790759 0.790759
3910.552002 0.000000 2848.014648 0.000000 0.142179 0.000000 0.989841 0.654531 0.654531 0.654531
3918.674316 0.000000 2852.935303 0.000000 0.994881 0.000000 -0.101056 0.810311 0.810311 0.810311
3914.901123 0.000000 2856.286621 0.000000 0.243472 0.000000 0.969908 0.665052 0.665052 0.665052
3918.183594 0.000000 2850.280518 0.000000 0.608384 0.000000 0.793643 0.706618 0.706618 0.706618
3921.199707 0.000000 2853.051758 0.000000 0.012377 0.000000 0.999923 0.641261 0.641261 0.641261
3920.284180 0.000000 2853.708496 0.000000 0.518138 0.000000 -0.855297 0.904520 0.904520 0.904520
3919.359131 0.000000 2851.767578 0.000000 0.277714 0.000000 -0.960664 0.931335 0.931335 0.931335
3921.836182 0.000000 2866.339355 0.000000 0.838809 0.000000 -0.544426 0.858641 0.858641 0.858641
3920.413086 0.000000 2867.275391 0.000000 0.331603 0.000000 -0.943419 0.925571 0.925571 0.925571
3918.868408 0.000000 2867.653076 0.000000 0.112985 0.000000 -0.993597 0.948467 0.948467 0.948467
3913.354248 0.000000 2857.750244 0.000000 0.566477 0.000000 0.824078 0.701342 0.701342 0.701342
3908.826660 0.000000 2849.200439 0.000000 0.877037 0.000000 -0.480422 0.851045 0.851045 0.851045
3924.379150 0.000000 2879.418945 0.000000 0.931012 0.000000 -0.364987 0.838057 0.838057 0.838057
3918.573242 0.000000 2866.239990 0.000000 0.980144 0.000000 -0.198288 0.820332 0.820332 0.820332
3918.232422 0.000000 2848.195557 0.000000 0.999969 0.000000 -0.007892 0.800804 0.800804 0.800804
3919.722656 0.000000 2849.659912 0.000000 0.464319 0.000000 -0.885668 0.910816 0.910816 0.910816
3910.682861 0.000000 2856.563477 0.000000 0.457816 0.000000 0.889047 0.688438 0.688438 0.688438
3915.119873 0.000000 2878.306641 0.000000 0.717466 0.000000 0.696594 0.721503 0.721503 0.721503
3906.961182 0.000000 2849.017822 0.000000 0.042371 0.000000 0.999102 0.644317 0.644317 0.644317
3911.230225 0.000000 2859.547607 0.000000 0.615226 0.000000 -0.788350 0.892501 0.892501 0.892501
3921.434814 0.000000 2850.048096 0.000000 0.060711 0.000000 -0.998155 0.953812 0.953812 0.953812
3934.031494 0.000000 2875.080811 0.000000 0.732044 0.000000 0.681258 0.723659 0.723659 0.723659
3920.401855 0.000000 2851.647217 0.000000 0.433306 0.000000 0.901247 0.685649 0.685649 0.685649
3914.676025 0.000000 2857.245117 0.000000 1.000000 0.000000 0.000953 0.799903 0.799903 0.799903
3911.003662 0.000000 2848.835205 0.000000 0.939572 0.000000 0.342350 0.764409 0.764409 0.764409
3908.082764 0.000000 2851.062012 0.000000 0.300713 0.000000 -0.953715 0.928888 0.928888 0.928888
3920.252197 0.000000 2850.428223 0.000000 0.238532 0.000000 0.971135 0.664533 0.664533 0.664533
3924.854492 0.000000 2878.575928 0.000000 0.868323 0.000000 0.495999 0.747137 0.747137 0.747137
3906.255859 0.000000 2851.065674 0.000000 0.392888 0.000000 0.919586 0.681128 0.681128 0.681128
3911.505371 0.000000 2858.556641 0.000000 0.253674 0.000000 0.967290 0.666125 0.666125 0.666125
3912.930664 0.000000 2858.996826 0.000000 0.955306 0.000000 0.295618 0.769432 0.769432 0.769432
3919.193848 0.000000 2848.022949 0.000000 0.112340 0.000000 0.993670 0.651467 0.651467 0.651467
3912.971436 0.000000 2856.960205 0.000000 0.027655 0.000000 -0.999618 0.957183 0.957183 0.957183
3919.537842 0.000000 2853.248779 0.000000 0.976354 0.000000 0.216178 0.777805 0.777805 0.777805
3925.757080 0.000000 2878.358398 0.000000 0.895582 0.000000 0.444896 0.753037 0.753037 0.753037
3946.484375 0.000000 2877.530273 0.000000 0.731231 0.000000 0.682130 0.800000 0.800000 0.800000
3963.529053 0.000000 2848.375977 0.000000 0.980761 0.000000 -0.195211 0.820013 0.820013 0.820013
3961.993164 0.000000 2866.484131 0.000000 0.691182 0.000000 0.722681 0.800000 0.800000 0.800000
3955.844971 0.000000 2878.519531 0.000000 0.945117 0.000000 0.326733 0.766097 0.766097 0.766097
3950.161133 0.000000 2868.472412 0.000000 0.033798 0.000000 -0.999429 0.800000 0.800000 0.800000
3949.705078 0.000000 2879.897949 0.000000 0.996708 0.000000 0.081072 0.800000 0.800000 0.800000
3959.549561 0.000000 2863.383057 0.000000 0.997321 0.000000 0.073150 0.800000 0.800000 0.800000
3941.585693 0.000000 2878.219971 0.000000 0.999651 0.000000 0.026421 0.797309 0.797309 0.797309
3953.490723 0.000000 2867.378906 0.000000 0.819584 0.000000 0.572960 0.737854 0.737854 0.737854
3937.410156 0.000000 2872.737793 0.000000 0.458247 0.000000 0.888825 0.688487 0.688487 0.688487
3958.093262 0.000000 2865.928223 0.000000 0.861618 0.000000 0.507557 0.800000 0.800000 0.800000
3963.257080 0.000000 2851.640137 0.000000 0.500838 0.000000 0.865541 0.693432 0.693432 0.693432
3949.086914 0.000000 2876.827637 0.000000 0.203373 0.000000 -0.979101 0.800000 0.800000 0.800000
3936.136475 0.000000 2875.778564 0.000000 0.867520 0.000000 -0.497402 0.853028 0.853028 0.853028
3943.940430 0.000000 2877.032715 0.000000 0.960857 0.000000 0.277044 0.800000 0.800000 0.800000
3952.394531 0.000000 2869.639893 0.000000 0.998703 0.000000 -0.050916 0.805189 0.805189 0.805189
3938.792969 0.000000 2878.279297 0.000000 0.138729 0.000000 -0.990330 0.800000 0.800000 0.800000
3944.943359 0.000000 2879.228271 0.000000 0.227480 0.000000 0.973783 0.800000 0.800000 0.800000
3948.557617 0.000000 2866.748535 0.000000 0.992363 0.000000 0.123354 0.787403 0.787403 0.787403
3965.141602 0.000000 2849.673584 0.000000 0.787058 0.000000 -0.616879 0.800000 0.800000 0.800000
3954.363037 0.000000 2876.705566 0.000000 0.982574 0.000000 0.185871 0.800000 0.800000 0.800000
3951.460938 0.000000 2866.784424 0.000000 0.986633 0.000000 -0.162957 0.816673 0.816673 0.816673
3960.093506 0.000000 2865.496338 0.000000 0.854509 0.000000 0.519436 0.744365 0.744365 0.744365
3947.904785 0.000000 2879.021973 0.000000 0.009999 0.000000 -0.999950 0.800000 0.800000 0.800000
3954.084961 0.000000 2879.367432 0.000000 0.736565 0.000000 0.676367 0.724337 0.724337 0.724337
3962.506592 0.000000 2849.893066 0.000000 0.081942 0.000000 0.996637 0.648356 0.648356 0.648356
3943.091309 0.000000 2879.415527 0.000000 0.016433 0.000000 -0.999865 0.800000 0.800000 0.800000
3937.318115 0.000000 2874.482666 0.000000 0.693359 0.000000 -0.720592 0.881962 0.881962 0.881962
3940.132812 0.000000 2879.408691 0.000000 0.766712 0.000000 -0.641991 0.871005 0.871005 0.871005
3963.681152 0.000000 2867.062500 0.000000 0.522282 0.000000 0.852773 0.800000 0.800000 0.800000
3952.211670 0.000000 2879.600098 0.000000 0.159229 0.000000 -0.987242 0.800000 0.800000 0.800000
3965.324219 0.000000 2848.007324 0.000000 0.772997 0.000000 -0.634410 0.800000 0.800000 0.800000
3948.396240 0.000000 2865.099121 0.000000 0.956112 0.000000 -0.293000 0.830289 0.830289 0.830289
3938.411377 0.000000 2879.850586 0.000000 0.962880 0.000000 -0.269930 0.800000 0.800000 0.800000
3940.206787 0.000000 2877.353027 0.000000 0.998220 0.000000 -0.059641 0.806079 0.806079 0.806079
3958.055908 0.000000 2864.229248 0.000000 0.946577 0.000000 -0.322477 0.800000 0.800000 0.800000
3963.190430 0.000000 2865.447021 0.000000 0.528159 0.000000 -0.849146 0.903322 0.903322 0.903322
3942.683350 0.000000 2876.139160 0.000000 0.907247 0.000000 -0.420599 0.800000 0.800000 0.800000
3936.043213 0.000000 2873.542969 0.000000 0.339055 0.000000 0.940766 0.675234 0.675234 0.675234
3951.780273 0.000000 2868.291992 0.000000 0.540645 0.000000 -0.841251 0.800000 0.800000 0.800000
3960.767090 0.000000 2864.208496 0.000000 0.653291 0.000000 0.757107 0.712516 0.712516 0.712516
3964.631104 0.000000 2851.099609 0.000000 0.146040 0.000000 -0.989279 0.945071 0.945071 0.945071
3945.299805 0.000000 2876.437500 0.000000 0.991819 0.000000 -0.127655 0.800000 0.800000 0.800000
3949.214600 0.000000 2878.393555 0.000000 0.041740 0.000000 -0.999129 0.800000 0.800000 0.800000
3941.629883 0.000000 2879.727539 0.000000 0.750942 0.000000 -0.660368 0.873472 0.873472 0.873472
3949.906738 0.000000 2867.101074 0.000000 0.974442 0.000000 0.224637 0.776922 0.776922 0.776922
3952.758057 0.000000 2866.150146 0.000000 0.342724 0.000000 0.939436 0.675632 0.675632 0.675632
3947.887939 0.000000 2877.594971 0.000000 0.552562 0.000000 0.833472 0.800000 0.800000 0.800000
3962.395996 0.000000 2867.837158 0.000000 0.685631 0.000000 -0.727949 0.800000 0.800000 0.800000
3945.160400 0.000000 2877.869141 0.000000 0.752449 0.000000 0.658651 0.800000 0.800000 0.800000
3946.385498 0.000000 2878.940186 0.000000 0.886416 0.000000 0.462889 0.800000 0.800000 0.800000
3960.734375 0.000000 2867.037598 0.000000 0.531650 0.000000 0.846964 0.800000 0.800000 0.800000
3942.909180 0.000000 2877.996338 0.000000 0.645604 0.000000 -0.763672 0.800000 0.800000 0.800000
3958.524414 0.000000 2862.308350 0.000000 0.909278 0.000000 0.416189 0.800000 0.800000 0.800000
3963.851074 0.000000 2849.918701 0.000000 0.957968 0.000000 0.286875 0.770363 0.770363 0.770363
3961.734863 0.000000 2865.158447 0.000000 0.835578 0.000000 -0.549372 0.859243 0.859243 0.859243
3954.573975 0.000000 2878.010986 0.000000 0.805388 0.000000 -0.592747 0.864626 0.864626 0.864626
3953.218994 0.000000 2868.648926 0.000000 0.947454 0.000000 0.319893 0.766833 0.766833 0.766833
3963.468994 0.000000 2864.166260 0.000000 0.999991 0.000000 -0.004344 0.800442 0.800442 0.800442
3962.350830 0.000000 2848.605957 0.000000 0.833436 0.000000 0.552616 0.740361 0.740361 0.740361
3941.737549 0.000000 2876.952637 0.000000 0.790346 0.000000 0.612661 0.732832 0.732832 0.732832
3949.170898 0.000000 2864.175049 0.000000 0.136730 0.000000 -0.990608 0.946029 0.946029 0.946029
3955.366943 0.000000 2879.605713 0.000000 0.998243 0.000000 -0.059254 0.806039 0.806039 0.806039
3953.836182 0.000000 2866.339355 0.000000 0.989167 0.000000 0.146792 0.784994 0.784994 0.784994
3940.519531 0.000000 2878.406006 0.000000 0.395212 0.000000 -0.918590 0.918615 0.918615 0.918615
3952.413086 0.000000 2867.275391 0.000000 0.267066 0.000000 -0.963678 0.932463 0.932463 0.932463
3950.868408 0.000000 2867.653076 0.000000 0.590702 0.000000 -0.806890 0.895632 0.895632 0.895632
3965.595703 0.000000 2850.656494 0.000000 0.455966 0.000000 -0.889997 0.911774 0.911774 0.911774
3950.573242 0.000000 2866.239990 0.000000 0.205339 0.000000 0.978691 0.661066 0.661066 0.661066
3936.363525 0.000000 2874.835205 0.000000 0.263473 0.000000 0.964667 0.667158 0.667158 0.667158
3963.188721 0.000000 2849.246582 0.000000 0.822740 0.000000 0.568418 0.738418 0.738418 0.738418
3953.988281 0.000000 2868.172607 0.000000 0.810968 0.000000 -0.585090 0.863661 0.863661 0.863661
3954.853027 0.000000 2878.872803 0.000000 0.752225 0.000000 0.658907 0.726726 0.726726 0.726726
3886.183594 0.000000 2883.834961 0.000000 0.923040 0.000000 -0.384704 0.840223 0.840223 0.840223
3899.529053 0.000000 2880.375977 0.000000 0.987572 0.000000 -0.157169 0.800000 0.800000 0.800000
3888.959717 0.000000 2890.489014 0.000000 0.918375 0.000000 0.395712 0.758559 0.758559 0.758559
3889.862549 0.000000 2880.124512 0.000000 0.406411 0.000000 0.913691 0.682630 0.682630 0.682630
3903.730469 0.000000 2897.468262 0.000000 0.680669 0.000000 0.732591 0.800000 0.800000 0.800000
3902.857666 0.000000 2910.204834 0.000000 0.100623 0.000000 0.994925 0.800000 0.800000 0.800000
3889.279785 0.000000 2886.307373 0.000000 0.842950 0.000000 0.537993 0.742139 0.742139 0.742139
3900.629150 0.000000 2896.770752 0.000000 0.935694 0.000000 -0.352813 0.836728 0.836728 0.836728
3889.032715 0.000000 2882.937988 0.000000 0.971740 0.000000 -0.236054 0.824273 0.824273 0.824273
3887.014160 0.000000 2880.879883 0.000000 0.850494 0.000000 0.525985 0.743583 0.743583 0.743583
3902.978760 0.000000 2880.691162 0.000000 0.239375 0.000000 -0.970927 0.935378 0.935378 0.935378
3899.257080 0.000000 2883.640137 0.000000 0.142554 0.000000 -0.989787 0.800000 0.800000 0.800000
3901.387451 0.000000 2899.185791 0.000000 0.046571 0.000000 0.998915 0.644745 0.644745 0.644745
3886.793945 0.000000 2891.786133 0.000000 0.778424 0.000000 0.627739 0.730874 0.730874 0.730874
3887.752686 0.000000 2888.400391 0.000000 0.618633 0.000000 -0.785680 0.892060 0.892060 0.892060
3891.775635 0.000000 2886.120361 0.000000 0.920472 0.000000 0.390808 0.800000 0.800000 0.800000
3887.149414 0.000000 2886.040283 0.000000 0.734663 0.000000 -0.678432 0.875949 0.875949 0.875949
3891.112305 0.000000 2883.626465 0.000000 0.920422 0.000000 0.390927 0.800000 0.800000 0.800000
3901.141602 0.000000 2881.673584 0.000000 0.524465 0.000000 0.851432 0.696235 0.696235 0.696235
3903.358643 0.000000 2888.318359 0.000000 0.999929 0.000000 -0.011885 0.800000 0.800000 0.800000
3888.194092 0.000000 2884.557861 0.000000 0.746428 0.000000 0.665467 0.725834 0.725834 0.725834
3898.506592 0.000000 2881.893066 0.000000 0.870260 0.000000 -0.492593 0.800000 0.800000 0.800000
3901.324219 0.000000 2880.007324 0.000000 0.756506 0.000000 -0.653987 0.872610 0.872610 0.872610
3887.282471 0.000000 2882.583008 0.000000 0.591592 0.000000 0.806238 0.704480 0.704480 0.704480
3888.692871 0.000000 2881.314697 0.000000 0.405146 0.000000 -0.914252 0.917511 0.917511 0.917511
3902.019775 0.000000 2897.631104 0.000000 0.628382 0.000000 -0.777905 0.800000 0.800000 0.800000
3890.383789 0.000000 2885.118652 0.000000 0.599510 0.000000 0.800367 0.705484 0.705484 0.705484
3887.504639 0.000000 2889.930908 0.000000 0.956489 0.000000 -0.291769 0.830158 0.830158 0.830158
3890.576660 0.000000 2886.986572 0.000000 0.848415 0.000000 -0.529331 0.800000 0.800000 0.800000
3900.631104 0.000000 2883.099609 0.000000 0.999950 0.000000 -0.009993 0.801018 0.801018 0.801018
3889.093750 0.000000 2887.772949 0.000000 0.993556 0.000000 -0.113341 0.811570 0.811570 0.811570
3888.229492 0.000000 2880.020264 0.000000 0.799330 0.000000 -0.600893 0.865660 0.865660 0.865660
3889.029053 0.000000 2889.145508 0.000000 0.735485 0.000000 -0.677541 0.800000 0.800000 0.800000
3886.892334 0.000000 2887.335938 0.000000 0.195775 0.000000 0.980649 0.660071 0.660071 0.660071
3899.851074 0.000000 2881.918701 0.000000 0.476409 0.000000 -0.879224 0.800000 0.800000 0.800000
3900.605469 0.000000 2898.131836 0.000000 0.172985 0.000000 -0.984924 0.942291 0.942291 0.942291
3902.437988 0.000000 2881.881348 0.000000 0.436105 0.000000 -0.899896 0.914034 0.914034 0.914034
3888.130615 0.000000 2886.873779 0.000000 0.556336 0.000000 0.830957 0.700094 0.700094 0.700094
3888.092529 0.000000 2891.413818 0.000000 0.784935 0.000000 -0.619578 0.868063 0.868063 0.868063
3889.719727 0.000000 2884.006348 0.000000 0.921924 0.000000 -0.387372 0.840517 0.840517 0.840517
3886.370361 0.000000 2888.517090 0.000000 0.746348 0.000000 -0.665556 0.874178 0.874178 0.874178
3886.674316 0.000000 2884.935303 0.000000 0.199082 0.000000 -0.979983 0.939585 0.939585 0.939585
3901.761475 0.000000 2896.485596 0.000000 0.544640 0.000000 0.838670 0.698667 0.698667 0.698667
3886.183594 0.000000 2882.280518 0.000000 0.222882 0.000000 0.974846 0.662895 0.662895 0.662895
3889.199707 0.000000 2885.051758 0.000000 0.514798 0.000000 0.857311 0.695083 0.695083 0.695083
3888.284180 0.000000 2885.708496 0.000000 0.775453 0.000000 0.631405 0.730393 0.730393 0.730393
3887.359131 0.000000 2883.767578 0.000000 0.057762 0.000000 -0.998330 0.954113 0.954113 0.954113
3886.098389 0.000000 2886.554443 0.000000 0.698926 0.000000 0.715194 0.718828 0.718828 0.718828
3903.505859 0.000000 2881.610840 0.000000 0.134942 0.000000 -0.990853 0.946213 0.946213 0.946213
3900.549316 0.000000 2880.772461 0.000000 0.698315 0.000000 -0.715790 0.881259 0.881259 0.881259
3901.595703 0.000000 2882.656494 0.000000 0.325410 0.000000 0.945573 0.673761 0.673761 0.673761
3886.232422 0.000000 2880.195557 0.000000 0.628625 0.000000 0.777709 0.709242 0.709242 0.709242
3887.722656 0.000000 2881.659912 0.000000 0.609597 0.000000 -0.792711 0.893226 0.893226 0.893226
3901.889160 0.000000 2880.942383 0.000000 0.999054 0.000000 0.043489 0.795569 0.795569 0.795569
3886.778320 0.000000 2890.668457 0.000000 0.410307 0.000000 0.911947 0.683065 0.683065 0.683065
3889.695312 0.000000 2881.115967 0.000000 0.665055 0.000000 -0.746794 0.885891 0.885891 0.885891
3889.434814 0.000000 2882.048096 0.000000 0.895565 0.000000 0.444931 0.753033 0.753033 0.753033
3888.401855 0.000000 2883.647217 0.000000 0.751900 0.000000 0.659277 0.726676 0.726676 0.726676
3888.252197 0.000000 2882.428223 0.000000 0.928117 0.000000 0.372289 0.761143 0.761143 0.761143
3902.258789 0.000000 2880.109375 0.000000 0.818844 0.000000 0.574015 0.737723 0.737723 0.737723
3887.132080 0.000000 2889.079102 0.000000 0.775611 0.000000 0.631211 0.730419 0.730419 0.730419
3889.987061 0.000000 2887.645508 0.000000 0.597384 0.000000 -0.801955 0.894786 0.894786 0.894786
3887.193848 0.000000 2880.022949 0.000000 0.334218 0.000000 -0.942496 0.925289 0.925289 0.925289
3887.537842 0.000000 2885.248779 0.000000 0.227618 0.000000 -0.973751 0.936610 0.936610 0.936610
3888.959717 0.000000 2922.489014 0.000000 0.736739 0.000000 0.676178 0.724363 0.724363 0.724363
3894.989014 0.000000 2937.962891 0.000000 0.474511 0.000000 0.880250 0.690360 0.690360 0.690360
3887.261719 0.000000 2939.264648 0.000000 0.024474 0.000000 -0.999700 0.957507 0.957507 0.957507
3886.161133 0.000000 2932.472412 0.000000 0.331107 0.000000 0.943593 0.674375 0.674375 0.674375
3887.626953 0.000000 2926.601074 0.000000 0.082227 0.000000 0.996614 0.800000 0.800000 0.800000
3894.365723 0.000000 2932.740479 0.000000 0.416165 0.000000 0.909289 0.800000 0.800000 0.800000
3883.641357 0.000000 2937.407471 0.000000 0.658710 0.000000 0.752397 0.800000 0.800000 0.800000
3882.452637 0.000000 2931.263672 0.000000 0.678038 0.000000 -0.735026 0.800000 0.800000 0.800000
3886.855713 0.000000 2935.860352 0.000000 0.397130 0.000000 -0.917762 0.918402 0.918402 0.918402
3883.811035 0.000000 2934.370850 0.000000 0.880208 0.000000 -0.474589 0.800000 0.800000 0.800000
3902.978760 0.000000 2912.691162 0.000000 0.932685 0.000000 0.360693 0.800000 0.800000 0.800000
3893.311279 0.000000 2935.662354 0.000000 0.975279 0.000000 -0.220976 0.822696 0.822696 0.822696
3885.002686 0.000000 2925.574463 0.000000 0.384873 0.000000 0.922969 0.800000 0.800000 0.800000
3886.793945 0.000000 2923.786133 0.000000 0.549397 0.000000 -0.835562 0.800000 0.800000 0.800000
3888.790039 0.000000 2937.376221 0.000000 0.257953 0.000000 -0.966158 0.800000 0.800000 0.800000
3893.256836 0.000000 2926.834229 0.000000 0.747529 0.000000 -0.664229 0.873997 0.873997 0.873997
3895.361816 0.000000 2934.729492 0.000000 0.997332 0.000000 0.073000 0.792558 0.792558 0.792558
3884.557617 0.000000 2930.748535 0.000000 0.946393 0.000000 -0.323018 0.833503 0.833503 0.833503
3885.744873 0.000000 2937.721191 0.000000 0.830527 0.000000 0.556979 0.739827 0.739827 0.739827
3892.888428 0.000000 2937.684082 0.000000 0.729385 0.000000 0.684103 0.723262 0.723262 0.723262
3892.409180 0.000000 2933.745361 0.000000 0.999997 0.000000 -0.002585 0.800000 0.800000 0.800000
3887.460938 0.000000 2930.784424 0.000000 0.496659 0.000000 0.867946 0.800000 0.800000 0.800000
3882.366943 0.000000 2935.943359 0.000000 0.757036 0.000000 0.653373 0.800000 0.800000 0.800000
3884.931152 0.000000 2935.958496 0.000000 0.586348 0.000000 -0.810059 0.896181 0.896181 0.896181
3882.085938 0.000000 2933.116455 0.000000 0.839239 0.000000 0.543762 0.800000 0.800000 0.800000
3885.843994 0.000000 2927.225098 0.000000 0.931294 0.000000 0.364268 0.762022 0.762022 0.762022
3889.138184 0.000000 2939.270508 0.000000 0.650929 0.000000 -0.759138 0.800000 0.800000 0.800000
3883.844971 0.000000 2932.453125 0.000000 0.041144 0.000000 0.999153 0.800000 0.800000 0.800000
3885.645264 0.000000 2934.219971 0.000000 0.590826 0.000000 0.806799 0.704383 0.704383 0.704383
3884.396240 0.000000 2929.099121 0.000000 0.595755 0.000000 -0.803166 0.894993 0.894993 0.894993
3894.795654 0.000000 2936.256104 0.000000 0.110406 0.000000 -0.993887 0.948731 0.948731 0.948731
3892.500488 0.000000 2929.786865 0.000000 0.701054 0.000000 0.713108 0.800000 0.800000 0.800000
3893.855957 0.000000 2934.177979 0.000000 0.320399 0.000000 0.947283 0.673221 0.673221 0.673221
3886.538818 0.000000 2925.278564 0.000000 0.989110 0.000000 0.147179 0.784954 0.784954 0.784954
3887.311279 0.000000 2937.578857 0.000000 0.888237 0.000000 -0.459385 0.848618 0.848618 0.848618
3887.780273 0.000000 2932.291992 0.000000 0.237020 0.000000 0.971505 0.664375 0.664375 0.664375
3885.304199 0.000000 2924.070801 0.000000 0.385898 0.000000 -0.922542 0.800000 0.800000 0.800000
3887.123291 0.000000 2934.408203 0.000000 0.972672 0.000000 -0.232185 0.823868 0.823868 0.823868
3889.899658 0.000000 2936.325195 0.000000 0.999631 0.000000 -0.027176 0.800000 0.800000 0.800000
3885.906738 0.000000 2931.101074 0.000000 0.962559 0.000000 -0.271072 0.827961 0.827961 0.827961
3882.451660 0.000000 2934.542480 0.000000 0.309048 0.000000 -0.951046 0.800000 0.800000 0.800000
3889.029053 0.000000 2921.145508 0.000000 0.231399 0.000000 -0.972859 0.800000 0.800000 0.800000
3895.594727 0.000000 2933.220947 0.000000 0.684405 0.000000 0.729102 0.800000 0.800000 0.800000
3884.568848 0.000000 2926.986572 0.000000 0.555783 0.000000 0.831327 0.700026 0.700026 0.700026
3884.984619 0.000000 2933.040527 0.000000 0.245435 0.000000 0.969413 0.665258 0.665258 0.665258
3888.092529 0.000000 2923.413818 0.000000 0.998512 0.000000 0.054525 0.794443 0.794443 0.794443
3887.960449 0.000000 2936.454346 0.000000 0.173494 0.000000 -0.984835 0.942238 0.942238 0.942238
3894.069824 0.000000 2937.200928 0.000000 0.252183 0.000000 0.967679 0.665968 0.665968 0.665968
3892.538330 0.000000 2936.553955 0.000000 0.386027 0.000000 0.922487 0.680369 0.680369 0.680369
3885.170898 0.000000 2928.175049 0.000000 0.967184 0.000000 -0.254079 0.826167 0.826167 0.826167
3884.971436 0.000000 2931.848633 0.000000 0.489244 0.000000 -0.872147 0.907927 0.907927 0.907927
3887.086426 0.000000 2933.221191 0.000000 0.244246 0.000000 -0.969713 0.934867 0.934867 0.934867
3887.592285 0.000000 2924.828369 0.000000 0.749426 0.000000 0.662088 0.726295 0.726295 0.726295
3885.930664 0.000000 2936.563232 0.000000 0.942711 0.000000 0.333610 0.765355 0.765355 0.765355
3894.301270 0.000000 2935.188965 0.000000 0.273483 0.000000 -0.961877 0.931784 0.931784 0.931784
3886.317871 0.000000 2938.708496 0.000000 0.974856 0.000000 0.222835 0.777110 0.777110 0.777110
3884.828369 0.000000 2937.108887 0.000000 0.999105 0.000000 -0.042290 0.804309 0.804309 0.804309
3885.411133 0.000000 2930.111084 0.000000 0.289754 0.000000 0.957101 0.669944 0.669944 0.669944
3884.754395 0.000000 2934.848145 0.000000 0.978812 0.000000 0.204761 0.778995 0.778995 0.778995
3885.822266 0.000000 2935.295166 0.000000 0.540179 0.000000 0.841550 0.698126 0.698126 0.698126
3892.767578 0.000000 2934.737061 0.000000 0.098766 0.000000 -0.995111 0.949923 0.949923 0.949923
3887.680176 0.000000 2935.268311 0.000000 0.837202 0.000000 0.546894 0.741059 0.741059 0.741059
3889.130371 0.000000 2923.582031 0.000000 0.572592 0.000000 0.819840 0.702100 0.702100 0.702100
3884.120605 0.000000 2933.467285 0.000000 0.999679 0.000000 0.025350 0.797418 0.797418 0.797418
3895.690674 0.000000 2936.041016 0.000000 0.836380 0.000000 -0.548151 0.859094 0.859094 0.859094
3895.312012 0.000000 2937.104736 0.000000 0.852780 0.000000 -0.522270 0.855973 0.855973 0.855973
3886.821533 0.000000 2936.808838 0.000000 0.410316 0.000000 0.911943 0.683066 0.683066 0.683066
3887.450439 0.000000 2925.717041 0.000000 0.208983 0.000000 0.977919 0.661445 0.661445 0.661445
3893.860596 0.000000 2936.346436 0.000000 0.885861 0.000000 0.463951 0.750858 0.750858 0.750858
3892.431885 0.000000 2927.201660 0.000000 0.858918 0.000000 -0.512114 0.854764 0.854764 0.854764
3914.484375 0.000000 2909.530273 0.000000 0.226534 0.000000 -0.974003 0.936723 0.936723 0.936723
3928.140869 0.000000 2890.975586 0.000000 0.997934 0.000000 -0.064244 0.806548 0.806548 0.806548
3932.322754 0.000000 2906.183594 0.000000 0.936510 0.000000 -0.350641 0.836492 0.836492 0.836492
3922.605225 0.000000 2902.964844 0.000000 0.578412 0.000000 0.815745 0.800000 0.800000 0.800000
3908.372803 0.000000 2883.959717 0.000000 0.414599 0.000000 0.910004 0.683545 0.683545 0.683545
3904.582275 0.000000 2880.014404 0.000000 0.915038 0.000000 0.403367 0.800000 0.800000 0.800000
3929.374268 0.000000 2885.824219 0.000000 0.622220 0.000000 0.782842 0.800000 0.800000 0.800000
3935.730469 0.000000 2897.468262 0.000000 0.854702 0.000000 0.519119 0.800000 0.800000 0.800000
3924.712891 0.000000 2888.359619 0.000000 0.692616 0.000000 -0.721307 0.800000 0.800000 0.800000
3908.222900 0.000000 2890.437012 0.000000 0.879060 0.000000 -0.476710 0.800000 0.800000 0.800000
3926.344727 0.000000 2880.282715 0.000000 0.791545 0.000000 0.611111 0.733031 0.733031 0.733031
3917.705078 0.000000 2911.897949 0.000000 0.884486 0.000000 -0.466566 0.849443 0.849443 0.849443
3934.169434 0.000000 2883.512451 0.000000 0.763030 0.000000 0.646363 0.728413 0.728413 0.728413
3921.279785 0.000000 2886.307373 0.000000 0.364768 0.000000 0.931098 0.800000 0.800000 0.800000
3904.374512 0.000000 2891.903809 0.000000 0.476014 0.000000 0.879438 0.800000 0.800000 0.800000
3922.934326 0.000000 2906.628906 0.000000 0.240543 0.000000 0.970638 0.664744 0.664744 0.664744
3935.983887 0.000000 2905.194336 0.000000 0.007733 0.000000 0.999970 0.640788 0.640788 0.640788
3915.314209 0.000000 2881.086914 0.000000 0.314519 0.000000 -0.949251 0.800000 0.800000 0.800000
3921.490723 0.000000 2899.378906 0.000000 0.442484 0.000000 0.896776 0.686689 0.686689 0.686689
3931.725342 0.000000 2890.650391 0.000000 0.534376 0.000000 0.845247 0.800000 0.800000 0.800000
3904.324463 0.000000 2910.699219 0.000000 0.974887 0.000000 -0.222699 0.822876 0.822876 0.822876
3928.785645 0.000000 2882.484375 0.000000 0.955234 0.000000 -0.295852 0.830593 0.830593 0.830593
3930.269043 0.000000 2893.509033 0.000000 0.324556 0.000000 0.945867 0.800000 0.800000 0.800000
3920.670654 0.000000 2909.914551 0.000000 0.787118 0.000000 0.616802 0.800000 0.800000 0.800000
3927.672852 0.000000 2888.133545 0.000000 0.270530 0.000000 -0.962712 0.932096 0.932096 0.932096
3934.978760 0.000000 2880.691162 0.000000 0.037677 0.000000 -0.999290 0.956161 0.956161 0.956161
3932.365479 0.000000 2908.956299 0.000000 0.887585 0.000000 0.460645 0.751238 0.751238 0.751238
3931.257080 0.000000 2883.640137 0.000000 0.945137 0.000000 -0.326675 0.800000 0.800000 0.800000
3917.086914 0.000000 2908.827637 0.000000 0.314304 0.000000 -0.949322 0.800000 0.800000 0.800000
3906.424805 0.000000 2885.752441 0.000000 0.324811 0.000000 -0.945779 0.926304 0.926304 0.926304
3934.908203 0.000000 2907.572510 0.000000 0.232397 0.000000 0.972621 0.663890 0.663890 0.663890
3924.116211 0.000000 2881.561279 0.000000 0.999904 0.000000 -0.013887 0.801415 0.801415 0.801415
3920.394531 0.000000 2901.639893 0.000000 0.824142 0.000000 -0.566383 0.861330 0.861330 0.861330
3932.129639 0.000000 2903.536133 0.000000 0.847771 0.000000 0.530362 0.800000 0.800000 0.800000
3923.775635 0.000000 2886.120361 0.000000 0.220552 0.000000 -0.975375 0.800000 0.800000 0.800000
3905.856201 0.000000 2890.018311 0.000000 0.952367 0.000000 0.304953 0.800000 0.800000 0.800000
3922.343750 0.000000 2888.453613 0.000000 0.999964 0.000000 -0.008439 0.800860 0.800860 0.800860
3935.286865 0.000000 2885.688477 0.000000 0.208928 0.000000 0.977931 0.800000 0.800000 0.800000
3929.199219 0.000000 2880.287109 0.000000 0.811054 0.000000 -0.584972 0.863646 0.863646 0.863646
3906.969482 0.000000 2888.090576 0.000000 0.865917 0.000000 0.500188 0.746645 0.746645 0.746645
3934.534180 0.000000 2895.646729 0.000000 0.970056 0.000000 -0.242879 0.824989 0.824989 0.824989
3923.112305 0.000000 2883.626465 0.000000 0.792438 0.000000 0.609953 0.800000 0.800000 0.800000
3934.097168 0.000000 2904.304688 0.000000 0.783246 0.000000 -0.621711 0.868340 0.868340 0.868340
3926.643799 0.000000 2882.654785 0.000000 0.215164 0.000000 0.976578 0.662089 0.662089 0.662089
3922.363037 0.000000 2908.705566 0.000000 0.149766 0.000000 -0.988721 0.800000 0.800000 0.800000
3935.150879 0.000000 2892.339600 0.000000 0.532910 0.000000 0.846172 0.800000 0.800000 0.800000
3929.841064 0.000000 2889.852051 0.000000 0.992057 0.000000 -0.125786 0.800000 0.800000 0.800000
3915.904785 0.000000 2911.021973 0.000000 0.861068 0.000000 0.508489 0.745665 0.745665 0.745665
3935.840820 0.000000 2903.206055 0.000000 0.229631 0.000000 -0.973278 0.936399 0.936399 0.936399
3917.092285 0.000000 2880.144287 0.000000 0.601536 0.000000 0.798845 0.800000 0.800000 0.800000
3909.728271 0.000000 2889.091797 0.000000 0.282862 0.000000 -0.959161 0.800000 0.800000 0.800000
3922.597900 0.000000 2900.992676 0.000000 0.966191 0.000000 -0.257826 0.826562 0.826562 0.826562
3920.729980 0.000000 2903.479980 0.000000 0.707480 0.000000 -0.706733 0.800000 0.800000 0.800000
3921.138184 0.000000 2907.270508 0.000000 0.833859 0.000000 -0.551977 0.800000 0.800000 0.800000
3929.928711 0.000000 2891.692139 0.000000 0.216165 0.000000 0.976357 0.662194 0.662194 0.662194
3928.532715 0.000000 2893.734131 0.000000 0.999790 0.000000 -0.020481 0.802086 0.802086 0.802086
3904.088867 0.000000 2890.001709 0.000000 0.966231 0.000000 0.257679 0.800000 0.800000 0.800000
3908.239014 0.000000 2885.706787 0.000000 0.541093 0.000000 -0.840963 0.901763 0.901763 0.901763
3922.375977 0.000000 2881.871338 0.000000 0.871218 0.000000 0.490896 0.800000 0.800000 0.800000
3908.650146 0.000000 2882.273438 0.000000 0.315932 0.000000 -0.948782 0.927258 0.927258 0.927258
3934.001221 0.000000 2906.108643 0.000000 0.978388 0.000000 -0.206779 0.821215 0.821215 0.821215
3929.432373 0.000000 2884.026611 0.000000 0.301247 0.000000 -0.953546 0.800000 0.800000 0.800000
3927.774902 0.000000 2881.188232 0.000000 0.857937 0.000000 0.513755 0.745041 0.745041 0.745041
3927.080811 0.000000 2889.710449 0.000000 0.699329 0.000000 0.714800 0.718886 0.718886 0.718886
3934.019775 0.000000 2897.631104 0.000000 0.340453 0.000000 0.940262 0.800000 0.800000 0.800000
3909.989258 0.000000 2884.228760 0.000000 0.862552 0.000000 0.505968 0.745963 0.745963 0.745963
3933.208496 0.000000 2907.582031 0.000000 0.999046 0.000000 0.043680 0.795549 0.795549 0.795549
3924.407227 0.000000 2880.043457 0.000000 0.983857 0.000000 -0.178956 0.818327 0.818327 0.818327
3935.019531 0.000000 2894.162109 0.000000 0.230869 0.000000 0.972985 0.663730 0.663730 0.663730
3931.168213 0.000000 2907.249268 0.000000 0.477000 0.000000 0.878903 0.800000 0.800000 0.800000
3933.937012 0.000000 2908.963867 0.000000 0.794863 0.000000 -0.606789 0.866414 0.866414 0.866414
3935.477295 0.000000 2882.709717 0.000000 0.922208 0.000000 0.386694 0.759557 0.759557 0.759557
3930.720703 0.000000 2885.085205 0.000000 0.466095 0.000000 0.884735 0.800000 0.800000 0.800000
3908.271240 0.000000 2888.805420 0.000000 0.986875 0.000000 -0.161489 0.800000 0.800000 0.800000
3907.146240 0.000000 2883.160889 0.000000 0.479754 0.000000 0.877403 0.690968 0.690968 0.690968
3922.576660 0.000000 2886.986572 0.000000 0.642711 0.000000 0.766108 0.800000 0.800000 0.800000
3925.584717 0.000000 2881.576416 0.000000 0.930674 0.000000 0.365849 0.761849 0.761849 0.761849
3917.214600 0.000000 2910.393555 0.000000 0.895083 0.000000 -0.445900 0.847077 0.847077 0.847077
3926.787598 0.000000 2891.523682 0.000000 0.670739 0.000000 -0.741694 0.800000 0.800000 0.800000
3935.886230 0.000000 2909.193604 0.000000 0.967399 0.000000 0.253256 0.773920 0.773920 0.773920
3921.093750 0.000000 2887.772949 0.000000 0.216273 0.000000 -0.976333 0.800000 0.800000 0.800000
3924.843018 0.000000 2882.792236 0.000000 0.046878 0.000000 -0.998901 0.955223 0.955223 0.955223
3920.758057 0.000000 2898.150146 0.000000 0.125890 0.000000 -0.992044 0.947143 0.947143 0.947143
3928.669922 0.000000 2892.330322 0.000000 0.981311 0.000000 -0.192429 0.819724 0.819724 0.819724
3928.550537 0.000000 2889.297119 0.000000 0.092290 0.000000 -0.995732 0.800000 0.800000 0.800000
3915.887939 0.000000 2909.594971 0.000000 0.995658 0.000000 -0.093091 0.809496 0.809496 0.809496
3906.920898 0.000000 2891.072754 0.000000 0.505478 0.000000 -0.862840 0.906021 0.906021 0.906021
3932.811523 0.000000 2904.857422 0.000000 0.602758 0.000000 0.797924 0.705898 0.705898 0.705898
3934.486572 0.000000 2902.969482 0.000000 0.601206 0.000000 0.799094 0.705700 0.705700 0.705700
3924.943848 0.000000 2886.841797 0.000000 0.989728 0.000000 -0.142961 0.800000 0.800000 0.800000
3914.385498 0.000000 2910.940186 0.000000 0.169907 0.000000 0.985460 0.657391 0.657391 0.657391
3909.317139 0.000000 2891.345459 0.000000 0.072715 0.000000 -0.997353 0.800000 0.800000 0.800000
3923.919922 0.000000 2903.450195 0.000000 0.590687 0.000000 0.806901 0.800000 0.800000 0.800000
3924.256348 0.000000 2906.963135 0.000000 0.115252 0.000000 -0.993336 0.948234 0.948234 0.948234
3921.029053 0.000000 2889.145508 0.000000 0.686346 0.000000 0.727276 0.800000 0.800000 0.800000
3922.159912 0.000000 2889.871094 0.000000 0.962974 0.000000 -0.269596 0.827805 0.827805 0.827805
3924.555420 0.000000 2889.725342 0.000000 0.669991 0.000000 0.742369 0.800000 0.800000 0.800000
3923.165527 0.000000 2880.566895 0.000000 0.676210 0.000000 0.736709 0.800000 0.800000 0.800000
3907.125488 0.000000 2889.553711 0.000000 0.230550 0.000000 -0.973060 0.936303 0.936303 0.936303
3907.266113 0.000000 2884.687256 0.000000 0.582300 0.000000 -0.812974 0.896689 0.896689 0.896689
3905.641113 0.000000 2891.508301 0.000000 0.998410 0.000000 0.056375 0.800000 0.800000 0.800000
3905.005371 0.000000 2881.260254 0.000000 0.070071 0.000000 0.997542 0.800000 0.800000 0.800000
3925.898438 0.000000 2889.118652 0.000000 0.566333 0.000000 -0.824177 0.800000 0.800000 0.800000
3909.715820 0.000000 2885.962158 0.000000 0.482932 0.000000 0.875658 0.691337 0.691337 0.691337
3907.878174 0.000000 2891.948730 0.000000 0.998405 0.000000 -0.056450 0.805753 0.805753 0.805753
3934.437988 0.000000 2881.881348 0.000000 0.459816 0.000000 -0.888014 0.911333 0.911333 0.911333
3905.788818 0.000000 2888.716064 0.000000 0.828096 0.000000 0.560586 0.739384 0.739384 0.739384
3935.326660 0.000000 2906.330078 0.000000 0.631640 0.000000 0.775261 0.709638 0.709638 0.709638
3921.218994 0.000000 2900.648926 0.000000 0.789153 0.000000 0.614197 0.732634 0.732634 0.732634
3923.451416 0.000000 2889.102539 0.000000 0.966912 0.000000 0.255110 0.773724 0.773724 0.773724
3905.533203 0.000000 2910.451172 0.000000 0.652732 0.000000 -0.757589 0.887559 0.887559 0.887559
3909.750732 0.000000 2883.010254 0.000000 0.292385 0.000000 -0.956301 0.929776 0.929776 0.929776
3923.212158 0.000000 2907.807617 0.000000 0.100419 0.000000 -0.994945 0.949754 0.949754 0.949754
3915.131592 0.000000 2911.998535 0.000000 0.551256 0.000000 0.834336 0.699472 0.699472 0.699472
3927.926025 0.000000 2883.371826 0.000000 0.690245 0.000000 0.723576 0.717599 0.717599 0.717599
3927.989502 0.000000 2880.038818 0.000000 0.612937 0.000000 0.790132 0.707204 0.707204 0.707204
3905.100098 0.000000 2911.568848 0.000000 0.606959 0.000000 0.794733 0.706435 0.706435 0.706435
3935.340332 0.000000 2904.235352 0.000000 0.297695 0.000000 0.954661 0.670790 0.670790 0.670790
3909.067383 0.000000 2884.911133 0.000000 0.267919 0.000000 -0.963442 0.932373 0.932373 0.932373
3929.390869 0.000000 2881.411621 0.000000 0.978762 0.000000 -0.205001 0.821030 0.821030 0.821030
3925.884033 0.000000 2906.359619 0.000000 0.969691 0.000000 -0.244333 0.825142 0.825142 0.825142
3934.809082 0.000000 2905.261475 0.000000 0.996981 0.000000 0.077651 0.792083 0.792083 0.792083
3926.768555 0.000000 2883.741455 0.000000 0.915385 0.000000 -0.402580 0.842204 0.842204 0.842204
3932.143311 0.000000 2907.829834 0.000000 0.435097 0.000000 -0.900384 0.914149 0.914149 0.914149
3904.136475 0.000000 2888.893555 0.000000 0.159235 0.000000 0.987241 0.656289 0.656289 0.656289
3923.876465 0.000000 2900.791992 0.000000 0.725031 0.000000 0.688716 0.722616 0.722616 0.722616
3926.704346 0.000000 2881.313477 0.000000 0.905463 0.000000 0.424425 0.755352 0.755352 0.755352
3927.692139 0.000000 2882.273926 0.000000 0.622861 0.000000 -0.782333 0.891510 0.891510 0.891510
3935.505859 0.000000 2881.610840 0.000000 0.975806 0.000000 0.218640 0.777548 0.777548 0.777548
3922.113037 0.000000 2907.676758 0.000000 0.727082 0.000000 0.686551 0.722920 0.722920 0.722920
3934.965332 0.000000 2908.668945 0.000000 0.992896 0.000000 0.118984 0.787852 0.787852 0.787852
3929.356201 0.000000 2890.815186 0.000000 0.891930 0.000000 -0.452174 0.847792 0.847792 0.847792
3932.565186 0.000000 2909.982178 0.000000 0.923144 0.000000 0.384454 0.759805 0.759805 0.759805
3929.668945 0.000000 2892.686768 0.000000 0.835906 0.000000 -0.548873 0.859182 0.859182 0.859182
3925.302490 0.000000 2880.587402 0.000000 0.954748 0.000000 -0.297416 0.830760 0.830760 0.830760
3926.765869 0.000000 2888.594238 0.000000 0.733565 0.000000 0.679619 0.723886 0.723886 0.723886
3904.953369 0.000000 2889.472656 0.000000 0.376296 0.000000 0.926499 0.679297 0.679297 0.679297
3915.119873 0.000000 2910.306641 0.000000 0.855474 0.000000 -0.517845 0.855445 0.855445 0.855445
3933.178711 0.000000 2906.593506 0.000000 0.580760 0.000000 -0.814075 0.896882 0.896882 0.896882
3934.031494 0.000000 2907.080811 0.000000 0.976767 0.000000 0.214302 0.778001 0.778001 0.778001
3908.082764 0.000000 2883.062012 0.000000 0.724841 0.000000 0.688916 0.722588 0.722588 0.722588
3929.451904 0.000000 2893.950195 0.000000 0.537131 0.000000 0.843499 0.697757 0.697757 0.697757
3928.002197 0.000000 2890.059082 0.000000 0.761957 0.000000 -0.647628 0.871756 0.871756 0.871756
3934.078857 0.000000 2908.033691 0.000000 0.285881 0.000000 -0.958265 0.930468 0.930468 0.930468
3921.988281 0.000000 2900.172607 0.000000 0.995360 0.000000 -0.096225 0.809817 0.809817 0.809817
3955.844971 0.000000 2910.519531 0.000000 0.984176 0.000000 -0.177195 0.800000 0.800000 0.800000
3944.678711 0.000000 2902.482178 0.000000 0.583398 0.000000 0.812187 0.703449 0.703449 0.703449
3939.295410 0.000000 2894.797363 0.000000 0.995147 0.000000 -0.098395 0.800000 0.800000 0.800000
3938.681885 0.000000 2907.806152 0.000000 0.851210 0.000000 -0.524825 0.856278 0.856278 0.856278
3948.226807 0.000000 2891.086914 0.000000 0.890729 0.000000 -0.454535 0.800000 0.800000 0.800000
3936.582275 0.000000 2880.014404 0.000000 0.968895 0.000000 0.247474 0.800000 0.800000 0.800000
3947.641357 0.000000 2905.407471 0.000000 0.912476 0.000000 -0.409130 0.842934 0.842934 0.842934
3949.705078 0.000000 2911.897949 0.000000 0.932192 0.000000 0.361964 0.800000 0.800000 0.800000
3966.169434 0.000000 2883.512451 0.000000 0.064765 0.000000 -0.997901 0.800000 0.800000 0.800000
3936.254150 0.000000 2884.108398 0.000000 0.973208 0.000000 -0.229928 0.823632 0.823632 0.823632
3936.194824 0.000000 2897.812500 0.000000 0.825954 0.000000 -0.563738 0.861004 0.861004 0.861004
3949.525879 0.000000 2887.489746 0.000000 0.883837 0.000000 0.467795 0.800000 0.800000 0.800000
3967.983887 0.000000 2905.194336 0.000000 0.868774 0.000000 -0.495209 0.800000 0.800000 0.800000
3937.410156 0.000000 2904.737793 0.000000 0.352607 0.000000 0.935772 0.676706 0.676706 0.676706
3947.811035 0.000000 2902.370850 0.000000 0.398871 0.000000 -0.917007 0.918209 0.918209 0.918209
3946.603516 0.000000 2887.180908 0.000000 0.321993 0.000000 -0.946742 0.800000 0.800000 0.800000
3936.165039 0.000000 2894.609863 0.000000 0.923170 0.000000 -0.384392 0.840189 0.840189 0.840189
3956.116211 0.000000 2881.561279 0.000000 0.476832 0.000000 -0.878995 0.800000 0.800000 0.800000
3936.136475 0.000000 2907.778564 0.000000 0.990423 0.000000 -0.138064 0.814108 0.814108 0.814108
3950.793945 0.000000 2891.786133 0.000000 0.316131 0.000000 -0.948715 0.800000 0.800000 0.800000
3937.910156 0.000000 2882.213623 0.000000 0.882465 0.000000 -0.470378 0.849882 0.849882 0.849882
3944.098877 0.000000 2900.056641 0.000000 0.745026 0.000000 0.667036 0.725620 0.725620 0.725620
3951.752686 0.000000 2888.400391 0.000000 0.987292 0.000000 0.158916 0.783744 0.783744 0.783744
3944.606934 0.000000 2904.800537 0.000000 0.794900 0.000000 -0.606741 0.866408 0.866408 0.866408
3944.943359 0.000000 2911.228271 0.000000 0.593971 0.000000 0.804486 0.800000 0.800000 0.800000
3938.279297 0.000000 2896.670898 0.000000 0.851228 0.000000 -0.524797 0.856275 0.856275 0.856275
3942.794678 0.000000 2903.625977 0.000000 0.482789 0.000000 0.875737 0.800000 0.800000 0.800000
3947.893311 0.000000 2888.931152 0.000000 0.862608 0.000000 -0.505873 0.854026 0.854026 0.854026
3949.948730 0.000000 2889.685547 0.000000 0.825595 0.000000 0.564264 0.738931 0.738931 0.738931
3966.097168 0.000000 2904.304688 0.000000 0.999336 0.000000 -0.036449 0.800000 0.800000 0.800000
3949.744873 0.000000 2905.721191 0.000000 0.693447 0.000000 0.720508 0.718051 0.718051 0.718051
3947.904785 0.000000 2911.021973 0.000000 0.915506 0.000000 -0.402305 0.800000 0.800000 0.800000
3967.840820 0.000000 2903.206055 0.000000 0.522134 0.000000 -0.852863 0.904044 0.904044 0.904044
3938.549805 0.000000 2902.988525 0.000000 0.601983 0.000000 0.798509 0.800000 0.800000 0.800000
3950.667480 0.000000 2910.092285 0.000000 0.365987 0.000000 -0.930620 0.800000 0.800000 0.800000
3946.366943 0.000000 2903.943359 0.000000 0.405781 0.000000 0.913970 0.682560 0.682560 0.682560
3948.931152 0.000000 2903.958496 0.000000 0.931482 0.000000 -0.363786 0.837925 0.837925 0.837925
3946.085938 0.000000 2901.116455 0.000000 0.395938 0.000000 0.918277 0.800000 0.800000 0.800000
3954.084961 0.000000 2911.367432 0.000000 0.975810 0.000000 0.218620 0.800000 0.800000 0.800000
3957.621826 0.000000 2911.278564 0.000000 0.453697 0.000000 0.891156 0.800000 0.800000 0.800000
3936.099609 0.000000 2882.283447 0.000000 0.428822 0.000000 -0.903389 0.914857 0.914857 0.914857
3947.844971 0.000000 2900.453125 0.000000 0.775890 0.000000 0.630868 0.800000 0.800000 0.800000
3949.645264 0.000000 2902.219971 0.000000 0.488248 0.000000 -0.872705 0.908044 0.908044 0.908044
3936.013672 0.000000 2903.041748 0.000000 0.998665 0.000000 -0.051658 0.800000 0.800000 0.800000
3942.976562 0.000000 2901.799316 0.000000 0.065371 0.000000 0.997861 0.800000 0.800000 0.800000
3937.307373 0.000000 2909.162842 0.000000 0.715088 0.000000 0.699034 0.721156 0.721156 0.721156
3937.318115 0.000000 2906.482666 0.000000 0.434956 0.000000 0.900452 0.685836 0.685836 0.685836
3937.994385 0.000000 2884.045898 0.000000 0.716435 0.000000 -0.697654 0.878647 0.878647 0.878647
3954.375977 0.000000 2881.871338 0.000000 0.976614 0.000000 -0.215002 0.800000 0.800000 0.800000
3937.769531 0.000000 2893.905029 0.000000 0.889816 0.000000 0.456319 0.800000 0.800000 0.800000
3939.133057 0.000000 2904.600098 0.000000 0.827044 0.000000 0.562138 0.800000 0.800000 0.800000
3936.695801 0.000000 2896.138916 0.000000 0.977267 0.000000 0.212012 0.778239 0.778239 0.778239
3938.979736 0.000000 2906.207031 0.000000 0.271819 0.000000 -0.962348 0.931960 0.931960 0.931960
3948.095947 0.000000 2886.644043 0.000000 0.302447 0.000000 -0.953166 0.800000 0.800000 0.800000
3956.407227 0.000000 2880.043457 0.000000 0.995560 0.000000 -0.094124 0.800000 0.800000 0.800000
3967.477295 0.000000 2882.709717 0.000000 0.976203 0.000000 0.216857 0.800000 0.800000 0.800000
3936.043213 0.000000 2905.542969 0.000000 0.467464 0.000000 0.884012 0.689546 0.689546 0.689546
3951.504639 0.000000 2889.930908 0.000000 0.834379 0.000000 -0.551191 0.859464 0.859464 0.859464
3945.941406 0.000000 2905.449951 0.000000 0.745815 0.000000 -0.666153 0.874259 0.874259 0.874259
3957.584717 0.000000 2881.576416 0.000000 0.665498 0.000000 0.746400 0.800000 0.800000 0.800000
3949.214600 0.000000 2910.393555 0.000000 0.969804 0.000000 -0.243885 0.800000 0.800000 0.800000
3966.486572 0.000000 2902.969482 0.000000 0.897850 0.000000 -0.440301 0.846441 0.846441 0.846441
3946.385498 0.000000 2910.940186 0.000000 0.722682 0.000000 0.691181 0.800000 0.800000 0.800000
3937.121582 0.000000 2885.165771 0.000000 0.672455 0.000000 0.740138 0.715123 0.715123 0.715123
3946.451660 0.000000 2902.542480 0.000000 0.812969 0.000000 -0.582307 0.863312 0.863312 0.863312
3937.859131 0.000000 2895.321289 0.000000 0.703798 0.000000 0.710401 0.719524 0.719524 0.719524
3936.576172 0.000000 2893.288574 0.000000 0.342729 0.000000 0.939434 0.800000 0.800000 0.800000
3939.937988 0.000000 2907.171631 0.000000 0.959313 0.000000 -0.282346 0.829156 0.829156 0.829156
3955.165527 0.000000 2880.566895 0.000000 0.904161 0.000000 0.427193 0.800000 0.800000 0.800000
3937.005371 0.000000 2881.260254 0.000000 0.623002 0.000000 -0.782220 0.800000 0.800000 0.800000
3954.573975 0.000000 2910.010986 0.000000 0.960824 0.000000 0.277159 0.800000 0.800000 0.800000
3937.274902 0.000000 2903.327637 0.000000 0.608609 0.000000 0.793470 0.800000 0.800000 0.800000
3944.719727 0.000000 2901.188232 0.000000 0.497559 0.000000 0.867430 0.693047 0.693047 0.693047
3937.031982 0.000000 2883.108887 0.000000 0.818543 0.000000 -0.574446 0.862330 0.862330 0.862330
3944.086914 0.000000 2903.611572 0.000000 0.993495 0.000000 0.113874 0.788376 0.788376 0.788376
3939.463379 0.000000 2896.063477 0.000000 0.782887 0.000000 -0.622164 0.868399 0.868399 0.868399
3949.082031 0.000000 2888.638916 0.000000 0.877894 0.000000 0.478855 0.749137 0.749137 0.749137
3948.748535 0.000000 2889.835205 0.000000 0.174056 0.000000 0.984736 0.657820 0.657820 0.657820
3947.564209 0.000000 2904.121338 0.000000 0.663829 0.000000 0.747884 0.713942 0.713942 0.713942
3939.355469 0.000000 2897.322998 0.000000 0.917092 0.000000 -0.398676 0.841770 0.841770 0.841770
3945.305420 0.000000 2903.462891 0.000000 0.446584 0.000000 0.894742 0.687155 0.687155 0.687155
3936.367188 0.000000 2904.265625 0.000000 0.973807 0.000000 0.227377 0.776635 0.776635 0.776635
3949.930664 0.000000 2904.563232 0.000000 0.984918 0.000000 -0.173022 0.817713 0.817713 0.817713
3948.828369 0.000000 2905.108887 0.000000 0.987381 0.000000 -0.158365 0.816199 0.816199 0.816199
3937.098145 0.000000 2897.164062 0.000000 0.989653 0.000000 -0.143481 0.814665 0.814665 0.814665
3936.084961 0.000000 2885.102295 0.000000 0.235865 0.000000 -0.971786 0.935746 0.935746 0.935746
3946.806641 0.000000 2904.839600 0.000000 0.605864 0.000000 -0.795569 0.893705 0.893705 0.893705
3936.363525 0.000000 2906.835205 0.000000 0.249921 0.000000 0.968266 0.665729 0.665729 0.665729
3945.562744 0.000000 2904.487793 0.000000 0.057862 0.000000 -0.998325 0.954103 0.954103 0.954103
3947.230225 0.000000 2903.157227 0.000000 0.346409 0.000000 -0.938083 0.923968 0.923968 0.923968
3967.289307 0.000000 2902.419678 0.000000 0.707576 0.000000 0.706638 0.720068 0.720068 0.720068
3938.175781 0.000000 2906.884277 0.000000 0.354764 0.000000 0.934956 0.676940 0.676940 0.676940
3938.658203 0.000000 2897.945068 0.000000 0.778481 0.000000 -0.627668 0.869117 0.869117 0.869117
3937.122070 0.000000 2894.635498 0.000000 0.339858 0.000000 0.940477 0.675321 0.675321 0.675321
3932.322754 0.000000 2938.183594 0.000000 0.938286 0.000000 -0.345859 0.835972 0.835972 0.835972
3922.605225 0.000000 2934.964844 0.000000 0.959843 0.000000 -0.280539 0.800000 0.800000 0.800000
3912.025879 0.000000 2920.900635 0.000000 0.104050 0.000000 -0.994572 0.800000 0.800000 0.800000
3925.194092 0.000000 2916.141602 0.000000 0.703850 0.000000 0.710348 0.719532 0.719532 0.719532
3910.732666 0.000000 2929.989014 0.000000 0.814903 0.000000 -0.579598 0.862973 0.862973 0.862973
3904.582275 0.000000 2912.014404 0.000000 0.441080 0.000000 0.897468 0.686529 0.686529 0.686529
3911.399170 0.000000 2925.211670 0.000000 0.525312 0.000000 -0.850909 0.800000 0.800000 0.800000
3919.626953 0.000000 2926.601074 0.000000 0.614087 0.000000 0.789239 0.707352 0.707352 0.707352
3934.169434 0.000000 2915.512451 0.000000 0.408715 0.000000 -0.912662 0.800000 0.800000 0.800000
3922.934326 0.000000 2938.628906 0.000000 0.132189 0.000000 -0.991225 0.946496 0.946496 0.946496
3917.525879 0.000000 2919.489746 0.000000 0.719818 0.000000 0.694163 0.800000 0.800000 0.800000
3915.314209 0.000000 2913.086914 0.000000 0.437340 0.000000 0.899296 0.800000 0.800000 0.800000
3907.864258 0.000000 2912.624512 0.000000 0.876665 0.000000 0.481102 0.748876 0.748876 0.748876
3932.629150 0.000000 2928.770752 0.000000 0.298359 0.000000 -0.954454 0.929139 0.929139 0.929139
3918.090576 0.000000 2929.265625 0.000000 0.799936 0.000000 -0.600085 0.865557 0.865557 0.865557
3929.621094 0.000000 2939.281982 0.000000 0.699698 0.000000 -0.714439 0.800000 0.800000 0.800000
3914.603516 0.000000 2919.180908 0.000000 0.995830 0.000000 0.091230 0.790694 0.790694 0.790694
3912.730713 0.000000 2928.014893 0.000000 0.053200 0.000000 -0.998584 0.800000 0.800000 0.800000
3914.196045 0.000000 2925.211670 0.000000 0.534015 0.000000 0.845475 0.800000 0.800000 0.800000
3933.387451 0.000000 2931.185791 0.000000 0.213698 0.000000 -0.976900 0.938064 0.938064 0.938064
3910.121094 0.000000 2927.535889 0.000000 0.946212 0.000000 0.323548 0.766440 0.766440 0.766440
3921.028564 0.000000 2928.782715 0.000000 0.944620 0.000000 -0.328167 0.834058 0.834058 0.834058
3930.233643 0.000000 2927.915039 0.000000 0.999697 0.000000 0.024611 0.797493 0.797493 0.797493
3919.752686 0.000000 2920.400391 0.000000 0.556073 0.000000 0.831134 0.700062 0.700062 0.700062
3926.208740 0.000000 2918.301270 0.000000 0.919534 0.000000 -0.393012 0.841141 0.841141 0.841141
3927.553223 0.000000 2916.525635 0.000000 0.080185 0.000000 -0.996780 0.800000 0.800000 0.800000
3930.333252 0.000000 2937.201416 0.000000 0.043443 0.000000 -0.999056 0.955574 0.955574 0.955574
3915.893311 0.000000 2920.931152 0.000000 0.068975 0.000000 -0.997618 0.952969 0.952969 0.952969
3916.557617 0.000000 2930.748535 0.000000 0.684706 0.000000 -0.728819 0.800000 0.800000 0.800000
3919.149414 0.000000 2918.040283 0.000000 0.949760 0.000000 0.312980 0.800000 0.800000 0.800000
3917.948730 0.000000 2921.685547 0.000000 0.228610 0.000000 -0.973518 0.936506 0.936506 0.936506
3923.112305 0.000000 2915.626465 0.000000 0.520683 0.000000 0.853750 0.800000 0.800000 0.800000
3924.888428 0.000000 2937.684082 0.000000 0.556940 0.000000 -0.830552 0.800000 0.800000 0.800000
3919.460938 0.000000 2930.784424 0.000000 0.942677 0.000000 -0.333708 0.800000 0.800000 0.800000
3928.093506 0.000000 2929.496338 0.000000 0.544177 0.000000 0.838970 0.800000 0.800000 0.800000
3917.092285 0.000000 2912.144287 0.000000 0.555432 0.000000 -0.831562 0.800000 0.800000 0.800000
3912.813477 0.000000 2918.346436 0.000000 0.903315 0.000000 -0.428978 0.800000 0.800000 0.800000
3931.876221 0.000000 2926.799561 0.000000 0.189071 0.000000 0.981963 0.659375 0.659375 0.659375
3928.397705 0.000000 2936.639404 0.000000 0.235228 0.000000 -0.971940 0.800000 0.800000 0.800000
3923.272949 0.000000 2936.730713 0.000000 0.842235 0.000000 -0.539110 0.857997 0.857997 0.857997
3913.841797 0.000000 2920.814941 0.000000 0.428733 0.000000 0.903431 0.800000 0.800000 0.800000
3931.681152 0.000000 2931.062500 0.000000 0.105055 0.000000 0.994466 0.650721 0.650721 0.650721
3912.953857 0.000000 2926.368164 0.000000 0.032553 0.000000 -0.999470 0.956684 0.956684 0.956684
3916.396240 0.000000 2929.099121 0.000000 0.103282 0.000000 -0.994652 0.800000 0.800000 0.800000
3928.017334 0.000000 2939.195312 0.000000 0.944553 0.000000 -0.328360 0.800000 0.800000 0.800000
3922.383789 0.000000 2917.118652 0.000000 0.742471 0.000000 0.669878 0.800000 0.800000 0.800000
3927.837402 0.000000 2918.360107 0.000000 0.254002 0.000000 -0.967204 0.933841 0.933841 0.933841
3906.095215 0.000000 2912.526367 0.000000 0.251761 0.000000 -0.967789 0.934077 0.934077 0.934077
3933.208496 0.000000 2939.582031 0.000000 0.206605 0.000000 0.978424 0.661197 0.661197 0.661197
3919.555908 0.000000 2928.201416 0.000000 0.766322 0.000000 -0.642456 0.871067 0.871067 0.871067
3931.190430 0.000000 2929.447021 0.000000 0.021582 0.000000 -0.999767 0.957801 0.957801 0.957801
3910.004883 0.000000 2925.967285 0.000000 0.899840 0.000000 -0.436220 0.800000 0.800000 0.800000
3916.095947 0.000000 2918.644043 0.000000 0.812667 0.000000 -0.582729 0.800000 0.800000 0.800000
3915.788818 0.000000 2924.624512 0.000000 0.954168 0.000000 -0.299272 0.800000 0.800000 0.800000
3911.280029 0.000000 2928.535889 0.000000 0.905100 0.000000 -0.425199 0.844735 0.844735 0.844735
3931.168213 0.000000 2939.249268 0.000000 0.280758 0.000000 0.959779 0.668987 0.668987 0.668987
3935.477295 0.000000 2914.709717 0.000000 0.902708 0.000000 0.430254 0.800000 0.800000 0.800000
3919.504639 0.000000 2921.930908 0.000000 0.990107 0.000000 0.140317 0.785660 0.785660 0.785660
3911.472168 0.000000 2926.815430 0.000000 0.688789 0.000000 0.724962 0.717394 0.717394 0.717394
3921.057617 0.000000 2927.137207 0.000000 0.521090 0.000000 0.853502 0.695832 0.695832 0.695832
3926.108887 0.000000 2919.797363 0.000000 0.922099 0.000000 0.386955 0.759529 0.759529 0.759529
3928.767090 0.000000 2928.208496 0.000000 0.115968 0.000000 0.993253 0.800000 0.800000 0.800000
3929.089355 0.000000 2937.942871 0.000000 0.495830 0.000000 0.868420 0.800000 0.800000 0.800000
3924.843018 0.000000 2914.792236 0.000000 0.314736 0.000000 -0.949179 0.800000 0.800000 0.800000
3917.906738 0.000000 2931.101074 0.000000 0.865125 0.000000 -0.501556 0.800000 0.800000 0.800000
3930.395996 0.000000 2931.837158 0.000000 0.764943 0.000000 0.644098 0.728714 0.728714 0.728714
3932.811523 0.000000 2936.857422 0.000000 0.456123 0.000000 -0.889917 0.911756 0.911756 0.911756
3924.943848 0.000000 2918.841797 0.000000 0.994815 0.000000 0.101700 0.789623 0.789623 0.789623
3912.767090 0.000000 2924.968506 0.000000 0.980965 0.000000 -0.194184 0.819906 0.819906 0.819906
3933.190186 0.000000 2927.343750 0.000000 0.571692 0.000000 0.820468 0.800000 0.800000 0.800000
3923.919922 0.000000 2935.450195 0.000000 0.101329 0.000000 0.994853 0.800000 0.800000 0.800000
3910.478027 0.000000 2924.193604 0.000000 0.942533 0.000000 -0.334113 0.800000 0.800000 0.800000
3924.256348 0.000000 2938.963135 0.000000 0.967921 0.000000 0.251254 0.800000 0.800000 0.800000
3929.285889 0.000000 2926.891602 0.000000 0.078683 0.000000 0.996900 0.800000 0.800000 0.800000
3913.021729 0.000000 2919.747803 0.000000 0.143965 0.000000 0.989583 0.800000 0.800000 0.800000
3924.023682 0.000000 2916.805176 0.000000 0.423732 0.000000 -0.905788 0.915430 0.915430 0.915430
3918.892334 0.000000 2919.335938 0.000000 0.906124 0.000000 -0.423012 0.800000 0.800000 0.800000
3905.005371 0.000000 2913.260254 0.000000 0.327157 0.000000 -0.944970 0.926051 0.926051 0.926051
3929.734863 0.000000 2929.158447 0.000000 0.695299 0.000000 0.718720 0.800000 0.800000 0.800000
3925.207520 0.000000 2917.473389 0.000000 0.589242 0.000000 -0.807956 0.895816 0.895816 0.895816
3932.605469 0.000000 2930.131836 0.000000 0.841741 0.000000 0.539881 0.741910 0.741910 0.741910
3907.413330 0.000000 2913.888672 0.000000 0.876585 0.000000 0.481248 0.748859 0.748859 0.748859
3922.134766 0.000000 2937.582764 0.000000 0.999998 0.000000 -0.001899 0.800193 0.800193 0.800193
3931.468994 0.000000 2928.166260 0.000000 0.718870 0.000000 0.695145 0.721709 0.721709 0.721709
3918.370361 0.000000 2920.517090 0.000000 0.691692 0.000000 0.722192 0.717803 0.717803 0.717803
3913.734131 0.000000 2924.044434 0.000000 0.235188 0.000000 0.971950 0.664183 0.664183 0.664183
3931.595459 0.000000 2937.128174 0.000000 0.206456 0.000000 -0.978456 0.938818 0.938818 0.938818
3919.664307 0.000000 2929.519531 0.000000 0.989659 0.000000 0.143438 0.785339 0.785339 0.785339
3917.082031 0.000000 2920.638916 0.000000 0.413984 0.000000 0.910284 0.683476 0.683476 0.683476
3916.748535 0.000000 2921.835205 0.000000 0.986128 0.000000 0.165987 0.783014 0.783014 0.783014
3923.212158 0.000000 2939.807617 0.000000 0.934327 0.000000 -0.356418 0.837121 0.837121 0.837121
3930.597656 0.000000 2926.780762 0.000000 0.156303 0.000000 -0.987709 0.944014 0.944014 0.944014
3933.761475 0.000000 2928.485596 0.000000 0.824902 0.000000 0.565275 0.738806 0.738806 0.738806
3930.337646 0.000000 2938.353027 0.000000 0.957498 0.000000 -0.288441 0.829804 0.829804 0.829804
3914.901123 0.000000 2920.286621 0.000000 0.382893 0.000000 0.923793 0.680023 0.680023 0.680023
3918.422852 0.000000 2928.188477 0.000000 0.865479 0.000000 0.500945 0.746556 0.746556 0.746556
3927.003662 0.000000 2919.110840 0.000000 0.997229 0.000000 0.074399 0.792415 0.792415 0.792415
3923.762939 0.000000 2937.858887 0.000000 0.121100 0.000000 -0.992640 0.947635 0.947635 0.947635
3932.143311 0.000000 2939.829834 0.000000 0.813887 0.000000 0.581023 0.736849 0.736849 0.736849
3912.052490 0.000000 2925.964111 0.000000 0.999952 0.000000 -0.009822 0.801001 0.801001 0.801001
3906.961182 0.000000 2913.017822 0.000000 0.717018 0.000000 0.697055 0.721438 0.721438 0.721438
3904.108887 0.000000 2912.851318 0.000000 0.562928 0.000000 -0.826506 0.899096 0.899096 0.899096
3933.178711 0.000000 2938.593506 0.000000 0.202480 0.000000 -0.979286 0.939232 0.939232 0.939232
3914.676025 0.000000 2921.245117 0.000000 0.881058 0.000000 0.473007 0.749814 0.749814 0.749814
3911.771973 0.000000 2927.711914 0.000000 0.869823 0.000000 0.493364 0.747445 0.747445 0.747445
3921.665039 0.000000 2928.104492 0.000000 0.123378 0.000000 -0.992360 0.947401 0.947401 0.947401
3930.978516 0.000000 2930.345947 0.000000 0.322784 0.000000 0.946473 0.673478 0.673478 0.673478
3910.888672 0.000000 2926.138916 0.000000 0.785401 0.000000 0.618988 0.732014 0.732014 0.732014
3918.983887 0.000000 2928.921387 0.000000 0.124378 0.000000 0.992235 0.652702 0.652702 0.652702
3930.562012 0.000000 2928.795166 0.000000 0.678862 0.000000 -0.734266 0.883992 0.883992 0.883992
3946.484375 0.000000 2941.530273 0.000000 0.178836 0.000000 0.983879 0.800000 0.800000 0.800000
3950.183594 0.000000 2915.834961 0.000000 0.962104 0.000000 0.272681 0.771869 0.771869 0.771869
3953.862549 0.000000 2912.124512 0.000000 0.903558 0.000000 -0.428465 0.845102 0.845102 0.845102
3936.582275 0.000000 2912.014404 0.000000 0.998397 0.000000 -0.056607 0.805769 0.805769 0.805769
3961.744629 0.000000 2942.195068 0.000000 0.990174 0.000000 0.139839 0.800000 0.800000 0.800000
3943.005127 0.000000 2938.616211 0.000000 0.088039 0.000000 -0.996117 0.951021 0.951021 0.951021
3949.705078 0.000000 2943.897949 0.000000 0.826145 0.000000 0.563458 0.800000 0.800000 0.800000
3936.254150 0.000000 2916.108398 0.000000 0.772371 0.000000 0.635172 0.729897 0.729897 0.729897
3947.314209 0.000000 2913.086914 0.000000 0.973852 0.000000 -0.227185 0.823345 0.823345 0.823345
3946.452637 0.000000 2931.263672 0.000000 0.958367 0.000000 0.285538 0.800000 0.800000 0.800000
3939.864258 0.000000 2912.624512 0.000000 0.430755 0.000000 -0.902469 0.914639 0.914639 0.914639
3953.032715 0.000000 2914.937988 0.000000 0.073842 0.000000 0.997270 0.647528 0.647528 0.647528
3951.014160 0.000000 2912.879883 0.000000 0.956877 0.000000 0.290493 0.769978 0.769978 0.769978
3949.086914 0.000000 2940.827637 0.000000 0.763064 0.000000 0.646323 0.800000 0.800000 0.800000
3938.424805 0.000000 2917.752441 0.000000 0.999889 0.000000 -0.014920 0.801520 0.801520 0.801520
3956.116211 0.000000 2913.561279 0.000000 0.444629 0.000000 -0.895715 0.800000 0.800000 0.800000
3945.594971 0.000000 2938.996582 0.000000 0.472345 0.000000 -0.881414 0.909890 0.909890 0.909890
3943.940430 0.000000 2941.032715 0.000000 0.955568 0.000000 0.294769 0.769522 0.769522 0.769522
3937.910156 0.000000 2914.213623 0.000000 0.174382 0.000000 -0.984678 0.942146 0.942146 0.942146
3944.098877 0.000000 2932.056641 0.000000 0.794568 0.000000 -0.607175 0.866463 0.866463 0.866463
3941.052734 0.000000 2939.980469 0.000000 0.795866 0.000000 0.605472 0.800000 0.800000 0.800000
3944.943359 0.000000 2943.228271 0.000000 0.769799 0.000000 0.638287 0.729486 0.729486 0.729486
3959.577393 0.000000 2943.219971 0.000000 0.707119 0.000000 0.707095 0.720002 0.720002 0.720002
3955.112305 0.000000 2915.626465 0.000000 0.429919 0.000000 0.902867 0.800000 0.800000 0.800000
3949.063965 0.000000 2914.168945 0.000000 0.894171 0.000000 -0.447725 0.800000 0.800000 0.800000
3947.904785 0.000000 2943.021973 0.000000 0.326269 0.000000 0.945277 0.800000 0.800000 0.800000
3950.667480 0.000000 2942.092285 0.000000 0.994599 0.000000 0.103789 0.789409 0.789409 0.789409
3949.092285 0.000000 2912.144287 0.000000 0.540735 0.000000 0.841193 0.698193 0.698193 0.698193
3944.741455 0.000000 2930.063965 0.000000 0.886691 0.000000 -0.462362 0.800000 0.800000 0.800000
3946.085938 0.000000 2933.116455 0.000000 0.374615 0.000000 -0.927180 0.920888 0.920888 0.920888
3945.716309 0.000000 2912.087891 0.000000 0.698666 0.000000 0.715448 0.718791 0.718791 0.718791
3936.099609 0.000000 2914.283447 0.000000 0.721639 0.000000 -0.692270 0.877885 0.877885 0.877885
3947.844971 0.000000 2932.453125 0.000000 0.939957 0.000000 -0.341291 0.835477 0.835477 0.835477
3943.091309 0.000000 2943.415527 0.000000 0.947519 0.000000 -0.319699 0.800000 0.800000 0.800000
3937.994385 0.000000 2916.045898 0.000000 0.767677 0.000000 -0.640838 0.870852 0.870852 0.870852
3954.375977 0.000000 2913.871338 0.000000 0.510618 0.000000 0.859808 0.694587 0.694587 0.694587
3952.211670 0.000000 2943.600098 0.000000 0.885305 0.000000 -0.465010 0.800000 0.800000 0.800000
3951.282471 0.000000 2914.583008 0.000000 0.422272 0.000000 0.906469 0.684406 0.684406 0.684406
3952.692871 0.000000 2913.314697 0.000000 0.968994 0.000000 0.247084 0.774569 0.774569 0.774569
3940.206787 0.000000 2941.353027 0.000000 0.962365 0.000000 0.271762 0.800000 0.800000 0.800000
3938.095215 0.000000 2912.526367 0.000000 0.998161 0.000000 0.060621 0.793821 0.793821 0.793821
3942.683350 0.000000 2940.139160 0.000000 0.081240 0.000000 -0.996695 0.951716 0.951716 0.951716
3956.407227 0.000000 2912.043457 0.000000 0.726508 0.000000 0.687158 0.800000 0.800000 0.800000
3951.517822 0.000000 2940.790771 0.000000 0.329702 0.000000 0.944085 0.674223 0.674223 0.674223
3939.146240 0.000000 2915.160889 0.000000 0.157390 0.000000 0.987536 0.656099 0.656099 0.656099
3948.598633 0.000000 2915.608154 0.000000 0.346008 0.000000 -0.938232 0.800000 0.800000 0.800000
3957.584717 0.000000 2913.576416 0.000000 0.489699 0.000000 0.871892 0.800000 0.800000 0.800000
3945.299805 0.000000 2940.437500 0.000000 0.640480 0.000000 0.767975 0.710805 0.710805 0.710805
3949.214600 0.000000 2942.393555 0.000000 0.909626 0.000000 -0.415428 0.800000 0.800000 0.800000
3944.133057 0.000000 2939.540771 0.000000 0.218943 0.000000 -0.975738 0.937517 0.937517 0.937517
3947.887939 0.000000 2941.594971 0.000000 0.903798 0.000000 -0.427960 0.800000 0.800000 0.800000
3945.160400 0.000000 2941.869141 0.000000 0.836566 0.000000 -0.547866 0.859059 0.859059 0.859059
3946.385498 0.000000 2942.940186 0.000000 0.890088 0.000000 0.455790 0.800000 0.800000 0.800000
3937.121582 0.000000 2917.165771 0.000000 0.414117 0.000000 0.910224 0.683491 0.683491 0.683491
3952.229492 0.000000 2912.020264 0.000000 0.999981 0.000000 0.006105 0.799378 0.799378 0.799378
3944.487549 0.000000 2938.216064 0.000000 0.998131 0.000000 -0.061108 0.806228 0.806228 0.806228
3942.909180 0.000000 2941.996338 0.000000 0.480672 0.000000 0.876900 0.691074 0.691074 0.691074
3955.165527 0.000000 2912.566895 0.000000 0.184259 0.000000 -0.982878 0.941124 0.941124 0.941124
3950.283936 0.000000 2940.206055 0.000000 0.193810 0.000000 0.981039 0.659867 0.659867 0.659867
3939.266113 0.000000 2916.687256 0.000000 0.768936 0.000000 0.639325 0.729348 0.729348 0.729348
3941.501953 0.000000 2938.658447 0.000000 0.922074 0.000000 0.387014 0.800000 0.800000 0.800000
3937.005371 0.000000 2913.260254 0.000000 0.443299 0.000000 -0.896374 0.913219 0.913219 0.913219
3939.413330 0.000000 2913.888672 0.000000 0.813709 0.000000 0.581272 0.736818 0.736818 0.736818
3944.719727 0.000000 2933.188232 0.000000 0.685792 0.000000 0.727797 0.716974 0.716974 0.716974
3950.965332 0.000000 2943.367188 0.000000 0.322572 0.000000 0.946545 0.673455 0.673455 0.673455
3937.031982 0.000000 2915.108887 0.000000 0.338575 0.000000 -0.940939 0.924818 0.924818 0.924818
3949.811523 0.000000 2913.138428 0.000000 0.687878 0.000000 0.725827 0.717266 0.717266 0.717266
3958.637451 0.000000 2942.326172 0.000000 0.906828 0.000000 -0.421501 0.844319 0.844319 0.844319
3944.832275 0.000000 2912.899902 0.000000 0.238916 0.000000 0.971040 0.664573 0.664573 0.664573
3944.037354 0.000000 2942.455322 0.000000 0.171751 0.000000 0.985140 0.657582 0.657582 0.657582
3950.183594 0.000000 2914.280518 0.000000 0.785408 0.000000 0.618979 0.732015 0.732015 0.732015
3951.706787 0.000000 2942.516602 0.000000 0.141161 0.000000 -0.989987 0.945573 0.945573 0.945573
3948.563232 0.000000 2913.168213 0.000000 0.989298 0.000000 -0.145908 0.814915 0.814915 0.814915
3951.359131 0.000000 2915.767578 0.000000 0.971757 0.000000 -0.235983 0.824266 0.824266 0.824266
3946.183838 0.000000 2913.029785 0.000000 0.606407 0.000000 0.795154 0.706365 0.706365 0.706365
3950.232422 0.000000 2912.195557 0.000000 0.450503 0.000000 -0.892775 0.912398 0.912398 0.912398
3951.722656 0.000000 2913.659912 0.000000 0.943343 0.000000 -0.331819 0.834452 0.834452 0.834452
3953.695312 0.000000 2913.115967 0.000000 0.135457 0.000000 -0.990783 0.946160 0.946160 0.946160
3945.515381 0.000000 2933.987793 0.000000 0.908029 0.000000 -0.418906 0.844028 0.844028 0.844028
3950.014404 0.000000 2942.952393 0.000000 0.948272 0.000000 -0.317460 0.832906 0.832906 0.832906
3953.434814 0.000000 2914.048096 0.000000 0.630867 0.000000 0.775891 0.709536 0.709536 0.709536
3936.108887 0.000000 2912.851318 0.000000 0.843741 0.000000 -0.536751 0.857711 0.857711 0.857711
3942.285645 0.000000 2939.257568 0.000000 0.315834 0.000000 0.948814 0.672731 0.672731 0.672731
3958.576416 0.000000 2943.367432 0.000000 0.245337 0.000000 0.969438 0.665248 0.665248 0.665248
3952.401855 0.000000 2915.647217 0.000000 0.585533 0.000000 -0.810649 0.896283 0.896283 0.896283
3952.252197 0.000000 2914.428223 0.000000 0.858134 0.000000 -0.513427 0.854920 0.854920 0.854920
3946.822021 0.000000 2912.295166 0.000000 0.524399 0.000000 -0.851473 0.903773 0.903773 0.903773
3942.281006 0.000000 2938.013428 0.000000 0.732287 0.000000 -0.680996 0.876305 0.876305 0.876305
3938.255859 0.000000 2915.065674 0.000000 0.334524 0.000000 -0.942387 0.925256 0.925256 0.925256
3953.032959 0.000000 2912.457275 0.000000 0.603442 0.000000 0.797407 0.705985 0.705985 0.705985
3951.193848 0.000000 2912.022949 0.000000 0.088586 0.000000 -0.996069 0.950965 0.950965 0.950965
3992.140869 0.000000 2826.975586 0.000000 0.433338 0.000000 0.901232 0.685653 0.685653 0.685653
3968.987305 0.000000 2837.511475 0.000000 0.793851 0.000000 -0.608112 0.800000 0.800000 0.800000
3970.681885 0.000000 2843.806152 0.000000 0.462213 0.000000 -0.886769 0.911058 0.911058 0.911058
3990.365723 0.000000 2836.740479 0.000000 0.020469 0.000000 -0.999790 0.800000 0.800000 0.800000
3972.715332 0.000000 2839.164795 0.000000 0.592053 0.000000 -0.805899 0.800000 0.800000 0.800000
3993.660400 0.000000 2839.058350 0.000000 0.904417 0.000000 0.426650 0.755102 0.755102 0.755102
3991.549561 0.000000 2831.383057 0.000000 0.894480 0.000000 -0.447108 0.847215 0.847215 0.847215
3999.983887 0.000000 2841.194336 0.000000 0.522330 0.000000 0.852744 0.695980 0.695980 0.695980
3978.452637 0.000000 2835.263672 0.000000 0.377604 0.000000 0.925967 0.679441 0.679441 0.679441
3995.725342 0.000000 2826.650391 0.000000 0.722433 0.000000 0.691441 0.722232 0.722232 0.722232
3968.324463 0.000000 2846.699219 0.000000 0.808868 0.000000 0.587990 0.800000 0.800000 0.800000
3971.427246 0.000000 2834.665771 0.000000 0.831718 0.000000 0.555198 0.800000 0.800000 0.800000
3969.410156 0.000000 2840.737793 0.000000 0.999502 0.000000 0.031568 0.800000 0.800000 0.800000
3994.269043 0.000000 2829.509033 0.000000 0.051928 0.000000 -0.998651 0.954708 0.954708 0.954708
3982.090576 0.000000 2833.265625 0.000000 0.905956 0.000000 0.423371 0.800000 0.800000 0.800000
3994.951904 0.000000 2824.046631 0.000000 0.224202 0.000000 0.974543 0.800000 0.800000 0.800000
3972.546387 0.000000 2841.718994 0.000000 0.558867 0.000000 0.829257 0.700404 0.700404 0.700404
3968.136475 0.000000 2843.778564 0.000000 0.086596 0.000000 -0.996243 0.800000 0.800000 0.800000
3970.792969 0.000000 2846.279297 0.000000 0.487309 0.000000 0.873229 0.800000 0.800000 0.800000
3994.233643 0.000000 2831.915039 0.000000 0.141464 0.000000 0.989943 0.654458 0.654458 0.654458
3990.856934 0.000000 2829.007080 0.000000 0.658481 0.000000 0.752598 0.800000 0.800000 0.800000
3992.868164 0.000000 2836.541504 0.000000 0.028762 0.000000 -0.999586 0.957070 0.957070 0.957070
3971.307861 0.000000 2837.141846 0.000000 0.500315 0.000000 -0.865843 0.906630 0.906630 0.906630
3973.052734 0.000000 2843.980469 0.000000 0.057427 0.000000 -0.998350 0.954147 0.954147 0.954147
3991.361816 0.000000 2838.729492 0.000000 0.594056 0.000000 0.804423 0.800000 0.800000 0.800000
3980.557617 0.000000 2834.748535 0.000000 0.646325 0.000000 -0.763062 0.888418 0.888418 0.888418
3998.097168 0.000000 2840.304688 0.000000 0.910498 0.000000 -0.413514 0.843424 0.843424 0.843424
3969.485352 0.000000 2835.493896 0.000000 0.852845 0.000000 0.522163 0.800000 0.800000 0.800000
3983.460938 0.000000 2834.784424 0.000000 0.691997 0.000000 0.721900 0.800000 0.800000 0.800000
3993.841064 0.000000 2825.852051 0.000000 0.652395 0.000000 0.757879 0.800000 0.800000 0.800000
3999.840820 0.000000 2839.206055 0.000000 0.459718 0.000000 0.888065 0.688656 0.688656 0.688656
3970.549805 0.000000 2838.988525 0.000000 0.368214 0.000000 -0.929741 0.921590 0.921590 0.921590
3995.876221 0.000000 2830.799561 0.000000 0.295147 0.000000 0.955452 0.670518 0.670518 0.670518
3992.397705 0.000000 2840.639404 0.000000 0.089255 0.000000 0.996009 0.649104 0.649104 0.649104
3978.085938 0.000000 2837.116455 0.000000 0.266515 0.000000 0.963831 0.667479 0.667479 0.667479
3978.488281 0.000000 2833.351807 0.000000 0.994767 0.000000 0.102166 0.800000 0.800000 0.800000
3979.844971 0.000000 2836.453125 0.000000 0.892893 0.000000 -0.450270 0.847575 0.847575 0.847575
3968.013672 0.000000 2839.041748 0.000000 0.488345 0.000000 -0.872651 0.800000 0.800000 0.800000
3993.928711 0.000000 2827.692139 0.000000 0.456872 0.000000 -0.889532 0.911670 0.911670 0.911670
3969.307373 0.000000 2845.162842 0.000000 0.282499 0.000000 0.959268 0.669172 0.669172 0.669172
3992.532715 0.000000 2829.734131 0.000000 0.057291 0.000000 0.998357 0.645839 0.645839 0.645839
3969.318115 0.000000 2842.482666 0.000000 0.838101 0.000000 0.545515 0.800000 0.800000 0.800000
3971.133057 0.000000 2840.600098 0.000000 0.260046 0.000000 0.965596 0.666796 0.666796 0.666796
3980.396240 0.000000 2833.099121 0.000000 0.925572 0.000000 -0.378571 0.839547 0.839547 0.839547
3970.411377 0.000000 2847.850586 0.000000 0.986754 0.000000 0.162224 0.800000 0.800000 0.800000
3972.206787 0.000000 2845.353027 0.000000 0.779633 0.000000 -0.626236 0.800000 0.800000 0.800000
3970.979736 0.000000 2842.207031 0.000000 0.999160 0.000000 -0.040974 0.804175 0.804175 0.804175
3983.555908 0.000000 2832.201416 0.000000 0.268133 0.000000 0.963382 0.800000 0.800000 0.800000
3968.043213 0.000000 2841.542969 0.000000 0.802262 0.000000 -0.596972 0.800000 0.800000 0.800000
3968.066895 0.000000 2836.123291 0.000000 0.138239 0.000000 -0.990399 0.800000 0.800000 0.800000
3969.652100 0.000000 2834.049805 0.000000 0.828857 0.000000 0.559461 0.800000 0.800000 0.800000
3993.089355 0.000000 2841.942871 0.000000 0.964778 0.000000 -0.263066 0.827115 0.827115 0.827115
3992.614990 0.000000 2838.049561 0.000000 0.379619 0.000000 0.925143 0.679662 0.679662 0.679662
3981.906738 0.000000 2835.101074 0.000000 0.385145 0.000000 -0.922856 0.919728 0.919728 0.919728
3992.669922 0.000000 2828.330322 0.000000 0.007258 0.000000 0.999974 0.640739 0.640739 0.640739
3992.550537 0.000000 2825.297119 0.000000 0.721422 0.000000 0.692496 0.800000 0.800000 0.800000
3998.486572 0.000000 2838.969482 0.000000 0.819214 0.000000 0.573488 0.737789 0.737789 0.737789
3993.285889 0.000000 2830.891602 0.000000 0.858673 0.000000 0.512524 0.745187 0.745187 0.745187
3971.937988 0.000000 2843.171631 0.000000 0.998417 0.000000 -0.056240 0.805731 0.805731 0.805731
3990.524414 0.000000 2830.308350 0.000000 0.219285 0.000000 0.975661 0.662519 0.662519 0.662519
3991.594727 0.000000 2837.220947 0.000000 0.768479 0.000000 -0.639874 0.800000 0.800000 0.800000
3995.307861 0.000000 2825.406738 0.000000 0.608089 0.000000 -0.793869 0.800000 0.800000 0.800000
3973.501953 0.000000 2842.658447 0.000000 0.466249 0.000000 -0.884654 0.910594 0.910594 0.910594
3970.788086 0.000000 2835.918701 0.000000 0.775827 0.000000 -0.630946 0.800000 0.800000 0.800000
3969.274902 0.000000 2839.327637 0.000000 0.115824 0.000000 -0.993270 0.800000 0.800000 0.800000
3972.926514 0.000000 2840.472412 0.000000 0.014807 0.000000 0.999890 0.641508 0.641508 0.641508
3980.984619 0.000000 2837.040527 0.000000 0.242688 0.000000 0.970104 0.664969 0.664969 0.664969
3971.616943 0.000000 2838.389648 0.000000 0.578784 0.000000 0.815481 0.702871 0.702871 0.702871
3970.576660 0.000000 2845.073242 0.000000 0.998986 0.000000 0.045025 0.795412 0.795412 0.795412
3970.093262 0.000000 2836.926270 0.000000 0.999531 0.000000 0.030621 0.796880 0.796880 0.796880
3994.597656 0.000000 2830.780762 0.000000 0.311668 0.000000 0.950191 0.672284 0.672284 0.672284
3992.475830 0.000000 2839.444580 0.000000 0.222359 0.000000 0.974965 0.662840 0.662840 0.662840
3995.155029 0.000000 2827.737305 0.000000 0.076895 0.000000 -0.997039 0.952160 0.952160 0.952160
3981.170898 0.000000 2832.175049 0.000000 0.997846 0.000000 0.065604 0.793313 0.793313 0.793313
3980.971436 0.000000 2835.848633 0.000000 0.614270 0.000000 0.789096 0.707376 0.707376 0.707376
3995.558838 0.000000 2829.658203 0.000000 0.298683 0.000000 0.954352 0.670895 0.670895 0.670895
3999.340332 0.000000 2840.235352 0.000000 0.983232 0.000000 -0.182360 0.818680 0.818680 0.818680
3994.583252 0.000000 2826.720947 0.000000 0.037990 0.000000 0.999278 0.643871 0.643871 0.643871
3971.727539 0.000000 2844.328857 0.000000 0.999985 0.000000 0.005432 0.799447 0.799447 0.799447
3998.809082 0.000000 2841.261475 0.000000 0.377645 0.000000 -0.925951 0.920555 0.920555 0.920555
3971.644775 0.000000 2839.593750 0.000000 0.920142 0.000000 0.391586 0.759017 0.759017 0.759017
3970.041748 0.000000 2841.681152 0.000000 0.535123 0.000000 -0.844774 0.902485 0.902485 0.902485
3981.411133 0.000000 2834.111084 0.000000 0.565412 0.000000 -0.824809 0.898790 0.898790 0.898790
3993.356201 0.000000 2826.815186 0.000000 0.947370 0.000000 0.320140 0.766806 0.766806 0.766806
3970.121094 0.000000 2839.972900 0.000000 0.501936 0.000000 -0.864905 0.906439 0.906439 0.906439
3991.698242 0.000000 2830.337891 0.000000 0.089510 0.000000 -0.995986 0.950870 0.950870 0.950870
3993.668945 0.000000 2828.686768 0.000000 0.656176 0.000000 0.754608 0.712905 0.712905 0.712905
3995.020020 0.000000 2828.805908 0.000000 0.349009 0.000000 0.937119 0.676314 0.676314 0.676314
3990.164795 0.000000 2831.245117 0.000000 0.752323 0.000000 -0.658794 0.873259 0.873259 0.873259
3971.576416 0.000000 2841.463135 0.000000 0.323942 0.000000 0.946077 0.673603 0.673603 0.673603
3999.289307 0.000000 2838.419678 0.000000 0.143222 0.000000 0.989691 0.654639 0.654639 0.654639
3970.175781 0.000000 2842.884277 0.000000 0.560271 0.000000 0.828310 0.700577 0.700577 0.700577
3980.120605 0.000000 2837.467285 0.000000 0.992533 0.000000 0.121975 0.787545 0.787545 0.787545
3993.451904 0.000000 2829.950195 0.000000 0.493402 0.000000 -0.869802 0.907441 0.907441 0.907441
3992.002197 0.000000 2826.059082 0.000000 0.824580 0.000000 0.565746 0.738748 0.738748 0.738748
3972.018799 0.000000 2840.482910 0.000000 0.839740 0.000000 0.542989 0.741534 0.741534 0.741534
3992.400635 0.000000 2831.063721 0.000000 0.943150 0.000000 0.332368 0.765489 0.765489 0.765489
3980.297119 0.000000 2832.227539 0.000000 0.771239 0.000000 -0.636545 0.870284 0.870284 0.870284
4000.750488 0.000000 2823.931396 0.000000 0.108884 0.000000 -0.994054 0.800000 0.800000 0.800000
4011.488281 0.000000 2831.720703 0.000000 0.686613 0.000000 0.727023 0.717089 0.717089 0.717089
4015.261719 0.000000 2843.264648 0.000000 0.344075 0.000000 0.938942 0.800000 0.800000 0.800000
4004.372803 0.000000 2819.959717 0.000000 0.340246 0.000000 -0.940337 0.924637 0.924637 0.924637
4012.226807 0.000000 2827.086914 0.000000 0.833411 0.000000 -0.552654 0.859643 0.859643 0.859643
4006.732666 0.000000 2833.989014 0.000000 0.723111 0.000000 0.690732 0.800000 0.800000 0.800000
4025.374268 0.000000 2821.824219 0.000000 0.935559 0.000000 0.353171 0.800000 0.800000 0.800000
4007.005127 0.000000 2842.616211 0.000000 0.185781 0.000000 0.982591 0.800000 0.800000 0.800000
4011.641357 0.000000 2841.407471 0.000000 0.014624 0.000000 -0.999893 0.800000 0.800000 0.800000
4022.344727 0.000000 2816.282715 0.000000 0.996577 0.000000 -0.082670 0.808430 0.808430 0.808430
4004.715332 0.000000 2839.164795 0.000000 0.672432 0.000000 0.740159 0.800000 0.800000 0.800000
4013.705078 0.000000 2847.897949 0.000000 0.560523 0.000000 0.828139 0.800000 0.800000 0.800000
4000.374512 0.000000 2827.903809 0.000000 0.902518 0.000000 -0.430651 0.845349 0.845349 0.845349
4003.427246 0.000000 2834.665771 0.000000 0.767643 0.000000 -0.640878 0.870857 0.870857 0.870857
4014.855713 0.000000 2839.860352 0.000000 0.159073 0.000000 0.987267 0.800000 0.800000 0.800000
4024.785645 0.000000 2818.484375 0.000000 0.751512 0.000000 -0.659720 0.873384 0.873384 0.873384
4001.410156 0.000000 2840.737793 0.000000 0.591969 0.000000 -0.805961 0.800000 0.800000 0.800000
4005.583008 0.000000 2836.467041 0.000000 0.998320 0.000000 0.057937 0.794095 0.794095 0.794095
4010.196045 0.000000 2829.211670 0.000000 0.994613 0.000000 0.103654 0.789423 0.789423 0.789423
4026.951904 0.000000 2824.046631 0.000000 0.409183 0.000000 -0.912452 0.800000 0.800000 0.800000
4027.257080 0.000000 2819.640137 0.000000 0.055274 0.000000 0.998471 0.800000 0.800000 0.800000
4013.086914 0.000000 2844.827637 0.000000 0.358913 0.000000 0.933371 0.677393 0.677393 0.677393
4013.002686 0.000000 2829.574463 0.000000 0.185973 0.000000 -0.982555 0.940946 0.940946 0.940946
4020.116211 0.000000 2817.561279 0.000000 0.634258 0.000000 -0.773121 0.800000 0.800000 0.800000
4007.940430 0.000000 2845.032715 0.000000 0.565133 0.000000 0.825000 0.701176 0.701176 0.701176
4009.796875 0.000000 2826.737061 0.000000 0.743978 0.000000 -0.668205 0.800000 0.800000 0.800000
4008.098877 0.000000 2836.056641 0.000000 0.927951 0.000000 -0.372703 0.800000 0.800000 0.800000
4001.856201 0.000000 2826.018311 0.000000 0.793113 0.000000 -0.609074 0.866707 0.866707 0.866707
4003.307861 0.000000 2837.141846 0.000000 0.434303 0.000000 0.900767 0.800000 0.800000 0.800000
4020.506104 0.000000 2844.297363 0.000000 0.574667 0.000000 -0.818387 0.897642 0.897642 0.897642
4005.052734 0.000000 2843.980469 0.000000 0.724158 0.000000 0.689635 0.800000 0.800000 0.800000
4023.577393 0.000000 2847.219971 0.000000 0.978773 0.000000 -0.204945 0.800000 0.800000 0.800000
4025.199219 0.000000 2816.287109 0.000000 0.828068 0.000000 0.560627 0.800000 0.800000 0.800000
4002.969482 0.000000 2824.090576 0.000000 0.834944 0.000000 -0.550335 0.859360 0.859360 0.859360
4002.279297 0.000000 2832.670898 0.000000 0.877787 0.000000 -0.479052 0.800000 0.800000 0.800000
4006.794678 0.000000 2839.625977 0.000000 0.561218 0.000000 0.827668 0.800000 0.800000 0.800000
4004.449463 0.000000 2832.799072 0.000000 0.500066 0.000000 -0.865987 0.800000 0.800000 0.800000
4013.744873 0.000000 2841.721191 0.000000 0.846256 0.000000 0.532776 0.742768 0.742768 0.742768
4022.643799 0.000000 2818.654785 0.000000 0.575563 0.000000 0.817758 0.800000 0.800000 0.800000
4005.978027 0.000000 2817.123779 0.000000 0.808374 0.000000 0.588670 0.800000 0.800000 0.800000
4011.431396 0.000000 2843.744873 0.000000 0.785944 0.000000 0.618298 0.800000 0.800000 0.800000
4014.667480 0.000000 2846.092285 0.000000 0.682139 0.000000 -0.731223 0.800000 0.800000 0.800000
4013.092285 0.000000 2816.144287 0.000000 0.258885 0.000000 0.965908 0.800000 0.800000 0.800000
4012.931152 0.000000 2839.958496 0.000000 0.605847 0.000000 0.795581 0.800000 0.800000 0.800000
4021.621826 0.000000 2847.278564 0.000000 0.000259 0.000000 -1.000000 0.959974 0.959974 0.959974
4000.085205 0.000000 2822.143555 0.000000 0.993551 0.000000 -0.113386 0.800000 0.800000 0.800000
4013.645264 0.000000 2838.219971 0.000000 0.299360 0.000000 -0.954140 0.800000 0.800000 0.800000
4000.013672 0.000000 2839.041748 0.000000 0.242737 0.000000 0.970092 0.664975 0.664975 0.664975
4006.976562 0.000000 2837.799316 0.000000 0.871489 0.000000 0.490414 0.747791 0.747791 0.747791
4000.088867 0.000000 2826.001709 0.000000 0.998997 0.000000 0.044783 0.795437 0.795437 0.795437
4008.255859 0.000000 2827.618652 0.000000 0.344346 0.000000 -0.938843 0.800000 0.800000 0.800000
4004.650146 0.000000 2818.273438 0.000000 0.456898 0.000000 0.889519 0.688333 0.688333 0.688333
4005.084229 0.000000 2834.439941 0.000000 0.990498 0.000000 0.137530 0.785947 0.785947 0.785947
4025.432373 0.000000 2820.026611 0.000000 0.810180 0.000000 -0.586181 0.800000 0.800000 0.800000
4023.774902 0.000000 2817.188232 0.000000 0.912729 0.000000 -0.408566 0.842871 0.842871 0.842871
4004.206787 0.000000 2845.353027 0.000000 0.824231 0.000000 -0.566253 0.861314 0.861314 0.861314
4013.343018 0.000000 2843.266113 0.000000 0.861606 0.000000 -0.507578 0.854227 0.854227 0.854227
4027.190430 0.000000 2833.447021 0.000000 0.862350 0.000000 -0.506312 0.854077 0.854077 0.854077
4006.683350 0.000000 2844.139160 0.000000 0.160069 0.000000 -0.987106 0.943625 0.943625 0.943625
4020.407227 0.000000 2816.043457 0.000000 0.917146 0.000000 -0.398552 0.800000 0.800000 0.800000
4021.174561 0.000000 2845.702393 0.000000 0.179940 0.000000 -0.983678 0.941571 0.941571 0.941571
4015.517822 0.000000 2844.790771 0.000000 0.316314 0.000000 -0.948655 0.800000 0.800000 0.800000
4011.788818 0.000000 2828.624512 0.000000 0.813608 0.000000 0.581414 0.736800 0.736800 0.736800
4007.280029 0.000000 2832.535889 0.000000 0.861058 0.000000 -0.508507 0.800000 0.800000 0.800000
4026.720703 0.000000 2821.085205 0.000000 0.945674 0.000000 -0.325116 0.800000 0.800000 0.800000
4000.043213 0.000000 2841.542969 0.000000 0.856090 0.000000 -0.516827 0.800000 0.800000 0.800000
4015.311279 0.000000 2841.578857 0.000000 0.978415 0.000000 0.206651 0.778798 0.778798 0.778798
4011.394531 0.000000 2830.168945 0.000000 0.837600 0.000000 -0.546283 0.858867 0.858867 0.858867
4003.146240 0.000000 2819.160889 0.000000 0.514669 0.000000 -0.857389 0.800000 0.800000 0.800000
4004.715332 0.000000 2837.678467 0.000000 0.465366 0.000000 0.885118 0.689305 0.689305 0.689305
4026.654541 0.000000 2822.568604 0.000000 0.969165 0.000000 -0.246413 0.800000 0.800000 0.800000
4021.584717 0.000000 2817.576416 0.000000 0.188266 0.000000 -0.982118 0.800000 0.800000 0.800000
4013.214600 0.000000 2846.393555 0.000000 0.013043 0.000000 -0.999915 0.800000 0.800000 0.800000
4013.304199 0.000000 2828.070801 0.000000 0.155744 0.000000 0.987797 0.655929 0.655929 0.655929
4015.123291 0.000000 2838.408203 0.000000 0.810952 0.000000 -0.585112 0.800000 0.800000 0.800000
4010.048584 0.000000 2831.299316 0.000000 0.959454 0.000000 -0.281866 0.829105 0.829105 0.829105
4001.936035 0.000000 2823.123535 0.000000 0.345361 0.000000 0.938470 0.800000 0.800000 0.800000
4006.658447 0.000000 2835.520996 0.000000 0.890961 0.000000 0.454080 0.751990 0.751990 0.751990
4011.054443 0.000000 2826.131104 0.000000 0.841491 0.000000 0.540272 0.741863 0.741863 0.741863
4004.275879 0.000000 2835.835449 0.000000 0.990723 0.000000 0.135895 0.786115 0.786115 0.786115
4002.920898 0.000000 2827.072754 0.000000 0.468345 0.000000 0.883546 0.689648 0.689648 0.689648
4008.767090 0.000000 2828.968506 0.000000 0.918848 0.000000 -0.394611 0.841319 0.841319 0.841319
4010.887939 0.000000 2827.594727 0.000000 0.492466 0.000000 0.870332 0.692449 0.692449 0.692449
4008.356201 0.000000 2826.226807 0.000000 0.912322 0.000000 0.409475 0.800000 0.800000 0.800000
4005.890869 0.000000 2832.854004 0.000000 0.819681 0.000000 -0.572820 0.800000 0.800000 0.800000
4010.851074 0.000000 2842.534668 0.000000 0.590704 0.000000 -0.806888 0.800000 0.800000 0.800000
4006.909180 0.000000 2845.996338 0.000000 0.940713 0.000000 -0.339203 0.835250 0.835250 0.835250
4003.125488 0.000000 2825.553711 0.000000 0.012427 0.000000 -0.999923 0.958734 0.958734 0.958734
4014.283936 0.000000 2844.206055 0.000000 0.549092 0.000000 -0.835762 0.800000 0.800000 0.800000
4027.307861 0.000000 2825.406738 0.000000 0.956450 0.000000 0.291896 0.800000 0.800000 0.800000
4005.501953 0.000000 2842.658447 0.000000 0.899100 0.000000 0.437744 0.800000 0.800000 0.800000
4001.641113 0.000000 2827.508301 0.000000 0.544112 0.000000 0.839013 0.698603 0.698603 0.698603
4002.788086 0.000000 2835.918701 0.000000 0.774836 0.000000 0.632163 0.730294 0.730294 0.730294
4012.141846 0.000000 2842.657715 0.000000 0.210965 0.000000 0.977494 0.661651 0.661651 0.661651
4001.274902 0.000000 2839.327637 0.000000 0.202929 0.000000 0.979194 0.660815 0.660815 0.660815
4005.088867 0.000000 2816.176758 0.000000 0.936462 0.000000 0.350769 0.800000 0.800000 0.800000
4003.878174 0.000000 2827.948730 0.000000 0.996715 0.000000 0.080992 0.791741 0.791741 0.791741
4001.788818 0.000000 2824.716064 0.000000 0.023910 0.000000 -0.999714 0.957564 0.957564 0.957564
4027.468994 0.000000 2832.166260 0.000000 0.774713 0.000000 0.632313 0.730274 0.730274 0.730274
4009.734131 0.000000 2828.044434 0.000000 0.267966 0.000000 -0.963428 0.932368 0.932368 0.932368
4005.750732 0.000000 2819.010254 0.000000 0.995914 0.000000 -0.090305 0.809211 0.809211 0.809211
4013.728760 0.000000 2826.915771 0.000000 0.227265 0.000000 0.973833 0.663353 0.663353 0.663353
4005.737549 0.000000 2844.952637 0.000000 0.900907 0.000000 -0.434011 0.845729 0.845729 0.845729
4023.989502 0.000000 2816.038818 0.000000 0.704691 0.000000 -0.709514 0.880347 0.880347 0.880347
4007.036621 0.000000 2836.594482 0.000000 0.999980 0.000000 -0.006376 0.800649 0.800649 0.800649
4013.930664 0.000000 2840.563232 0.000000 0.614920 0.000000 0.788590 0.707460 0.707460 0.707460
4012.828369 0.000000 2841.108887 0.000000 0.998477 0.000000 -0.055172 0.805623 0.805623 0.805623
4000.136475 0.000000 2824.893555 0.000000 0.439186 0.000000 0.898396 0.686315 0.686315 0.686315
4000.925537 0.000000 2826.695801 0.000000 0.739961 0.000000 0.672650 0.724850 0.724850 0.724850
4022.704346 0.000000 2817.313477 0.000000 0.970098 0.000000 0.242712 0.775028 0.775028 0.775028
4005.269043 0.000000 2835.452148 0.000000 0.896256 0.000000 -0.443537 0.846809 0.846809 0.846809
4020.379150 0.000000 2847.418945 0.000000 0.778210 0.000000 0.628004 0.730839 0.730839 0.730839
4006.008301 0.000000 2837.430664 0.000000 0.931139 0.000000 -0.364663 0.838021 0.838021 0.838021
4012.471680 0.000000 2843.883057 0.000000 0.411469 0.000000 0.911424 0.683195 0.683195 0.683195
4000.953369 0.000000 2825.472656 0.000000 0.999493 0.000000 -0.031846 0.803244 0.803244 0.803244
4008.052490 0.000000 2829.964111 0.000000 0.842687 0.000000 0.538404 0.742089 0.742089 0.742089
4007.922607 0.000000 2837.726318 0.000000 0.785283 0.000000 0.619137 0.731995 0.731995 0.731995
4010.239502 0.000000 2830.367188 0.000000 0.725122 0.000000 -0.688620 0.877371 0.877371 0.877371
4000.049561 0.000000 2827.008057 0.000000 0.424422 0.000000 0.905465 0.684647 0.684647 0.684647
4004.082764 0.000000 2819.062012 0.000000 0.646120 0.000000 0.763236 0.711555 0.711555 0.711555
4020.854492 0.000000 2846.575928 0.000000 0.922591 0.000000 0.385779 0.759658 0.759658 0.759658
4012.885986 0.000000 2842.089844 0.000000 0.495328 0.000000 -0.868706 0.907215 0.907215 0.907215
4010.888672 0.000000 2830.984375 0.000000 0.958904 0.000000 -0.283730 0.829303 0.829303 0.829303
4011.088379 0.000000 2829.313721 0.000000 0.362956 0.000000 0.931806 0.677834 0.677834 0.677834
4026.562012 0.000000 2832.795166 0.000000 0.338117 0.000000 0.941104 0.675133 0.675133 0.675133
4021.757080 0.000000 2846.358398 0.000000 0.155265 0.000000 -0.987873 0.944121 0.944121 0.944121
3968.194824 0.000000 2865.812500 0.000000 0.878190 0.000000 -0.478312 0.800000 0.800000 0.800000
3971.427246 0.000000 2866.665771 0.000000 0.924598 0.000000 -0.380945 0.839808 0.839808 0.839808
3970.279297 0.000000 2864.670898 0.000000 0.301638 0.000000 0.953423 0.671211 0.671211 0.671211
3969.485352 0.000000 2867.493896 0.000000 0.228834 0.000000 -0.973465 0.800000 0.800000 0.800000
3968.695801 0.000000 2864.138916 0.000000 0.274924 0.000000 0.961466 0.800000 0.800000 0.800000
3969.652100 0.000000 2866.049805 0.000000 0.750860 0.000000 -0.660462 0.800000 0.800000 0.800000
3970.788086 0.000000 2867.918701 0.000000 0.167728 0.000000 -0.985833 0.942834 0.942834 0.942834
3971.463379 0.000000 2864.063477 0.000000 0.922707 0.000000 0.385501 0.759689 0.759689 0.759689
3971.355469 0.000000 2865.322998 0.000000 0.543329 0.000000 0.839520 0.698508 0.698508 0.698508
3970.366699 0.000000 2866.832520 0.000000 0.955334 0.000000 0.295529 0.769441 0.769441 0.769441
3970.658203 0.000000 2865.945068 0.000000 0.925463 0.000000 -0.378839 0.839576 0.839576 0.839576
4022.344727 0.000000 2848.282715 0.000000 0.894145 0.000000 0.447778 0.752709 0.752709 0.752709
4020.116211 0.000000 2849.561279 0.000000 0.970210 0.000000 -0.242264 0.824925 0.824925 0.824925
4022.643799 0.000000 2850.654785 0.000000 0.981909 0.000000 -0.189352 0.819404 0.819404 0.819404
4023.774902 0.000000 2849.188232 0.000000 0.999986 0.000000 0.005301 0.799460 0.799460 0.799460
4020.407227 0.000000 2848.043457 0.000000 0.201012 0.000000 -0.979589 0.939385 0.939385 0.939385
4021.584717 0.000000 2849.576416 0.000000 0.241333 0.000000 -0.970442 0.935173 0.935173 0.935173
4020.843018 0.000000 2850.792236 0.000000 0.982539 0.000000 0.186055 0.780938 0.780938 0.780938
4023.926025 0.000000 2851.371826 0.000000 0.413411 0.000000 -0.910544 0.916588 0.916588 0.916588
4023.989502 0.000000 2848.038818 0.000000 0.996027 0.000000 -0.089055 0.809083 0.809083 0.809083
4022.768555 0.000000 2851.741455 0.000000 0.910037 0.000000 0.414527 0.756463 0.756463 0.756463
4022.704346 0.000000 2849.313477 0.000000 0.469507 0.000000 -0.882929 0.910218 0.910218 0.910218
4023.692139 0.000000 2850.273926 0.000000 0.863803 0.000000 -0.503830 0.853784 0.853784 0.853784
4020.197998 0.000000 2851.637695 0.000000 0.889128 0.000000 -0.457659 0.848420 0.848420 0.848420
4021.302490 0.000000 2848.587402 0.000000 0.922676 0.000000 -0.385575 0.840319 0.840319 0.840319
4032.987305 0.000000 2837.511475 0.000000 0.473999 0.000000 0.880526 0.690301 0.690301 0.690301
4050.605225 0.000000 2838.964844 0.000000 0.819124 0.000000 -0.573616 0.800000 0.800000 0.800000
4039.825195 0.000000 2816.071533 0.000000 0.895039 0.000000 -0.445988 0.847087 0.847087 0.847087
4057.744629 0.000000 2846.195068 0.000000 0.892452 0.000000 -0.451142 0.847675 0.847675 0.847675
4062.857666 0.000000 2846.204834 0.000000 0.001230 0.000000 0.999999 0.640125 0.640125 0.640125
4043.641357 0.000000 2841.407471 0.000000 0.122403 0.000000 0.992481 0.800000 0.800000 0.800000
4045.705078 0.000000 2847.897949 0.000000 0.562479 0.000000 0.826811 0.800000 0.800000 0.800000
4032.194824 0.000000 2833.812500 0.000000 0.646641 0.000000 0.762794 0.711625 0.711625 0.711625
4035.427246 0.000000 2834.665771 0.000000 0.564624 0.000000 0.825348 0.701113 0.701113 0.701113
4046.855713 0.000000 2839.860352 0.000000 0.999562 0.000000 -0.029598 0.803015 0.803015 0.803015
4054.640381 0.000000 2845.116699 0.000000 0.119373 0.000000 -0.992850 0.800000 0.800000 0.800000
4043.811035 0.000000 2838.370850 0.000000 0.946412 0.000000 0.322961 0.766503 0.766503 0.766503
4057.621094 0.000000 2843.281982 0.000000 0.958332 0.000000 0.285656 0.800000 0.800000 0.800000
4048.790039 0.000000 2841.376221 0.000000 0.894379 0.000000 0.447311 0.800000 0.800000 0.800000
4035.307861 0.000000 2837.141846 0.000000 0.990812 0.000000 0.135245 0.800000 0.800000 0.800000
4055.577393 0.000000 2847.219971 0.000000 0.141742 0.000000 -0.989904 0.945513 0.945513 0.945513
4045.744873 0.000000 2841.721191 0.000000 0.166701 0.000000 0.986007 0.657060 0.657060 0.657060
4033.485352 0.000000 2835.493896 0.000000 0.745486 0.000000 -0.666521 0.874310 0.874310 0.874310
4042.366943 0.000000 2839.943359 0.000000 0.445698 0.000000 -0.895184 0.912946 0.912946 0.912946
4044.931152 0.000000 2839.958496 0.000000 0.903119 0.000000 -0.429390 0.845207 0.845207 0.845207
4051.272949 0.000000 2840.730713 0.000000 0.941351 0.000000 0.337428 0.800000 0.800000 0.800000
4056.537109 0.000000 2844.790039 0.000000 0.576988 0.000000 -0.816752 0.897353 0.897353 0.897353
4048.729980 0.000000 2839.479980 0.000000 0.952564 0.000000 0.304337 0.768501 0.768501 0.768501
4041.716309 0.000000 2816.087891 0.000000 0.927249 0.000000 -0.374445 0.839093 0.839093 0.839093
4045.645264 0.000000 2838.219971 0.000000 0.080271 0.000000 -0.996773 0.951815 0.951815 0.951815
4054.019287 0.000000 2843.503418 0.000000 0.448303 0.000000 0.893881 0.800000 0.800000 0.800000
4056.017334 0.000000 2843.195312 0.000000 0.142084 0.000000 -0.989855 0.800000 0.800000 0.800000
4032.695801 0.000000 2832.138916 0.000000 0.830877 0.000000 0.556455 0.739892 0.739892 0.739892
4032.066895 0.000000 2836.123291 0.000000 0.969776 0.000000 -0.243998 0.825107 0.825107 0.825107
4047.311279 0.000000 2841.578857 0.000000 0.613356 0.000000 -0.789806 0.800000 0.800000 0.800000
4033.652100 0.000000 2834.049805 0.000000 0.942510 0.000000 -0.334179 0.834707 0.834707 0.834707
4045.214600 0.000000 2846.393555 0.000000 0.224915 0.000000 -0.974378 0.800000 0.800000 0.800000
4047.123291 0.000000 2838.408203 0.000000 0.992099 0.000000 0.125458 0.787187 0.787187 0.787187
4039.705078 0.000000 2817.487549 0.000000 0.967955 0.000000 0.251124 0.774144 0.774144 0.774144
4063.886230 0.000000 2845.193604 0.000000 0.071705 0.000000 0.997426 0.800000 0.800000 0.800000
4049.899658 0.000000 2840.325195 0.000000 0.999421 0.000000 -0.034039 0.800000 0.800000 0.800000
4042.451660 0.000000 2838.542480 0.000000 0.373406 0.000000 0.927668 0.678979 0.678979 0.678979
4051.919922 0.000000 2839.450195 0.000000 0.302463 0.000000 0.953161 0.800000 0.800000 0.800000
4055.783447 0.000000 2845.881836 0.000000 0.918967 0.000000 -0.394335 0.800000 0.800000 0.800000
4034.788086 0.000000 2835.918701 0.000000 0.767241 0.000000 0.641359 0.729079 0.729079 0.729079
4049.613525 0.000000 2838.144043 0.000000 0.845744 0.000000 -0.533588 0.857330 0.857330 0.857330
4056.884033 0.000000 2847.325195 0.000000 0.861307 0.000000 -0.508085 0.854287 0.854287 0.854287
4062.209473 0.000000 2847.337891 0.000000 0.008189 0.000000 0.999966 0.640834 0.640834 0.640834
4054.637451 0.000000 2846.326172 0.000000 0.622797 0.000000 0.782383 0.708481 0.708481 0.708481
4038.552002 0.000000 2816.014648 0.000000 0.830661 0.000000 0.556779 0.739852 0.739852 0.739852
4063.463379 0.000000 2847.586426 0.000000 0.779310 0.000000 0.626638 0.731018 0.731018 0.731018
4032.414551 0.000000 2835.000488 0.000000 0.260696 0.000000 -0.965421 0.933135 0.933135 0.933135
4045.930664 0.000000 2840.563232 0.000000 0.299065 0.000000 -0.954233 0.929064 0.929064 0.929064
4044.828369 0.000000 2841.108887 0.000000 0.467897 0.000000 -0.883783 0.910404 0.910404 0.910404
4057.591309 0.000000 2844.385986 0.000000 0.904513 0.000000 -0.426445 0.844875 0.844875 0.844875
4044.754395 0.000000 2838.848145 0.000000 0.158935 0.000000 -0.987289 0.943742 0.943742 0.943742
4045.822266 0.000000 2839.295166 0.000000 0.862069 0.000000 0.506791 0.745866 0.745866 0.745866
4033.093750 0.000000 2836.487305 0.000000 0.581775 0.000000 -0.813350 0.896755 0.896755 0.896755
4033.098145 0.000000 2833.164062 0.000000 0.372133 0.000000 0.928179 0.678840 0.678840 0.678840
4047.680176 0.000000 2839.268311 0.000000 0.652221 0.000000 -0.758029 0.887628 0.887628 0.887628
4056.659668 0.000000 2846.360840 0.000000 0.018367 0.000000 0.999831 0.641871 0.641871 0.641871
4067.295410 0.000000 2830.797363 0.000000 0.343734 0.000000 -0.939067 0.800000 0.800000 0.800000
4064.374512 0.000000 2827.903809 0.000000 0.681188 0.000000 -0.732109 0.800000 0.800000 0.800000
4064.324463 0.000000 2846.699219 0.000000 0.422980 0.000000 -0.906139 0.915515 0.915515 0.915515
4064.165039 0.000000 2830.609863 0.000000 0.115875 0.000000 -0.993264 0.948170 0.948170 0.948170
4065.856201 0.000000 2826.018311 0.000000 0.899128 0.000000 -0.437686 0.800000 0.800000 0.800000
4066.690430 0.000000 2828.464844 0.000000 0.464847 0.000000 -0.885391 0.800000 0.800000 0.800000
4065.307373 0.000000 2845.162842 0.000000 0.137249 0.000000 -0.990537 0.800000 0.800000 0.800000
4064.088867 0.000000 2826.001709 0.000000 0.039490 0.000000 0.999220 0.800000 0.800000 0.800000
4065.769531 0.000000 2829.905029 0.000000 0.547064 0.000000 -0.837091 0.901039 0.901039 0.901039
4067.802734 0.000000 2829.460449 0.000000 0.213449 0.000000 -0.976954 0.800000 0.800000 0.800000
4065.859131 0.000000 2831.321289 0.000000 0.781925 0.000000 -0.623372 0.868556 0.868556 0.868556
4064.576172 0.000000 2829.288574 0.000000 0.998468 0.000000 0.055342 0.794360 0.794360 0.794360
4065.641113 0.000000 2827.508301 0.000000 0.596428 0.000000 -0.802667 0.800000 0.800000 0.800000
4065.533203 0.000000 2846.451172 0.000000 0.617266 0.000000 -0.786754 0.892237 0.892237 0.892237
4065.100098 0.000000 2847.568848 0.000000 0.908636 0.000000 -0.417588 0.843880 0.843880 0.843880
4065.636475 0.000000 2828.709961 0.000000 0.665865 0.000000 -0.746072 0.885780 0.885780 0.885780
4040.025879 0.000000 2856.900635 0.000000 0.373066 0.000000 0.927805 0.800000 0.800000 0.800000
4040.678711 0.000000 2870.482178 0.000000 0.396836 0.000000 -0.917889 0.800000 0.800000 0.800000
4051.565186 0.000000 2864.439941 0.000000 0.999973 0.000000 0.007405 0.799246 0.799246 0.799246
4061.500732 0.000000 2861.729248 0.000000 0.889995 0.000000 0.455971 0.751773 0.751773 0.751773
4054.989014 0.000000 2873.962891 0.000000 0.299934 0.000000 -0.953960 0.800000 0.800000 0.800000
4047.261719 0.000000 2875.264648 0.000000 0.583484 0.000000 -0.812125 0.800000 0.800000 0.800000
4049.862549 0.000000 2848.124512 0.000000 0.823354 0.000000 -0.567528 0.861472 0.861472 0.861472
4041.388916 0.000000 2852.416260 0.000000 0.504439 0.000000 0.863447 0.800000 0.800000 0.800000
4057.374268 0.000000 2853.824219 0.000000 0.865424 0.000000 0.501041 0.746544 0.746544 0.746544
4062.857666 0.000000 2878.204834 0.000000 0.543604 0.000000 0.839342 0.800000 0.800000 0.800000
4043.641357 0.000000 2873.407471 0.000000 0.588553 0.000000 0.808459 0.704097 0.704097 0.704097
4054.344727 0.000000 2848.282715 0.000000 0.658362 0.000000 -0.752701 0.800000 0.800000 0.800000
4045.705078 0.000000 2879.897949 0.000000 0.651841 0.000000 -0.758355 0.800000 0.800000 0.800000
4057.660400 0.000000 2871.058350 0.000000 0.991609 0.000000 -0.129270 0.800000 0.800000 0.800000
4049.279785 0.000000 2854.307373 0.000000 0.681737 0.000000 0.731597 0.716408 0.716408 0.716408
4050.934326 0.000000 2874.628906 0.000000 0.775853 0.000000 -0.630914 0.800000 0.800000 0.800000
4042.452637 0.000000 2867.263672 0.000000 0.095223 0.000000 0.995456 0.800000 0.800000 0.800000
4056.785645 0.000000 2850.484375 0.000000 0.996450 0.000000 -0.084181 0.808585 0.808585 0.808585
4048.670654 0.000000 2877.914551 0.000000 0.948762 0.000000 0.315993 0.767252 0.767252 0.767252
4057.621094 0.000000 2875.281982 0.000000 0.953281 0.000000 0.302083 0.768742 0.768742 0.768742
4047.014160 0.000000 2848.879883 0.000000 0.950814 0.000000 -0.309761 0.832080 0.832080 0.832080
4042.603516 0.000000 2855.180908 0.000000 0.945924 0.000000 -0.324389 0.833651 0.833651 0.833651
4062.978760 0.000000 2848.691162 0.000000 0.291620 0.000000 -0.956534 0.929858 0.929858 0.929858
4062.498779 0.000000 2858.052246 0.000000 0.850724 0.000000 -0.525613 0.800000 0.800000 0.800000
4045.086914 0.000000 2876.827637 0.000000 0.216935 0.000000 -0.976186 0.800000 0.800000 0.800000
4050.204346 0.000000 2862.129150 0.000000 0.845879 0.000000 0.533374 0.742696 0.742696 0.742696
4052.021729 0.000000 2867.723633 0.000000 0.553302 0.000000 0.832981 0.800000 0.800000 0.800000
4043.909180 0.000000 2852.884033 0.000000 0.166738 0.000000 0.986001 0.800000 0.800000 0.800000
4049.028564 0.000000 2864.782715 0.000000 0.372410 0.000000 -0.928068 0.800000 0.800000 0.800000
4040.606934 0.000000 2872.800537 0.000000 0.834752 0.000000 -0.550626 0.859396 0.859396 0.859396
4040.943359 0.000000 2879.228271 0.000000 0.353105 0.000000 0.935584 0.800000 0.800000 0.800000
4057.199219 0.000000 2848.287109 0.000000 0.664998 0.000000 0.746846 0.714102 0.714102 0.714102
4055.361816 0.000000 2870.729492 0.000000 0.795099 0.000000 0.606480 0.733626 0.733626 0.733626
4055.553223 0.000000 2852.525635 0.000000 0.752082 0.000000 -0.659069 0.800000 0.800000 0.800000
4062.534180 0.000000 2863.646729 0.000000 0.934660 0.000000 -0.355544 0.837025 0.837025 0.837025
4043.893311 0.000000 2856.931152 0.000000 0.017664 0.000000 -0.999844 0.958201 0.958201 0.958201
4044.557617 0.000000 2866.748535 0.000000 0.218776 0.000000 0.975775 0.662466 0.662466 0.662466
4047.149414 0.000000 2854.040283 0.000000 0.857386 0.000000 0.514674 0.744932 0.744932 0.744932
4054.643799 0.000000 2850.654785 0.000000 0.464334 0.000000 0.885660 0.800000 0.800000 0.800000
4050.363037 0.000000 2876.705566 0.000000 0.901040 0.000000 0.433736 0.754302 0.754302 0.754302
4063.150879 0.000000 2860.339600 0.000000 0.817953 0.000000 -0.575285 0.862435 0.862435 0.862435
4048.724365 0.000000 2860.526123 0.000000 0.836595 0.000000 0.547822 0.800000 0.800000 0.800000
4043.904785 0.000000 2879.021973 0.000000 0.426494 0.000000 -0.904490 0.915120 0.915120 0.915120
4046.667480 0.000000 2878.092285 0.000000 0.936503 0.000000 -0.350660 0.800000 0.800000 0.800000
4045.092285 0.000000 2848.144287 0.000000 0.722994 0.000000 -0.690855 0.877685 0.877685 0.877685
4040.813477 0.000000 2854.346436 0.000000 0.179635 0.000000 -0.983733 0.941603 0.941603 0.941603
4056.397705 0.000000 2872.639404 0.000000 0.965905 0.000000 -0.258896 0.826675 0.826675 0.826675
4060.031006 0.000000 2860.534424 0.000000 0.759047 0.000000 0.651035 0.727787 0.727787 0.727787
4050.670654 0.000000 2860.294678 0.000000 0.181777 0.000000 0.983340 0.800000 0.800000 0.800000
4049.138184 0.000000 2875.270508 0.000000 0.753416 0.000000 0.657544 0.800000 0.800000 0.800000
4050.942871 0.000000 2866.206787 0.000000 0.095138 0.000000 0.995464 0.800000 0.800000 0.800000
4041.841797 0.000000 2856.814941 0.000000 0.931226 0.000000 0.364443 0.800000 0.800000 0.800000
4061.515625 0.000000 2859.513184 0.000000 0.939081 0.000000 -0.343697 0.800000 0.800000 0.800000
4048.211670 0.000000 2879.600098 0.000000 0.927969 0.000000 0.372657 0.800000 0.800000 0.800000
4057.432373 0.000000 2852.026611 0.000000 0.531642 0.000000 -0.846969 0.902904 0.902904 0.902904
4055.774902 0.000000 2849.188232 0.000000 0.700104 0.000000 0.714041 0.800000 0.800000 0.800000
4048.692871 0.000000 2849.314697 0.000000 0.998765 0.000000 0.049688 0.794937 0.794937 0.794937
4044.396240 0.000000 2865.099121 0.000000 0.169665 0.000000 -0.985502 0.942634 0.942634 0.942634
4057.379150 0.000000 2855.465820 0.000000 0.437102 0.000000 -0.899412 0.913922 0.913922 0.913922
4056.017334 0.000000 2875.195312 0.000000 0.354746 0.000000 0.934963 0.676938 0.676938 0.676938
4051.645996 0.000000 2862.815430 0.000000 0.629763 0.000000 0.776787 0.709391 0.709391 0.709391
4054.795654 0.000000 2872.256104 0.000000 0.038703 0.000000 -0.999251 0.800000 0.800000 0.800000
4052.500488 0.000000 2865.786865 0.000000 0.134010 0.000000 -0.990980 0.800000 0.800000 0.800000
4053.537109 0.000000 2867.403809 0.000000 0.658676 0.000000 0.752427 0.800000 0.800000 0.800000
4047.517822 0.000000 2876.790771 0.000000 0.959946 0.000000 0.280185 0.771073 0.771073 0.771073
4063.019531 0.000000 2862.162109 0.000000 0.295887 0.000000 -0.955223 0.929403 0.929403 0.929403
4058.720703 0.000000 2853.085205 0.000000 0.819328 0.000000 0.573325 0.800000 0.800000 0.800000
4042.373047 0.000000 2853.573242 0.000000 0.838877 0.000000 -0.544321 0.800000 0.800000 0.800000
4049.057617 0.000000 2863.137207 0.000000 0.836365 0.000000 0.548172 0.800000 0.800000 0.800000
4041.941406 0.000000 2873.449951 0.000000 0.538953 0.000000 0.842336 0.697978 0.697978 0.697978
4058.654541 0.000000 2854.568604 0.000000 0.305830 0.000000 -0.952086 0.800000 0.800000 0.800000
4045.214600 0.000000 2878.393555 0.000000 0.504214 0.000000 0.863579 0.800000 0.800000 0.800000
4057.089355 0.000000 2873.942871 0.000000 0.993920 0.000000 0.110101 0.788762 0.788762 0.788762
4056.614990 0.000000 2870.049561 0.000000 0.846041 0.000000 0.533118 0.800000 0.800000 0.800000
4049.093750 0.000000 2855.772949 0.000000 0.929663 0.000000 0.368410 0.761569 0.761569 0.761569
4050.449463 0.000000 2863.571289 0.000000 0.723065 0.000000 0.690780 0.722326 0.722326 0.722326
4045.906738 0.000000 2867.101074 0.000000 0.632429 0.000000 0.774618 0.709741 0.709741 0.709741
4061.190186 0.000000 2863.343750 0.000000 0.650930 0.000000 0.759137 0.712199 0.712199 0.712199
4042.385498 0.000000 2878.940186 0.000000 0.973927 0.000000 -0.226861 0.823311 0.823311 0.823311
4048.229492 0.000000 2848.020264 0.000000 0.470279 0.000000 0.882518 0.689871 0.689871 0.689871
4051.383057 0.000000 2861.428955 0.000000 0.855976 0.000000 0.517016 0.800000 0.800000 0.800000
4041.021729 0.000000 2855.747803 0.000000 0.996165 0.000000 0.087490 0.791077 0.791077 0.791077
4046.892334 0.000000 2855.335938 0.000000 0.902160 0.000000 0.431402 0.754566 0.754566 0.754566
4046.283936 0.000000 2876.206055 0.000000 0.044557 0.000000 -0.999007 0.955460 0.955460 0.955460
4061.210693 0.000000 2858.229248 0.000000 0.553940 0.000000 0.832556 0.800000 0.800000 0.800000
4050.315674 0.000000 2864.920898 0.000000 0.723171 0.000000 -0.690669 0.877659 0.877659 0.877659
4062.437988 0.000000 2849.881348 0.000000 0.994149 0.000000 -0.108016 0.811024 0.811024 0.811024
4048.130615 0.000000 2854.873779 0.000000 0.278232 0.000000 0.960514 0.668719 0.668719 0.668719
4051.663818 0.000000 2877.209229 0.000000 0.072124 0.000000 0.997396 0.647353 0.647353 0.647353
4049.116455 0.000000 2876.713379 0.000000 0.948923 0.000000 -0.315509 0.832696 0.832696 0.832696
4045.811523 0.000000 2849.138428 0.000000 0.959363 0.000000 -0.282176 0.829138 0.829138 0.829138
4043.564209 0.000000 2872.121338 0.000000 0.955249 0.000000 0.295804 0.769412 0.769412 0.769412
4043.131592 0.000000 2879.998535 0.000000 0.602679 0.000000 -0.797984 0.894112 0.894112 0.894112
4045.170898 0.000000 2864.175049 0.000000 0.923829 0.000000 0.382806 0.759986 0.759986 0.759986
4044.971436 0.000000 2867.848633 0.000000 0.907372 0.000000 -0.420330 0.844187 0.844187 0.844187
4057.687988 0.000000 2872.236572 0.000000 0.991960 0.000000 0.126555 0.787075 0.787075 0.787075
4057.390869 0.000000 2849.411621 0.000000 0.447275 0.000000 0.894397 0.687234 0.687234 0.687234
4061.898438 0.000000 2860.639648 0.000000 0.573316 0.000000 -0.819334 0.897810 0.897810 0.897810
4043.972412 0.000000 2855.777832 0.000000 0.567282 0.000000 -0.823524 0.898558 0.898558 0.898558
4056.595459 0.000000 2852.989258 0.000000 0.295845 0.000000 -0.955236 0.929408 0.929408 0.929408
4044.563232 0.000000 2849.168213 0.000000 0.571933 0.000000 0.820301 0.702018 0.702018 0.702018
4046.098389 0.000000 2854.554443 0.000000 0.595632 0.000000 0.803258 0.704991 0.704991 0.704991
4062.026123 0.000000 2862.666504 0.000000 0.645958 0.000000 -0.763373 0.888467 0.888467 0.888467
4056.058838 0.000000 2873.672607 0.000000 0.260631 0.000000 0.965439 0.666858 0.666858 0.666858
4045.411133 0.000000 2866.111084 0.000000 0.846071 0.000000 -0.533070 0.857268 0.857268 0.857268
4063.505859 0.000000 2849.610840 0.000000 0.003329 0.000000 0.999994 0.640339 0.640339 0.640339
4063.473633 0.000000 2863.091064 0.000000 0.999812 0.000000 0.019368 0.798027 0.798027 0.798027
4046.232422 0.000000 2848.195557 0.000000 0.963168 0.000000 -0.268900 0.827731 0.827731 0.827731
4063.637207 0.000000 2861.264160 0.000000 0.976358 0.000000 0.216161 0.777807 0.777807 0.777807
4047.722656 0.000000 2849.659912 0.000000 0.737902 0.000000 -0.674907 0.875461 0.875461 0.875461
4060.524170 0.000000 2861.983887 0.000000 0.309978 0.000000 -0.950744 0.927897 0.927897 0.927897
4044.002930 0.000000 2848.298096 0.000000 0.324290 0.000000 -0.945958 0.926360 0.926360 0.926360
4042.806641 0.000000 2872.839600 0.000000 0.369108 0.000000 -0.929386 0.921492 0.921492 0.921492
4041.646973 0.000000 2854.932861 0.000000 0.994056 0.000000 0.108873 0.788888 0.788888 0.788888
4049.649902 0.000000 2877.623047 0.000000 0.856479 0.000000 0.516181 0.744753 0.744753 0.744753
4060.971680 0.000000 2860.346436 0.000000 0.951461 0.000000 0.307769 0.768134 0.768134 0.768134
4051.594727 0.000000 2865.468750 0.000000 0.982132 0.000000 0.188193 0.780716 0.780716 0.780716
4062.558838 0.000000 2861.308105 0.000000 0.500409 0.000000 0.865789 0.693381 0.693381 0.693381
4062.258789 0.000000 2848.109375 0.000000 0.911209 0.000000 -0.411943 0.843248 0.843248 0.843248
4057.728760 0.000000 2852.974121 0.000000 0.909167 0.000000 0.416432 0.756250 0.756250 0.756250
4041.978760 0.000000 2855.906982 0.000000 0.313105 0.000000 0.949718 0.672438 0.672438 0.672438
4047.193848 0.000000 2848.022949 0.000000 0.573830 0.000000 -0.818975 0.897746 0.897746 0.897746
4064.750488 0.000000 2855.931396 0.000000 0.528409 0.000000 -0.848990 0.903292 0.903292 0.903292
4064.582275 0.000000 2848.014404 0.000000 0.745469 0.000000 0.666540 0.800000 0.800000 0.800000
4064.254150 0.000000 2852.108398 0.000000 0.402009 0.000000 -0.915636 0.800000 0.800000 0.800000
4064.324463 0.000000 2878.699219 0.000000 0.408439 0.000000 0.912786 0.682857 0.682857 0.682857
4066.424805 0.000000 2853.752441 0.000000 0.502969 0.000000 0.864304 0.693683 0.693683 0.693683
4064.085205 0.000000 2854.143555 0.000000 0.691453 0.000000 -0.722421 0.882231 0.882231 0.882231
4065.994385 0.000000 2852.045898 0.000000 0.342599 0.000000 -0.939482 0.800000 0.800000 0.800000
4065.936035 0.000000 2855.123535 0.000000 0.661550 0.000000 0.749901 0.713632 0.713632 0.713632
4067.356689 0.000000 2854.773193 0.000000 0.750626 0.000000 -0.660727 0.873521 0.873521 0.873521
4065.121582 0.000000 2853.165771 0.000000 0.926377 0.000000 -0.376597 0.800000 0.800000 0.800000
4067.266113 0.000000 2852.687256 0.000000 0.914318 0.000000 -0.404997 0.842473 0.842473 0.842473
4065.005371 0.000000 2849.260254 0.000000 0.804224 0.000000 0.594326 0.800000 0.800000 0.800000
4065.268311 0.000000 2854.256348 0.000000 0.519067 0.000000 0.854734 0.695591 0.695591 0.695591
3978.484375 0.000000 2909.530273 0.000000 0.339529 0.000000 0.940596 0.675286 0.675286 0.675286
3979.488281 0.000000 2895.720703 0.000000 0.776410 0.000000 0.630229 0.730548 0.730548 0.730548
3987.844971 0.000000 2910.519531 0.000000 0.099996 0.000000 0.994988 0.800000 0.800000 0.800000
3983.261719 0.000000 2907.264648 0.000000 0.810592 0.000000 0.585612 0.800000 0.800000 0.800000
3968.582275 0.000000 2880.014404 0.000000 0.117652 0.000000 -0.993055 0.800000 0.800000 0.800000
3975.399170 0.000000 2893.211670 0.000000 0.267050 0.000000 0.963683 0.800000 0.800000 0.800000
3969.410156 0.000000 2904.737793 0.000000 0.738443 0.000000 -0.674316 0.800000 0.800000 0.800000
3978.196045 0.000000 2893.211670 0.000000 0.214854 0.000000 0.976646 0.800000 0.800000 0.800000
3981.086914 0.000000 2908.827637 0.000000 0.657261 0.000000 0.753663 0.713051 0.713051 0.713051
3977.594971 0.000000 2906.996582 0.000000 0.987984 0.000000 -0.154554 0.815806 0.815806 0.815806
3974.121094 0.000000 2895.535889 0.000000 0.771636 0.000000 -0.636064 0.800000 0.800000 0.800000
3969.910156 0.000000 2882.213623 0.000000 0.956741 0.000000 -0.290942 0.830070 0.830070 0.830070
3976.606934 0.000000 2904.800537 0.000000 0.229751 0.000000 0.973249 0.800000 0.800000 0.800000
3979.431396 0.000000 2907.744873 0.000000 0.823408 0.000000 -0.567449 0.800000 0.800000 0.800000
3986.084961 0.000000 2911.367432 0.000000 0.214675 0.000000 0.976686 0.800000 0.800000 0.800000
3989.621826 0.000000 2911.278564 0.000000 0.190908 0.000000 -0.981608 0.940434 0.940434 0.940434
3968.099609 0.000000 2882.283447 0.000000 0.997101 0.000000 -0.076084 0.807757 0.807757 0.807757
3968.013672 0.000000 2903.041748 0.000000 0.295088 0.000000 -0.955470 0.929488 0.929488 0.929488
3976.953857 0.000000 2894.368164 0.000000 0.447305 0.000000 -0.894382 0.912763 0.912763 0.912763
3981.343018 0.000000 2907.266113 0.000000 0.272158 0.000000 -0.962252 0.931924 0.931924 0.931924
3974.004883 0.000000 2893.967285 0.000000 0.228977 0.000000 -0.973432 0.800000 0.800000 0.800000
3983.517822 0.000000 2908.790771 0.000000 0.290945 0.000000 -0.956740 0.800000 0.800000 0.800000
3979.788818 0.000000 2892.624512 0.000000 0.408373 0.000000 0.912815 0.800000 0.800000 0.800000
3968.043213 0.000000 2905.542969 0.000000 0.647205 0.000000 -0.762316 0.800000 0.800000 0.800000
3975.472168 0.000000 2894.815430 0.000000 0.922724 0.000000 0.385462 0.800000 0.800000 0.800000
3977.941406 0.000000 2905.449951 0.000000 0.080617 0.000000 0.996745 0.800000 0.800000 0.800000
3979.394531 0.000000 2894.168945 0.000000 0.235423 0.000000 0.971893 0.664207 0.664207 0.664207
3978.048584 0.000000 2895.299316 0.000000 0.740014 0.000000 -0.672591 0.875142 0.875142 0.875142
3976.133057 0.000000 2907.540771 0.000000 0.938005 0.000000 -0.346620 0.836055 0.836055 0.836055
3979.887939 0.000000 2909.594971 0.000000 0.112033 0.000000 0.993704 0.651436 0.651436 0.651436
3976.767090 0.000000 2892.968506 0.000000 0.081465 0.000000 -0.996676 0.951693 0.951693 0.951693
3974.478027 0.000000 2892.193604 0.000000 0.639907 0.000000 0.768452 0.800000 0.800000 0.800000
3978.851074 0.000000 2906.534668 0.000000 0.101729 0.000000 -0.994812 0.800000 0.800000 0.800000
3976.487549 0.000000 2906.216064 0.000000 0.458881 0.000000 -0.888498 0.911440 0.911440 0.911440
3982.283936 0.000000 2908.206055 0.000000 0.965317 0.000000 -0.261080 0.800000 0.800000 0.800000
3969.005371 0.000000 2881.260254 0.000000 0.180323 0.000000 -0.983608 0.800000 0.800000 0.800000
3986.573975 0.000000 2910.010986 0.000000 0.259420 0.000000 -0.965765 0.800000 0.800000 0.800000
3980.141846 0.000000 2906.657715 0.000000 0.963168 0.000000 0.268900 0.772269 0.772269 0.772269
3969.274902 0.000000 2903.327637 0.000000 0.943297 0.000000 -0.331951 0.834466 0.834466 0.834466
3969.031982 0.000000 2883.108887 0.000000 0.562886 0.000000 -0.826535 0.899101 0.899101 0.899101
3978.427002 0.000000 2908.391846 0.000000 0.356065 0.000000 0.934461 0.677082 0.677082 0.677082
3969.929688 0.000000 2902.073242 0.000000 0.134354 0.000000 0.990933 0.653727 0.653727 0.653727
3988.379150 0.000000 2911.418945 0.000000 0.674941 0.000000 0.737871 0.715466 0.715466 0.715466
3968.793945 0.000000 2902.455811 0.000000 0.727195 0.000000 -0.686431 0.877063 0.877063 0.877063
3978.239502 0.000000 2894.367188 0.000000 0.919738 0.000000 0.392532 0.758912 0.758912 0.758912
4024.140869 0.000000 2890.975586 0.000000 0.998049 0.000000 0.062431 0.793637 0.793637 0.793637
4029.641113 0.000000 2887.481201 0.000000 0.999188 0.000000 0.040297 0.800000 0.800000 0.800000
4015.261719 0.000000 2907.264648 0.000000 0.835276 0.000000 0.549830 0.740702 0.740702 0.740702
4030.047119 0.000000 2901.620605 0.000000 0.766194 0.000000 -0.642609 0.800000 0.800000 0.800000
4030.169434 0.000000 2883.512451 0.000000 0.891197 0.000000 0.453616 0.800000 0.800000 0.800000
4018.934326 0.000000 2906.628906 0.000000 0.229878 0.000000 0.973219 0.663626 0.663626 0.663626
4031.983887 0.000000 2905.194336 0.000000 0.746362 0.000000 0.665541 0.725824 0.725824 0.725824
4027.725342 0.000000 2890.650391 0.000000 0.923640 0.000000 -0.383260 0.800000 0.800000 0.800000
4026.269043 0.000000 2893.509033 0.000000 0.544485 0.000000 -0.838770 0.901352 0.901352 0.901352
4027.325195 0.000000 2900.877686 0.000000 0.965312 0.000000 0.261099 0.800000 0.800000 0.800000
4030.908203 0.000000 2907.572510 0.000000 0.729040 0.000000 -0.684471 0.800000 0.800000 0.800000
4029.387451 0.000000 2899.185791 0.000000 0.754701 0.000000 0.656068 0.800000 0.800000 0.800000
4016.790039 0.000000 2905.376221 0.000000 0.241567 0.000000 -0.970384 0.800000 0.800000 0.800000
4028.065918 0.000000 2885.843994 0.000000 0.166884 0.000000 0.985977 0.800000 0.800000 0.800000
4020.506104 0.000000 2908.297363 0.000000 0.973527 0.000000 -0.228570 0.823490 0.823490 0.823490
4031.286865 0.000000 2885.688477 0.000000 0.625097 0.000000 -0.780547 0.891219 0.891219 0.891219
4030.534180 0.000000 2895.646729 0.000000 0.928609 0.000000 0.371059 0.761278 0.761278 0.761278
4030.097168 0.000000 2904.304688 0.000000 0.555465 0.000000 -0.831540 0.900013 0.900013 0.900013
4018.363037 0.000000 2908.705566 0.000000 0.739016 0.000000 -0.673688 0.800000 0.800000 0.800000
4031.150879 0.000000 2892.339600 0.000000 0.889413 0.000000 0.457104 0.800000 0.800000 0.800000
4017.138184 0.000000 2907.270508 0.000000 0.472428 0.000000 -0.881369 0.909881 0.909881 0.909881
4025.928711 0.000000 2891.692139 0.000000 0.844837 0.000000 0.535025 0.742497 0.742497 0.742497
4024.532715 0.000000 2893.734131 0.000000 0.885688 0.000000 -0.464281 0.849180 0.849180 0.849180
4030.001221 0.000000 2906.108643 0.000000 0.031034 0.000000 0.999518 0.800000 0.800000 0.800000
4029.639893 0.000000 2885.107666 0.000000 0.437062 0.000000 -0.899432 0.800000 0.800000 0.800000
4028.509521 0.000000 2901.961182 0.000000 0.212466 0.000000 -0.977168 0.938192 0.938192 0.938192
4021.174561 0.000000 2909.702393 0.000000 0.574203 0.000000 0.818713 0.702300 0.702300 0.702300
4031.019531 0.000000 2894.162109 0.000000 0.308288 0.000000 0.951293 0.671922 0.671922 0.671922
4031.477295 0.000000 2882.709717 0.000000 0.897383 0.000000 -0.441252 0.800000 0.800000 0.800000
4015.311279 0.000000 2905.578857 0.000000 0.998793 0.000000 -0.049110 0.800000 0.800000 0.800000
4028.631104 0.000000 2883.099609 0.000000 0.566325 0.000000 0.824182 0.800000 0.800000 0.800000
4028.750977 0.000000 2900.538330 0.000000 0.860520 0.000000 0.509417 0.745556 0.745556 0.745556
4031.543701 0.000000 2901.486084 0.000000 0.999997 0.000000 0.002505 0.800000 0.800000 0.800000
4017.899658 0.000000 2904.325195 0.000000 0.304213 0.000000 0.952604 0.800000 0.800000 0.800000
4028.213379 0.000000 2887.288330 0.000000 0.885884 0.000000 0.463907 0.800000 0.800000 0.800000
4024.669922 0.000000 2892.330322 0.000000 0.365641 0.000000 0.930756 0.678128 0.678128 0.678128
4028.811523 0.000000 2904.857422 0.000000 0.509493 0.000000 -0.860475 0.800000 0.800000 0.800000
4030.243896 0.000000 2900.268799 0.000000 0.744057 0.000000 -0.668116 0.800000 0.800000 0.800000
4026.018066 0.000000 2901.348633 0.000000 0.957247 0.000000 0.289271 0.800000 0.800000 0.800000
4030.947021 0.000000 2887.013428 0.000000 0.427027 0.000000 -0.904239 0.800000 0.800000 0.800000
4028.323486 0.000000 2884.493408 0.000000 0.535777 0.000000 -0.844360 0.800000 0.800000 0.800000
4020.256348 0.000000 2906.963135 0.000000 0.928794 0.000000 -0.370597 0.838671 0.838671 0.838671
4028.605469 0.000000 2898.131836 0.000000 0.642245 0.000000 -0.766500 0.800000 0.800000 0.800000
4031.259277 0.000000 2884.276367 0.000000 0.951288 0.000000 0.308305 0.768076 0.768076 0.768076
4019.212158 0.000000 2907.807617 0.000000 0.158727 0.000000 0.987322 0.656237 0.656237 0.656237
4016.159424 0.000000 2906.418213 0.000000 0.380034 0.000000 0.924973 0.679708 0.679708 0.679708
4027.558838 0.000000 2893.658203 0.000000 0.571303 0.000000 -0.820740 0.898060 0.898060 0.898060
4021.606934 0.000000 2908.599854 0.000000 0.929967 0.000000 -0.367644 0.838347 0.838347 0.838347
4021.884033 0.000000 2906.359619 0.000000 0.101836 0.000000 -0.994801 0.949609 0.949609 0.949609
4014.317871 0.000000 2906.708496 0.000000 0.763033 0.000000 -0.646360 0.871587 0.871587 0.871587
4016.246338 0.000000 2907.949707 0.000000 0.330998 0.000000 0.943631 0.674363 0.674363 0.674363
4030.026123 0.000000 2894.666504 0.000000 0.991922 0.000000 0.126847 0.787045 0.787045 0.787045
4018.113037 0.000000 2907.676758 0.000000 0.881434 0.000000 0.472307 0.749895 0.749895 0.749895
4025.356201 0.000000 2890.815186 0.000000 0.933393 0.000000 -0.358856 0.837387 0.837387 0.837387
4031.473633 0.000000 2895.091064 0.000000 0.321040 0.000000 0.947066 0.673290 0.673290 0.673290
4025.668945 0.000000 2892.686768 0.000000 0.166268 0.000000 0.986081 0.657015 0.657015 0.657015
4017.354004 0.000000 2906.230469 0.000000 0.240533 0.000000 -0.970641 0.935257 0.935257 0.935257
4025.451904 0.000000 2893.950195 0.000000 0.984632 0.000000 0.174640 0.782120 0.782120 0.782120
4030.543457 0.000000 2884.892090 0.000000 0.990733 0.000000 -0.135825 0.813878 0.813878 0.813878
3982.183594 0.000000 2915.834961 0.000000 0.993454 0.000000 -0.114231 0.800000 0.800000 0.800000
3984.959717 0.000000 2922.489014 0.000000 0.755555 0.000000 0.655086 0.800000 0.800000 0.800000
3993.374268 0.000000 2917.824219 0.000000 0.514282 0.000000 -0.857621 0.904979 0.904979 0.904979
3988.712891 0.000000 2920.359619 0.000000 0.817669 0.000000 0.575689 0.737515 0.737515 0.737515
3990.344727 0.000000 2912.282715 0.000000 0.986920 0.000000 -0.161210 0.816493 0.816493 0.816493
3991.549561 0.000000 2927.383057 0.000000 0.953065 0.000000 -0.302767 0.800000 0.800000 0.800000
3985.279785 0.000000 2918.307373 0.000000 0.319798 0.000000 0.947486 0.673157 0.673157 0.673157
3981.525879 0.000000 2919.489746 0.000000 0.176728 0.000000 -0.984260 0.800000 0.800000 0.800000
3995.725342 0.000000 2922.650391 0.000000 0.818058 0.000000 -0.575135 0.800000 0.800000 0.800000
3992.785645 0.000000 2914.484375 0.000000 0.466549 0.000000 0.884495 0.689441 0.689441 0.689441
3994.269043 0.000000 2925.509033 0.000000 0.927902 0.000000 0.372824 0.761085 0.761085 0.761085
3990.093262 0.000000 2929.928223 0.000000 0.482241 0.000000 -0.876039 0.800000 0.800000 0.800000
3998.498779 0.000000 2922.052246 0.000000 0.871590 0.000000 0.490236 0.800000 0.800000 0.800000
3988.116211 0.000000 2913.561279 0.000000 0.800713 0.000000 0.599048 0.734575 0.734575 0.734575
3994.233643 0.000000 2927.915039 0.000000 0.982671 0.000000 0.185356 0.781010 0.781010 0.781010
3983.752686 0.000000 2920.400391 0.000000 0.870935 0.000000 0.491398 0.800000 0.800000 0.800000
3987.775635 0.000000 2918.120361 0.000000 0.372537 0.000000 -0.928017 0.800000 0.800000 0.800000
3989.661865 0.000000 2922.533447 0.000000 0.681570 0.000000 0.731753 0.800000 0.800000 0.800000
3986.343750 0.000000 2920.453613 0.000000 0.989475 0.000000 -0.144706 0.814792 0.814792 0.814792
3996.065918 0.000000 2917.843994 0.000000 0.030432 0.000000 0.999537 0.800000 0.800000 0.800000
3987.419434 0.000000 2922.523438 0.000000 0.055161 0.000000 -0.998478 0.954379 0.954379 0.954379
3983.149414 0.000000 2918.040283 0.000000 0.867796 0.000000 0.496921 0.747028 0.747028 0.747028
3990.643799 0.000000 2914.654785 0.000000 0.198896 0.000000 0.980021 0.660395 0.660395 0.660395
3999.150879 0.000000 2924.339600 0.000000 0.575473 0.000000 -0.817821 0.800000 0.800000 0.800000
3992.093506 0.000000 2929.496338 0.000000 0.271156 0.000000 0.962536 0.667970 0.667970 0.667970
3981.063965 0.000000 2914.168945 0.000000 0.954098 0.000000 -0.299496 0.800000 0.800000 0.800000
3999.840820 0.000000 2935.206055 0.000000 0.614447 0.000000 0.788958 0.707399 0.707399 0.707399
3995.876221 0.000000 2926.799561 0.000000 0.952320 0.000000 0.305102 0.768419 0.768419 0.768419
3984.194092 0.000000 2916.557861 0.000000 0.187655 0.000000 -0.982235 0.940772 0.940772 0.940772
3992.532715 0.000000 2925.734131 0.000000 0.702387 0.000000 -0.711795 0.800000 0.800000 0.800000
3986.375977 0.000000 2913.871338 0.000000 0.986447 0.000000 0.164078 0.800000 0.800000 0.800000
3981.404297 0.000000 2917.707520 0.000000 0.998964 0.000000 -0.045513 0.800000 0.800000 0.800000
3997.639893 0.000000 2917.107666 0.000000 0.603144 0.000000 0.797632 0.800000 0.800000 0.800000
3993.432373 0.000000 2916.026611 0.000000 0.945324 0.000000 -0.326131 0.833838 0.833838 0.833838
3991.774902 0.000000 2913.188232 0.000000 0.871538 0.000000 -0.490328 0.852199 0.852199 0.852199
3983.282471 0.000000 2914.583008 0.000000 0.828505 0.000000 -0.559982 0.800000 0.800000 0.800000
3990.055908 0.000000 2928.229248 0.000000 0.774508 0.000000 -0.632564 0.800000 0.800000 0.800000
3995.190430 0.000000 2929.447021 0.000000 0.722095 0.000000 -0.691794 0.800000 0.800000 0.800000
3980.095947 0.000000 2918.644043 0.000000 0.183235 0.000000 0.983069 0.800000 0.800000 0.800000
3988.407227 0.000000 2912.043457 0.000000 0.950849 0.000000 0.309654 0.767932 0.767932 0.767932
3994.720703 0.000000 2917.085205 0.000000 0.902171 0.000000 0.431379 0.754569 0.754569 0.754569
3983.504639 0.000000 2921.930908 0.000000 0.823410 0.000000 -0.567447 0.800000 0.800000 0.800000
3992.767090 0.000000 2928.208496 0.000000 0.973102 0.000000 -0.230376 0.823679 0.823679 0.823679
3986.576660 0.000000 2918.986572 0.000000 0.990301 0.000000 -0.138941 0.800000 0.800000 0.800000
3980.598633 0.000000 2915.608154 0.000000 0.165285 0.000000 0.986246 0.800000 0.800000 0.800000
3989.584717 0.000000 2913.576416 0.000000 0.946198 0.000000 -0.323587 0.833564 0.833564 0.833564
3985.093750 0.000000 2919.772949 0.000000 0.993286 0.000000 -0.115682 0.811810 0.811810 0.811810
3992.669922 0.000000 2924.330322 0.000000 0.994722 0.000000 0.102611 0.800000 0.800000 0.800000
3998.486572 0.000000 2934.969482 0.000000 0.385841 0.000000 0.922565 0.680348 0.680348 0.680348
3988.943848 0.000000 2918.841797 0.000000 0.584924 0.000000 0.811088 0.800000 0.800000 0.800000
3996.323486 0.000000 2916.493408 0.000000 0.843895 0.000000 -0.536509 0.800000 0.800000 0.800000
3985.029053 0.000000 2921.145508 0.000000 0.528659 0.000000 -0.848834 0.903262 0.903262 0.903262
3993.285889 0.000000 2926.891602 0.000000 0.207211 0.000000 0.978296 0.661260 0.661260 0.661260
3986.159912 0.000000 2921.871094 0.000000 0.966802 0.000000 0.255526 0.773680 0.773680 0.773680
3988.555420 0.000000 2921.725342 0.000000 0.001457 0.000000 -0.999999 0.959852 0.959852 0.959852
3990.524414 0.000000 2926.308350 0.000000 0.652305 0.000000 -0.757956 0.800000 0.800000 0.800000
3987.165527 0.000000 2912.566895 0.000000 0.399422 0.000000 -0.916767 0.800000 0.800000 0.800000
3982.892334 0.000000 2919.335938 0.000000 0.982733 0.000000 -0.185031 0.818956 0.818956 0.818956
3989.898438 0.000000 2921.118652 0.000000 0.803952 0.000000 -0.594694 0.864873 0.864873 0.864873
3993.734863 0.000000 2929.158447 0.000000 0.401035 0.000000 0.916063 0.682032 0.682032 0.682032
3988.528076 0.000000 2923.285400 0.000000 0.845047 0.000000 0.534692 0.800000 0.800000 0.800000
3984.130615 0.000000 2918.873779 0.000000 0.075905 0.000000 -0.997115 0.952261 0.952261 0.952261
3985.719727 0.000000 2916.006348 0.000000 0.068497 0.000000 -0.997651 0.953017 0.953017 0.953017
3986.085205 0.000000 2923.174805 0.000000 0.136258 0.000000 -0.990673 0.946078 0.946078 0.946078
3987.451416 0.000000 2921.102539 0.000000 0.910454 0.000000 -0.413610 0.843434 0.843434 0.843434
3991.926025 0.000000 2915.371826 0.000000 0.312846 0.000000 0.949804 0.672410 0.672410 0.672410
3994.597656 0.000000 2926.780762 0.000000 0.975253 0.000000 0.221091 0.777292 0.777292 0.777292
3982.674316 0.000000 2916.935303 0.000000 0.939678 0.000000 -0.342059 0.835560 0.835560 0.835560
3991.989502 0.000000 2912.038818 0.000000 0.413740 0.000000 -0.910395 0.916551 0.916551 0.916551
3995.558838 0.000000 2925.658203 0.000000 0.555043 0.000000 -0.831822 0.900065 0.900065 0.900065
3992.595459 0.000000 2916.989258 0.000000 0.877028 0.000000 -0.480440 0.851047 0.851047 0.851047
3985.199707 0.000000 2917.051758 0.000000 0.975526 0.000000 -0.219883 0.822582 0.822582 0.822582
3984.284180 0.000000 2917.708496 0.000000 0.999703 0.000000 -0.024370 0.802483 0.802483 0.802483
3990.768555 0.000000 2915.741455 0.000000 0.566431 0.000000 0.824109 0.701336 0.701336 0.701336
3990.704346 0.000000 2913.313477 0.000000 0.512865 0.000000 0.858469 0.694853 0.694853 0.694853
3982.098389 0.000000 2918.554443 0.000000 0.525928 0.000000 0.850529 0.696410 0.696410 0.696410
3991.692139 0.000000 2914.273926 0.000000 0.950176 0.000000 0.311714 0.767711 0.767711 0.767711
3995.020020 0.000000 2924.805908 0.000000 0.985343 0.000000 0.170586 0.782539 0.782539 0.782539
3989.302490 0.000000 2912.587402 0.000000 0.148706 0.000000 -0.988881 0.944797 0.944797 0.944797
3999.289307 0.000000 2934.419678 0.000000 0.793999 0.000000 -0.607920 0.866559 0.866559 0.866559
3994.361572 0.000000 2916.212402 0.000000 0.992363 0.000000 0.123355 0.787403 0.787403 0.787403
3992.400635 0.000000 2927.063721 0.000000 0.276001 0.000000 -0.961157 0.931517 0.931517 0.931517
3983.537842 0.000000 2917.248779 0.000000 0.079082 0.000000 -0.996868 0.951936 0.951936 0.951936
4014.183594 0.000000 2915.834961 0.000000 0.965722 0.000000 -0.259580 0.826747 0.826747 0.826747
4000.987305 0.000000 2933.511475 0.000000 0.329931 0.000000 0.944005 0.800000 0.800000 0.800000
4027.529053 0.000000 2912.375977 0.000000 0.747979 0.000000 -0.663722 0.873928 0.873928 0.873928
4025.374268 0.000000 2917.824219 0.000000 0.696523 0.000000 0.717535 0.800000 0.800000 0.800000
4007.005127 0.000000 2938.616211 0.000000 0.212752 0.000000 -0.977106 0.938162 0.938162 0.938162
4011.314209 0.000000 2913.086914 0.000000 0.982508 0.000000 -0.186223 0.800000 0.800000 0.800000
4024.785645 0.000000 2914.484375 0.000000 0.890699 0.000000 0.454593 0.800000 0.800000 0.800000
4027.257080 0.000000 2915.640137 0.000000 0.505169 0.000000 0.863021 0.693942 0.693942 0.693942
4000.165039 0.000000 2926.609863 0.000000 0.292725 0.000000 -0.956197 0.800000 0.800000 0.800000
4009.594971 0.000000 2938.996582 0.000000 0.996217 0.000000 -0.086899 0.800000 0.800000 0.800000
4004.546387 0.000000 2937.718994 0.000000 0.982109 0.000000 0.188312 0.800000 0.800000 0.800000
4008.606934 0.000000 2936.800537 0.000000 0.771490 0.000000 0.636241 0.800000 0.800000 0.800000
4003.307861 0.000000 2933.141846 0.000000 0.956174 0.000000 -0.292799 0.830268 0.830268 0.830268
4028.065918 0.000000 2917.843994 0.000000 0.289014 0.000000 -0.957325 0.800000 0.800000 0.800000
4025.199219 0.000000 2912.287109 0.000000 0.368372 0.000000 0.929678 0.800000 0.800000 0.800000
4013.063965 0.000000 2914.168945 0.000000 0.449364 0.000000 0.893349 0.687472 0.687472 0.687472
4002.549805 0.000000 2934.988525 0.000000 0.509211 0.000000 -0.860641 0.905580 0.905580 0.905580
4011.022461 0.000000 2915.128906 0.000000 0.474748 0.000000 0.880122 0.800000 0.800000 0.800000
4013.092285 0.000000 2912.144287 0.000000 0.866879 0.000000 -0.498519 0.800000 0.800000 0.800000
4026.506592 0.000000 2913.893066 0.000000 0.113758 0.000000 0.993509 0.651612 0.651612 0.651612
4000.013672 0.000000 2935.041748 0.000000 0.980387 0.000000 0.197083 0.779793 0.779793 0.779793
4013.404297 0.000000 2917.707520 0.000000 0.979857 0.000000 0.199699 0.800000 0.800000 0.800000
4001.769531 0.000000 2925.905029 0.000000 0.296934 0.000000 0.954898 0.670709 0.670709 0.670709
4029.639893 0.000000 2917.107666 0.000000 0.693247 0.000000 0.720700 0.800000 0.800000 0.800000
4025.432373 0.000000 2916.026611 0.000000 0.827557 0.000000 -0.561382 0.800000 0.800000 0.800000
4015.282471 0.000000 2914.583008 0.000000 0.969831 0.000000 -0.243780 0.825084 0.825084 0.825084
4025.379150 0.000000 2919.465820 0.000000 0.999559 0.000000 0.029711 0.800000 0.800000 0.800000
4006.037354 0.000000 2937.124512 0.000000 0.154429 0.000000 0.988004 0.655793 0.655793 0.655793
4026.720703 0.000000 2917.085205 0.000000 0.743876 0.000000 0.668318 0.725445 0.725445 0.725445
4000.066895 0.000000 2932.123291 0.000000 0.534473 0.000000 -0.845185 0.800000 0.800000 0.800000
4009.941406 0.000000 2937.449951 0.000000 0.522087 0.000000 0.852892 0.800000 0.800000 0.800000
4026.654541 0.000000 2918.568604 0.000000 0.999972 0.000000 0.007539 0.799232 0.799232 0.799232
4012.598633 0.000000 2915.608154 0.000000 0.549142 0.000000 -0.835729 0.900786 0.900786 0.900786
4008.133057 0.000000 2939.540771 0.000000 0.686273 0.000000 0.727344 0.800000 0.800000 0.800000
4001.859131 0.000000 2927.321289 0.000000 0.349661 0.000000 0.936876 0.800000 0.800000 0.800000
4000.576172 0.000000 2925.288574 0.000000 0.204800 0.000000 0.978804 0.661009 0.661009 0.661009
4028.323486 0.000000 2916.493408 0.000000 0.961868 0.000000 -0.273513 0.800000 0.800000 0.800000
4008.487549 0.000000 2938.216064 0.000000 0.756668 0.000000 0.653799 0.800000 0.800000 0.800000
4027.851074 0.000000 2913.918701 0.000000 0.121219 0.000000 0.992626 0.652378 0.652378 0.652378
4001.274902 0.000000 2935.327637 0.000000 0.999981 0.000000 -0.006133 0.800625 0.800625 0.800625
4007.284180 0.000000 2936.928223 0.000000 0.807369 0.000000 0.590047 0.735715 0.735715 0.735715
4002.093262 0.000000 2932.926270 0.000000 0.669337 0.000000 -0.742959 0.885305 0.885305 0.885305
4026.350830 0.000000 2912.605957 0.000000 0.950691 0.000000 0.310138 0.767880 0.767880 0.767880
4026.100586 0.000000 2915.039795 0.000000 0.275384 0.000000 0.961334 0.668418 0.668418 0.668418
4001.929688 0.000000 2934.073242 0.000000 0.745403 0.000000 0.666615 0.725678 0.725678 0.725678
4001.636475 0.000000 2924.709961 0.000000 0.667967 0.000000 -0.744191 0.885493 0.885493 0.885493
4013.487061 0.000000 2915.117676 0.000000 0.256325 0.000000 0.966591 0.666404 0.666404 0.666404
4027.144043 0.000000 2914.672119 0.000000 0.807127 0.000000 -0.590378 0.864327 0.864327 0.864327
4000.793945 0.000000 2934.455811 0.000000 0.998384 0.000000 0.056826 0.794209 0.794209 0.794209
4006.285645 0.000000 2939.257568 0.000000 0.120987 0.000000 -0.992654 0.947646 0.947646 0.947646
4026.361572 0.000000 2916.212402 0.000000 0.756455 0.000000 -0.654045 0.872617 0.872617 0.872617
4006.281006 0.000000 2938.013428 0.000000 0.971129 0.000000 -0.238556 0.824536 0.824536 0.824536
4027.326416 0.000000 2919.158691 0.000000 0.904463 0.000000 0.426552 0.755113 0.755113 0.755113
4002.815674 0.000000 2933.939453 0.000000 0.674435 0.000000 0.738334 0.715396 0.715396 0.715396
4032.750488 0.000000 2887.931396 0.000000 0.999603 0.000000 -0.028161 0.800000 0.800000 0.800000
4051.844971 0.000000 2910.519531 0.000000 0.488101 0.000000 0.872787 0.691939 0.691939 0.691939
4040.025879 0.000000 2888.900635 0.000000 0.743536 0.000000 0.668695 0.800000 0.800000 0.800000
4035.295410 0.000000 2894.797363 0.000000 0.315829 0.000000 -0.948816 0.800000 0.800000 0.800000
4034.681885 0.000000 2907.806152 0.000000 0.575897 0.000000 -0.817522 0.800000 0.800000 0.800000
4054.989014 0.000000 2905.962891 0.000000 0.428030 0.000000 -0.903765 0.800000 0.800000 0.800000
4036.372803 0.000000 2883.959717 0.000000 0.982995 0.000000 -0.183633 0.800000 0.800000 0.800000
4046.161133 0.000000 2900.472412 0.000000 0.444418 0.000000 0.895820 0.686909 0.686909 0.686909
4044.226807 0.000000 2891.086914 0.000000 0.890731 0.000000 0.454531 0.800000 0.800000 0.800000
4057.374268 0.000000 2885.824219 0.000000 0.374926 0.000000 -0.927055 0.920854 0.920854 0.920854
4062.047119 0.000000 2901.620605 0.000000 0.682374 0.000000 -0.731003 0.883503 0.883503 0.883503
4063.730469 0.000000 2897.468262 0.000000 0.939910 0.000000 0.341422 0.800000 0.800000 0.800000
4043.641357 0.000000 2905.407471 0.000000 0.162308 0.000000 0.986740 0.800000 0.800000 0.800000
4036.715332 0.000000 2903.164795 0.000000 0.494660 0.000000 0.869086 0.800000 0.800000 0.800000
4032.254150 0.000000 2884.108398 0.000000 0.924624 0.000000 0.380882 0.760199 0.760199 0.760199
4032.194824 0.000000 2897.812500 0.000000 0.447831 0.000000 0.894118 0.687297 0.687297 0.687297
4043.314209 0.000000 2881.086914 0.000000 0.469532 0.000000 -0.882915 0.910215 0.910215 0.910215
4046.855713 0.000000 2903.860352 0.000000 0.815334 0.000000 0.578991 0.737103 0.737103 0.737103
4056.785645 0.000000 2882.484375 0.000000 0.430293 0.000000 -0.902689 0.914691 0.914691 0.914691
4033.410156 0.000000 2904.737793 0.000000 0.460791 0.000000 -0.887509 0.911221 0.911221 0.911221
4060.629150 0.000000 2896.770752 0.000000 0.373931 0.000000 0.927456 0.800000 0.800000 0.800000
4057.621094 0.000000 2907.281982 0.000000 0.940000 0.000000 0.341173 0.764536 0.764536 0.764536
4062.978760 0.000000 2880.691162 0.000000 0.716418 0.000000 -0.697671 0.878650 0.878650 0.878650
4042.196045 0.000000 2893.211670 0.000000 0.382877 0.000000 -0.923799 0.919979 0.919979 0.919979
4059.257080 0.000000 2883.640137 0.000000 0.067587 0.000000 -0.997713 0.953110 0.953110 0.953110
4032.165039 0.000000 2894.609863 0.000000 0.955953 0.000000 0.293519 0.769656 0.769656 0.769656
4062.498779 0.000000 2890.052246 0.000000 0.420730 0.000000 -0.907186 0.915768 0.915768 0.915768
4034.424805 0.000000 2885.752441 0.000000 0.830775 0.000000 -0.556608 0.860127 0.860127 0.860127
4036.546387 0.000000 2905.718994 0.000000 0.099926 0.000000 0.994995 0.650195 0.650195 0.650195
4032.136475 0.000000 2907.778564 0.000000 0.276306 0.000000 0.961070 0.668515 0.668515 0.668515
4061.387451 0.000000 2899.185791 0.000000 0.399896 0.000000 -0.916560 0.800000 0.800000 0.800000
4048.394531 0.000000 2901.639893 0.000000 0.352517 0.000000 -0.935805 0.800000 0.800000 0.800000
4033.910156 0.000000 2882.213623 0.000000 0.960056 0.000000 -0.279807 0.828887 0.828887 0.828887
4060.065918 0.000000 2885.843994 0.000000 0.981032 0.000000 -0.193848 0.800000 0.800000 0.800000
4052.506104 0.000000 2908.297363 0.000000 0.917696 0.000000 0.397282 0.800000 0.800000 0.800000
4037.052734 0.000000 2907.980469 0.000000 0.427977 0.000000 -0.903790 0.914952 0.914952 0.914952
4034.279297 0.000000 2896.670898 0.000000 0.959786 0.000000 0.280733 0.800000 0.800000 0.800000
4043.893311 0.000000 2888.931152 0.000000 0.978088 0.000000 -0.208194 0.821363 0.821363 0.821363
4045.948730 0.000000 2889.685547 0.000000 0.539345 0.000000 0.842085 0.800000 0.800000 0.800000
4063.541992 0.000000 2899.808350 0.000000 0.215134 0.000000 0.976585 0.662086 0.662086 0.662086
4045.744873 0.000000 2905.721191 0.000000 0.812237 0.000000 -0.583327 0.863440 0.863440 0.863440
4050.363037 0.000000 2908.705566 0.000000 0.995755 0.000000 -0.092042 0.809389 0.809389 0.809389
4043.431396 0.000000 2907.744873 0.000000 0.791925 0.000000 -0.610619 0.800000 0.800000 0.800000
4063.840820 0.000000 2903.206055 0.000000 0.596312 0.000000 0.802752 0.800000 0.800000 0.800000
4044.931152 0.000000 2903.958496 0.000000 0.603243 0.000000 0.797557 0.705960 0.705960 0.705960
4063.358643 0.000000 2888.318359 0.000000 0.998907 0.000000 -0.046749 0.804763 0.804763 0.804763
4050.084961 0.000000 2911.367432 0.000000 0.507038 0.000000 -0.861924 0.905837 0.905837 0.905837
4053.621826 0.000000 2911.278564 0.000000 0.999922 0.000000 0.012520 0.800000 0.800000 0.800000
4032.085205 0.000000 2886.143555 0.000000 0.363908 0.000000 -0.931435 0.800000 0.800000 0.800000
4048.729980 0.000000 2903.479980 0.000000 0.952362 0.000000 -0.304971 0.831567 0.831567 0.831567
4041.716309 0.000000 2880.087891 0.000000 0.203154 0.000000 0.979147 0.800000 0.800000 0.800000
4032.099609 0.000000 2882.283447 0.000000 0.963543 0.000000 0.267553 0.772411 0.772411 0.772411
4045.645264 0.000000 2902.219971 0.000000 0.288402 0.000000 0.957509 0.669800 0.669800 0.669800
4060.641602 0.000000 2889.057373 0.000000 0.789002 0.000000 -0.614391 0.800000 0.800000 0.800000
4041.841797 0.000000 2888.814941 0.000000 0.590908 0.000000 0.806739 0.800000 0.800000 0.800000
4033.318115 0.000000 2906.482666 0.000000 0.809102 0.000000 0.587668 0.736015 0.736015 0.736015
4033.994385 0.000000 2884.045898 0.000000 0.974439 0.000000 -0.224653 0.823080 0.823080 0.823080
4036.239014 0.000000 2885.706787 0.000000 0.942359 0.000000 0.334603 0.800000 0.800000 0.800000
4061.515625 0.000000 2891.513184 0.000000 0.893112 0.000000 -0.449835 0.800000 0.800000 0.800000
4036.650146 0.000000 2882.273438 0.000000 0.698151 0.000000 0.715950 0.800000 0.800000 0.800000
4033.769531 0.000000 2893.905029 0.000000 0.230451 0.000000 -0.973084 0.800000 0.800000 0.800000
4054.019287 0.000000 2907.503418 0.000000 0.978950 0.000000 0.204100 0.779063 0.779063 0.779063
4061.639893 0.000000 2885.107666 0.000000 0.994901 0.000000 -0.100861 0.800000 0.800000 0.800000
4057.432373 0.000000 2884.026611 0.000000 0.944651 0.000000 0.328078 0.765952 0.765952 0.765952
4035.133057 0.000000 2904.600098 0.000000 0.917904 0.000000 -0.396802 0.841562 0.841562 0.841562
4057.379150 0.000000 2887.465820 0.000000 0.293102 0.000000 -0.956081 0.929700 0.929700 0.929700
4056.017334 0.000000 2907.195312 0.000000 0.758227 0.000000 0.651991 0.727659 0.727659 0.727659
4062.019775 0.000000 2897.631104 0.000000 0.882074 0.000000 -0.471111 0.800000 0.800000 0.800000
4037.989258 0.000000 2884.228760 0.000000 0.998061 0.000000 -0.062251 0.800000 0.800000 0.800000
4032.695801 0.000000 2896.138916 0.000000 0.943384 0.000000 -0.331704 0.834439 0.834439 0.834439
4054.795654 0.000000 2904.256104 0.000000 0.963888 0.000000 0.266310 0.800000 0.800000 0.800000
4034.979736 0.000000 2906.207031 0.000000 0.959670 0.000000 -0.281129 0.800000 0.800000 0.800000
4045.343018 0.000000 2907.266113 0.000000 0.553108 0.000000 0.833109 0.699699 0.699699 0.699699
4053.174561 0.000000 2909.702393 0.000000 0.964822 0.000000 -0.262904 0.800000 0.800000 0.800000
4043.788818 0.000000 2892.624512 0.000000 0.507486 0.000000 0.861660 0.694216 0.694216 0.694216
4058.720703 0.000000 2885.085205 0.000000 0.425381 0.000000 -0.905014 0.915245 0.915245 0.915245
4032.043213 0.000000 2905.542969 0.000000 0.130165 0.000000 -0.991492 0.946704 0.946704 0.946704
4047.311279 0.000000 2905.578857 0.000000 0.300769 0.000000 -0.953697 0.928882 0.928882 0.928882
4047.780273 0.000000 2900.291992 0.000000 0.999768 0.000000 0.021516 0.797808 0.797808 0.797808
4035.146240 0.000000 2883.160889 0.000000 0.075977 0.000000 0.997110 0.647746 0.647746 0.647746
4058.654541 0.000000 2886.568604 0.000000 0.758114 0.000000 -0.652122 0.800000 0.800000 0.800000
4060.631104 0.000000 2883.099609 0.000000 0.087730 0.000000 0.996144 0.800000 0.800000 0.800000
4047.123291 0.000000 2902.408203 0.000000 0.667516 0.000000 0.744595 0.714446 0.714446 0.714446
4063.543701 0.000000 2901.486084 0.000000 0.418571 0.000000 -0.908184 0.916010 0.916010 0.916010
4033.936035 0.000000 2887.123535 0.000000 0.991245 0.000000 -0.132033 0.800000 0.800000 0.800000
4043.054443 0.000000 2890.131104 0.000000 0.388362 0.000000 0.921507 0.680627 0.680627 0.680627
4062.486572 0.000000 2902.969482 0.000000 0.913879 0.000000 0.405986 0.800000 0.800000 0.800000
4042.887939 0.000000 2891.594727 0.000000 0.207218 0.000000 0.978295 0.661261 0.661261 0.661261
4033.121582 0.000000 2885.165771 0.000000 0.712213 0.000000 0.701964 0.720738 0.720738 0.720738
4062.243896 0.000000 2900.268799 0.000000 0.234553 0.000000 -0.972103 0.935884 0.935884 0.935884
4033.859131 0.000000 2895.321289 0.000000 0.370005 0.000000 0.929030 0.678606 0.678606 0.678606
4032.576172 0.000000 2893.288574 0.000000 0.137623 0.000000 0.990485 0.800000 0.800000 0.800000
4060.323486 0.000000 2884.493408 0.000000 0.899037 0.000000 0.437872 0.800000 0.800000 0.800000
4042.851074 0.000000 2906.534668 0.000000 0.945696 0.000000 -0.325053 0.800000 0.800000 0.800000
4035.937988 0.000000 2907.171631 0.000000 0.418102 0.000000 0.908400 0.800000 0.800000 0.800000
4062.982178 0.000000 2898.557861 0.000000 0.071156 0.000000 -0.997465 0.952746 0.952746 0.952746
4035.266113 0.000000 2884.687256 0.000000 0.163207 0.000000 0.986592 0.656699 0.656699 0.656699
4037.501953 0.000000 2906.658447 0.000000 0.571908 0.000000 0.820318 0.702015 0.702015 0.702015
4037.715820 0.000000 2885.962158 0.000000 0.586303 0.000000 -0.810092 0.800000 0.800000 0.800000
4050.573975 0.000000 2910.010986 0.000000 0.479155 0.000000 -0.877730 0.909102 0.909102 0.909102
4044.141846 0.000000 2906.657715 0.000000 0.980392 0.000000 -0.197060 0.820205 0.820205 0.820205
4060.605469 0.000000 2898.131836 0.000000 0.031834 0.000000 0.999493 0.800000 0.800000 0.800000
4061.210693 0.000000 2890.229248 0.000000 0.592964 0.000000 0.805229 0.800000 0.800000 0.800000
4063.338135 0.000000 2891.040771 0.000000 0.553055 0.000000 0.833145 0.699692 0.699692 0.699692
4049.613525 0.000000 2902.144043 0.000000 0.565816 0.000000 0.824531 0.701260 0.701260 0.701260
4062.437988 0.000000 2881.881348 0.000000 0.978739 0.000000 0.205108 0.778958 0.778958 0.778958
4036.926514 0.000000 2904.472412 0.000000 0.247832 0.000000 -0.968803 0.934490 0.934490 0.934490
4051.663818 0.000000 2909.209229 0.000000 0.988596 0.000000 0.150594 0.784602 0.784602 0.784602
4033.031982 0.000000 2883.108887 0.000000 0.723734 0.000000 0.690080 0.722424 0.722424 0.722424
4047.960449 0.000000 2904.454346 0.000000 0.303159 0.000000 -0.952940 0.928627 0.928627 0.928627
4058.100586 0.000000 2883.039795 0.000000 0.644327 0.000000 -0.764750 0.888684 0.888684 0.888684
4063.549072 0.000000 2889.534668 0.000000 0.166552 0.000000 0.986033 0.657044 0.657044 0.657044
4051.366943 0.000000 2911.605713 0.000000 0.811056 0.000000 -0.584968 0.863646 0.863646 0.863646
4032.367188 0.000000 2904.265625 0.000000 0.976108 0.000000 0.217284 0.777690 0.777690 0.777690
4056.595459 0.000000 2884.989258 0.000000 0.740119 0.000000 0.672475 0.724874 0.724874 0.724874
4045.930664 0.000000 2904.563232 0.000000 0.883753 0.000000 0.467954 0.750397 0.750397 0.750397
4042.901123 0.000000 2888.286621 0.000000 0.537764 0.000000 0.843096 0.697834 0.697834 0.697834
4044.828369 0.000000 2905.108887 0.000000 0.646047 0.000000 -0.763297 0.888455 0.888455 0.888455
4034.041748 0.000000 2905.681152 0.000000 0.685560 0.000000 -0.728016 0.883058 0.883058 0.883058
4063.505859 0.000000 2881.610840 0.000000 0.368436 0.000000 0.929653 0.678434 0.678434 0.678434
4044.754395 0.000000 2902.848145 0.000000 0.806887 0.000000 0.590706 0.735632 0.735632 0.735632
4045.822266 0.000000 2903.295166 0.000000 0.830529 0.000000 0.556976 0.739828 0.739828 0.739828
4042.183838 0.000000 2881.029785 0.000000 0.102254 0.000000 -0.994758 0.949566 0.949566 0.949566
4033.098145 0.000000 2897.164062 0.000000 0.226393 0.000000 -0.974036 0.936738 0.936738 0.936738
4032.084961 0.000000 2885.102295 0.000000 0.931712 0.000000 0.363198 0.762139 0.762139 0.762139
4047.680176 0.000000 2903.268311 0.000000 0.772164 0.000000 0.635423 0.729864 0.729864 0.729864
4035.576416 0.000000 2905.463135 0.000000 0.282151 0.000000 -0.959370 0.930865 0.930865 0.930865
4059.144043 0.000000 2882.672119 0.000000 0.987043 0.000000 0.160456 0.783585 0.783585 0.783585
4049.661621 0.000000 2903.285400 0.000000 0.127874 0.000000 0.991790 0.653061 0.653061 0.653061
4062.547607 0.000000 2891.601807 0.000000 0.887323 0.000000 0.461148 0.751180 0.751180 0.751180
4062.347656 0.000000 2899.293701 0.000000 0.299207 0.000000 -0.954188 0.929049 0.929049 0.929049
4062.474609 0.000000 2888.027832 0.000000 0.938677 0.000000 0.344797 0.764143 0.764143 0.764143
4056.793701 0.000000 2907.841553 0.000000 0.995927 0.000000 -0.090161 0.809196 0.809196 0.809196
4048.712402 0.000000 2902.529297 0.000000 0.879029 0.000000 -0.476768 0.850621 0.850621 0.850621
4042.676025 0.000000 2889.245117 0.000000 0.895867 0.000000 0.444323 0.753102 0.753102 0.753102
4033.122070 0.000000 2894.635498 0.000000 0.870706 0.000000 0.491804 0.747628 0.747628 0.747628
4058.361572 0.000000 2884.212402 0.000000 0.834390 0.000000 0.551175 0.740538 0.740538 0.740538
4042.822021 0.000000 2880.295166 0.000000 0.292739 0.000000 -0.956192 0.929739 0.929739 0.929739
4057.728760 0.000000 2884.974121 0.000000 0.756627 0.000000 -0.653847 0.872591 0.872591 0.872591
4063.083984 0.000000 2900.665283 0.000000 0.862951 0.000000 0.505287 0.746044 0.746044 0.746044
4034.255859 0.000000 2883.065674 0.000000 0.503663 0.000000 0.863900 0.693765 0.693765 0.693765
4036.018799 0.000000 2904.482910 0.000000 0.540196 0.000000 -0.841539 0.901872 0.901872 0.901872
4043.088379 0.000000 2893.313721 0.000000 0.015874 0.000000 0.999874 0.641617 0.641617 0.641617
4062.801270 0.000000 2889.041016 0.000000 0.130399 0.000000 0.991462 0.653320 0.653320 0.653320
4074.484375 0.000000 2909.530273 0.000000 0.297130 0.000000 0.954837 0.670729 0.670729 0.670729
4075.488281 0.000000 2895.720703 0.000000 0.815938 0.000000 0.578139 0.737209 0.737209 0.737209
4078.183594 0.000000 2883.834961 0.000000 0.903699 0.000000 -0.428169 0.845069 0.845069 0.845069
4064.987305 0.000000 2901.511475 0.000000 0.970384 0.000000 0.241569 0.775148 0.775148 0.775148
4082.605225 0.000000 2902.964844 0.000000 0.999992 0.000000 0.004089 0.799583 0.799583 0.799583
4081.862549 0.000000 2880.124512 0.000000 0.550016 0.000000 -0.835154 0.800000 0.800000 0.800000
4070.732666 0.000000 2897.989014 0.000000 0.998049 0.000000 0.062428 0.800000 0.800000 0.800000
4064.582275 0.000000 2880.014404 0.000000 0.951908 0.000000 -0.306383 0.831718 0.831718 0.831718
4079.626953 0.000000 2894.601074 0.000000 0.781304 0.000000 -0.624150 0.868658 0.868658 0.868658
4084.712891 0.000000 2888.359619 0.000000 0.988303 0.000000 0.152505 0.800000 0.800000 0.800000
4084.550293 0.000000 2892.627441 0.000000 0.984612 0.000000 0.174752 0.800000 0.800000 0.800000
4087.549561 0.000000 2895.383057 0.000000 0.850062 0.000000 -0.526682 0.800000 0.800000 0.800000
4081.279785 0.000000 2886.307373 0.000000 0.787033 0.000000 0.616911 0.800000 0.800000 0.800000
4064.374512 0.000000 2891.903809 0.000000 0.982876 0.000000 0.184267 0.781123 0.781123 0.781123
4078.090576 0.000000 2897.265625 0.000000 0.304203 0.000000 0.952607 0.800000 0.800000 0.800000
4081.032715 0.000000 2882.937988 0.000000 0.440025 0.000000 -0.897985 0.800000 0.800000 0.800000
4079.014160 0.000000 2880.879883 0.000000 0.990993 0.000000 0.133911 0.786319 0.786319 0.786319
4077.002686 0.000000 2893.574463 0.000000 0.597408 0.000000 -0.801937 0.800000 0.800000 0.800000
4084.021729 0.000000 2899.723633 0.000000 0.807586 0.000000 0.589750 0.800000 0.800000 0.800000
4071.940430 0.000000 2909.032715 0.000000 0.946100 0.000000 0.323875 0.800000 0.800000 0.800000
4080.394531 0.000000 2901.639893 0.000000 0.790106 0.000000 -0.612970 0.867208 0.867208 0.867208
4072.098877 0.000000 2900.056641 0.000000 0.583395 0.000000 0.812189 0.703448 0.703448 0.703448
4083.775635 0.000000 2886.120361 0.000000 0.086068 0.000000 -0.996289 0.951222 0.951222 0.951222
4065.856201 0.000000 2890.018311 0.000000 0.964786 0.000000 -0.263036 0.827112 0.827112 0.827112
4085.661865 0.000000 2890.533447 0.000000 0.990141 0.000000 0.140074 0.785685 0.785685 0.785685
4086.856934 0.000000 2893.007080 0.000000 0.159664 0.000000 0.987171 0.656333 0.656333 0.656333
4082.343750 0.000000 2888.453613 0.000000 0.945258 0.000000 -0.326324 0.833859 0.833859 0.833859
4083.419434 0.000000 2890.523438 0.000000 0.834206 0.000000 -0.551453 0.800000 0.800000 0.800000
4068.449463 0.000000 2896.799072 0.000000 0.588466 0.000000 -0.808522 0.800000 0.800000 0.800000
4084.409180 0.000000 2901.745361 0.000000 0.591334 0.000000 -0.806427 0.895552 0.895552 0.895552
4065.485352 0.000000 2899.493896 0.000000 0.148669 0.000000 -0.988887 0.800000 0.800000 0.800000
4077.063965 0.000000 2882.168945 0.000000 0.939348 0.000000 0.342965 0.800000 0.800000 0.800000
4075.431396 0.000000 2907.744873 0.000000 0.839967 0.000000 0.542638 0.800000 0.800000 0.800000
4077.092285 0.000000 2880.144287 0.000000 0.998582 0.000000 0.053230 0.800000 0.800000 0.800000
4072.741455 0.000000 2898.063965 0.000000 0.997392 0.000000 0.072171 0.800000 0.800000 0.800000
4082.597900 0.000000 2900.992676 0.000000 0.746024 0.000000 -0.665919 0.874227 0.874227 0.874227
4077.843994 0.000000 2895.225098 0.000000 0.518345 0.000000 -0.855172 0.904495 0.904495 0.904495
4080.729980 0.000000 2903.479980 0.000000 0.609023 0.000000 0.793153 0.706700 0.706700 0.706700
4080.194092 0.000000 2884.557861 0.000000 0.215911 0.000000 -0.976413 0.937833 0.937833 0.937833
4071.091309 0.000000 2911.415527 0.000000 0.051347 0.000000 0.998681 0.800000 0.800000 0.800000
4082.942871 0.000000 2898.206787 0.000000 0.182977 0.000000 -0.983117 0.800000 0.800000 0.800000
4064.013672 0.000000 2903.041748 0.000000 0.948873 0.000000 -0.315658 0.800000 0.800000 0.800000
4070.976562 0.000000 2901.799316 0.000000 0.437725 0.000000 0.899109 0.800000 0.800000 0.800000
4088.532715 0.000000 2893.734131 0.000000 0.272609 0.000000 0.962125 0.800000 0.800000 0.800000
4064.088867 0.000000 2890.001709 0.000000 0.299158 0.000000 -0.954203 0.929054 0.929054 0.929054
4069.084229 0.000000 2898.439941 0.000000 0.277463 0.000000 0.960736 0.800000 0.800000 0.800000
4079.282471 0.000000 2882.583008 0.000000 0.938910 0.000000 -0.344164 0.835788 0.835788 0.835788
4080.692871 0.000000 2881.314697 0.000000 0.265077 0.000000 0.964227 0.800000 0.800000 0.800000
4076.396240 0.000000 2897.099121 0.000000 0.422310 0.000000 0.906452 0.800000 0.800000 0.800000
4082.383789 0.000000 2885.118652 0.000000 0.954502 0.000000 0.298205 0.800000 0.800000 0.800000
4079.555908 0.000000 2896.201416 0.000000 0.788638 0.000000 0.614858 0.800000 0.800000 0.800000
4085.537109 0.000000 2899.403809 0.000000 0.999430 0.000000 -0.033759 0.800000 0.800000 0.800000
4070.683350 0.000000 2908.139160 0.000000 0.175004 0.000000 -0.984568 0.800000 0.800000 0.800000
4071.280029 0.000000 2896.535889 0.000000 0.180923 0.000000 0.983497 0.800000 0.800000 0.800000
4064.066895 0.000000 2900.123291 0.000000 0.923841 0.000000 0.382777 0.759990 0.759990 0.759990
4075.394531 0.000000 2894.168945 0.000000 0.453240 0.000000 0.891388 0.687914 0.687914 0.687914
4082.576660 0.000000 2886.986572 0.000000 0.367544 0.000000 0.930006 0.678336 0.678336 0.678336
4076.598633 0.000000 2883.608154 0.000000 0.366109 0.000000 0.930572 0.800000 0.800000 0.800000
4065.652100 0.000000 2898.049805 0.000000 0.964839 0.000000 0.262843 0.800000 0.800000 0.800000
4073.299805 0.000000 2908.437500 0.000000 0.044265 0.000000 0.999020 0.644510 0.644510 0.644510
4086.787598 0.000000 2891.523682 0.000000 0.771026 0.000000 -0.636804 0.800000 0.800000 0.800000
4077.304199 0.000000 2892.070801 0.000000 0.878735 0.000000 -0.477311 0.800000 0.800000 0.800000
4074.048584 0.000000 2895.299316 0.000000 0.179884 0.000000 -0.983688 0.941577 0.941577 0.941577
4081.093750 0.000000 2887.772949 0.000000 0.040847 0.000000 -0.999165 0.800000 0.800000 0.800000
4070.658447 0.000000 2899.520996 0.000000 0.101060 0.000000 -0.994880 0.949689 0.949689 0.949689
4088.669922 0.000000 2892.330322 0.000000 0.588972 0.000000 0.808154 0.800000 0.800000 0.800000
4068.275879 0.000000 2899.835449 0.000000 0.835871 0.000000 0.548926 0.800000 0.800000 0.800000
4075.887939 0.000000 2909.594971 0.000000 0.844767 0.000000 0.535134 0.742484 0.742484 0.742484
4073.160400 0.000000 2909.869141 0.000000 0.017818 0.000000 0.999841 0.641815 0.641815 0.641815
4080.229492 0.000000 2880.020264 0.000000 0.825408 0.000000 -0.564537 0.800000 0.800000 0.800000
4083.919922 0.000000 2903.450195 0.000000 0.056122 0.000000 0.998424 0.645720 0.645720 0.645720
4069.890869 0.000000 2896.854004 0.000000 0.999743 0.000000 0.022650 0.800000 0.800000 0.800000
4074.851074 0.000000 2906.534668 0.000000 0.856307 0.000000 -0.516468 0.800000 0.800000 0.800000
4081.029053 0.000000 2889.145508 0.000000 0.503614 0.000000 -0.863929 0.800000 0.800000 0.800000
4089.285889 0.000000 2894.891602 0.000000 0.011684 0.000000 0.999932 0.641190 0.641190 0.641190
4082.159912 0.000000 2889.871094 0.000000 0.868255 0.000000 0.496119 0.747123 0.747123 0.747123
4070.909180 0.000000 2909.996338 0.000000 0.985131 0.000000 -0.171805 0.800000 0.800000 0.800000
4084.555420 0.000000 2889.725342 0.000000 0.999247 0.000000 0.038798 0.800000 0.800000 0.800000
4086.524414 0.000000 2894.308350 0.000000 0.991148 0.000000 -0.132762 0.800000 0.800000 0.800000
4065.641113 0.000000 2891.508301 0.000000 0.252790 0.000000 -0.967521 0.933969 0.933969 0.933969
4065.005371 0.000000 2881.260254 0.000000 0.987254 0.000000 0.159151 0.783720 0.783720 0.783720
4085.898438 0.000000 2889.118652 0.000000 0.049473 0.000000 -0.998775 0.800000 0.800000 0.800000
4065.274902 0.000000 2903.327637 0.000000 0.599914 0.000000 -0.800064 0.800000 0.800000 0.800000
4084.528076 0.000000 2891.285400 0.000000 0.996237 0.000000 0.086667 0.791161 0.791161 0.791161
4081.613525 0.000000 2902.144043 0.000000 0.471732 0.000000 -0.881742 0.909961 0.909961 0.909961
4085.007568 0.000000 2900.577393 0.000000 0.946269 0.000000 -0.323381 0.833542 0.833542 0.833542
4076.568848 0.000000 2894.986572 0.000000 0.257615 0.000000 0.966248 0.666540 0.666540 0.666540
4065.788818 0.000000 2888.716064 0.000000 0.944187 0.000000 0.329411 0.765808 0.765808 0.765808
4081.218994 0.000000 2900.648926 0.000000 0.997086 0.000000 -0.076290 0.807778 0.807778 0.807778
4072.719727 0.000000 2901.188232 0.000000 0.619395 0.000000 -0.785080 0.891961 0.891961 0.891961
4081.719727 0.000000 2884.006348 0.000000 0.906909 0.000000 -0.421326 0.844299 0.844299 0.844299
4083.571289 0.000000 2887.770264 0.000000 0.752452 0.000000 0.658647 0.726761 0.726761 0.726761
4083.451416 0.000000 2889.102539 0.000000 0.775108 0.000000 -0.631829 0.869662 0.869662 0.869662
4071.733398 0.000000 2898.870361 0.000000 0.448373 0.000000 -0.893846 0.912641 0.912641 0.912641
4074.427002 0.000000 2908.391846 0.000000 0.258019 0.000000 -0.966140 0.933418 0.933418 0.933418
4081.199707 0.000000 2885.051758 0.000000 0.924936 0.000000 -0.380124 0.839718 0.839718 0.839718
4083.309082 0.000000 2902.062988 0.000000 0.271886 0.000000 0.962329 0.668047 0.668047 0.668047
4080.284180 0.000000 2885.708496 0.000000 0.880277 0.000000 -0.474459 0.850354 0.850354 0.850354
4064.136475 0.000000 2888.893555 0.000000 0.423550 0.000000 -0.905873 0.915451 0.915451 0.915451
4064.925537 0.000000 2890.695801 0.000000 0.073041 0.000000 -0.997329 0.952553 0.952553 0.952553
4083.876465 0.000000 2900.791992 0.000000 0.342156 0.000000 0.939643 0.675570 0.675570 0.675570
4087.608154 0.000000 2892.169434 0.000000 0.543064 0.000000 0.839691 0.698475 0.698475 0.698475
4064.953369 0.000000 2889.472656 0.000000 0.996424 0.000000 -0.084494 0.808617 0.808617 0.808617
4073.515381 0.000000 2901.987793 0.000000 0.164248 0.000000 -0.986419 0.943194 0.943194 0.943194
4070.033203 0.000000 2898.769287 0.000000 0.777513 0.000000 0.628867 0.730726 0.730726 0.730726
4064.108887 0.000000 2880.851318 0.000000 0.106035 0.000000 -0.994362 0.949179 0.949179 0.949179
4074.239502 0.000000 2894.367188 0.000000 0.589321 0.000000 0.807899 0.704194 0.704194 0.704194
4081.661621 0.000000 2903.285400 0.000000 0.925363 0.000000 -0.379083 0.839603 0.839603 0.839603
4080.712402 0.000000 2902.529297 0.000000 0.475231 0.000000 0.879861 0.690443 0.690443 0.690443
4064.049561 0.000000 2891.008057 0.000000 0.999658 0.000000 0.026159 0.797335 0.797335 0.797335
4087.884277 0.000000 2893.068115 0.000000 0.073796 0.000000 -0.997273 0.952476 0.952476 0.952476
4074.888672 0.000000 2894.984375 0.000000 0.040308 0.000000 0.999187 0.644107 0.644107 0.644107
4077.560059 0.000000 2894.341797 0.000000 0.006408 0.000000 -0.999979 0.959347 0.959347 0.959347
4040.025879 0.000000 2920.900635 0.000000 0.842775 0.000000 0.538266 0.742105 0.742105 0.742105
4039.399170 0.000000 2925.211670 0.000000 0.999648 0.000000 0.026524 0.800000 0.800000 0.800000
4052.712891 0.000000 2920.359619 0.000000 0.298442 0.000000 0.954428 0.800000 0.800000 0.800000
4036.222900 0.000000 2922.437012 0.000000 0.067403 0.000000 0.997726 0.800000 0.800000 0.800000
4049.279785 0.000000 2918.307373 0.000000 0.980701 0.000000 0.195515 0.779956 0.779956 0.779956
4037.031250 0.000000 2919.261963 0.000000 0.604936 0.000000 0.796274 0.800000 0.800000 0.800000
4055.672852 0.000000 2920.133545 0.000000 0.199689 0.000000 -0.979859 0.939522 0.939522 0.939522
4038.121094 0.000000 2927.535889 0.000000 0.105385 0.000000 0.994432 0.800000 0.800000 0.800000
4041.796875 0.000000 2922.737061 0.000000 0.168679 0.000000 -0.985671 0.942736 0.942736 0.942736
4047.752686 0.000000 2920.400391 0.000000 0.771891 0.000000 0.635755 0.800000 0.800000 0.800000
4051.775635 0.000000 2918.120361 0.000000 0.723015 0.000000 -0.690833 0.877682 0.877682 0.877682
4054.208740 0.000000 2918.301270 0.000000 0.211374 0.000000 0.977405 0.661694 0.661694 0.661694
4038.634766 0.000000 2922.760742 0.000000 0.154312 0.000000 0.988022 0.655781 0.655781 0.655781
4034.969482 0.000000 2920.090576 0.000000 0.622412 0.000000 0.782690 0.800000 0.800000 0.800000
4047.149414 0.000000 2918.040283 0.000000 0.912209 0.000000 0.409726 0.800000 0.800000 0.800000
4037.728271 0.000000 2921.091797 0.000000 0.245757 0.000000 -0.969332 0.934708 0.934708 0.934708
4048.194092 0.000000 2916.557861 0.000000 0.637637 0.000000 0.770337 0.800000 0.800000 0.800000
4041.841797 0.000000 2920.814941 0.000000 0.523064 0.000000 0.852294 0.696068 0.696068 0.696068
4040.255859 0.000000 2923.618652 0.000000 0.616546 0.000000 0.787319 0.707670 0.707670 0.707670
4040.953857 0.000000 2926.368164 0.000000 0.072211 0.000000 -0.997389 0.800000 0.800000 0.800000
4055.080811 0.000000 2921.710449 0.000000 0.989722 0.000000 0.143002 0.785384 0.785384 0.785384
4050.383789 0.000000 2917.118652 0.000000 0.961727 0.000000 -0.274010 0.800000 0.800000 0.800000
4055.837402 0.000000 2918.360107 0.000000 0.938956 0.000000 0.344037 0.764226 0.764226 0.764226
4038.004883 0.000000 2925.967285 0.000000 0.036460 0.000000 0.999335 0.800000 0.800000 0.800000
4047.504639 0.000000 2921.930908 0.000000 0.698075 0.000000 0.716024 0.800000 0.800000 0.800000
4039.472168 0.000000 2926.815430 0.000000 0.973156 0.000000 -0.230147 0.800000 0.800000 0.800000
4054.108887 0.000000 2919.797363 0.000000 0.652801 0.000000 0.757529 0.712450 0.712450 0.712450
4036.271240 0.000000 2920.805420 0.000000 0.968680 0.000000 0.248311 0.774440 0.774440 0.774440
4050.576660 0.000000 2918.986572 0.000000 0.565038 0.000000 0.825065 0.701164 0.701164 0.701164
4049.093750 0.000000 2919.772949 0.000000 0.877611 0.000000 -0.479374 0.850924 0.850924 0.850924
4052.943848 0.000000 2918.841797 0.000000 0.549231 0.000000 -0.835671 0.900775 0.900775 0.900775
4035.356689 0.000000 2918.773193 0.000000 0.570287 0.000000 -0.821446 0.800000 0.800000 0.800000
4040.767090 0.000000 2924.968506 0.000000 0.402705 0.000000 -0.915330 0.917782 0.917782 0.917782
4037.317139 0.000000 2923.345459 0.000000 0.568267 0.000000 0.822844 0.800000 0.800000 0.800000
4040.356201 0.000000 2922.226807 0.000000 0.850635 0.000000 -0.525757 0.856390 0.856390 0.856390
4038.478027 0.000000 2924.193604 0.000000 0.546559 0.000000 -0.837421 0.800000 0.800000 0.800000
4049.029053 0.000000 2921.145508 0.000000 0.556000 0.000000 -0.831182 0.800000 0.800000 0.800000
4052.555420 0.000000 2921.725342 0.000000 0.722304 0.000000 -0.691576 0.800000 0.800000 0.800000
4046.892334 0.000000 2919.335938 0.000000 0.042510 0.000000 -0.999096 0.800000 0.800000 0.800000
4035.125488 0.000000 2921.553711 0.000000 0.156658 0.000000 -0.987653 0.800000 0.800000 0.800000
4053.898438 0.000000 2921.118652 0.000000 0.980408 0.000000 0.196980 0.800000 0.800000 0.800000
4048.130615 0.000000 2918.873779 0.000000 0.996613 0.000000 0.082235 0.791614 0.791614 0.791614
4051.571289 0.000000 2919.770264 0.000000 0.670868 0.000000 -0.741577 0.885095 0.885095 0.885095
4038.927979 0.000000 2921.527344 0.000000 0.956083 0.000000 -0.293096 0.830299 0.830299 0.830299
4055.003662 0.000000 2919.110840 0.000000 0.614578 0.000000 0.788856 0.707416 0.707416 0.707416
4038.682861 0.000000 2920.563477 0.000000 0.567477 0.000000 0.823389 0.701466 0.701466 0.701466
4039.230225 0.000000 2923.547607 0.000000 0.371740 0.000000 0.928337 0.678796 0.678796 0.678796
4050.760498 0.000000 2918.071045 0.000000 0.239390 0.000000 0.970924 0.664623 0.664623 0.664623
4039.505371 0.000000 2922.556641 0.000000 0.710975 0.000000 0.703217 0.720559 0.720559 0.720559
4040.930664 0.000000 2922.996826 0.000000 0.998634 0.000000 -0.052244 0.805324 0.805324 0.805324
4049.987061 0.000000 2919.645508 0.000000 0.859310 0.000000 -0.511456 0.854686 0.854686 0.854686
3887.626953 0.000000 2958.601074 0.000000 0.929596 0.000000 -0.368580 0.800000 0.800000 0.800000
3892.550293 0.000000 2956.627441 0.000000 0.099225 0.000000 0.995065 0.650124 0.650124 0.650124
3902.169434 0.000000 2947.512451 0.000000 0.130219 0.000000 0.991485 0.800000 0.800000 0.800000
3895.549561 0.000000 2959.383057 0.000000 0.395817 0.000000 -0.918329 0.918548 0.918548 0.918548
3886.090576 0.000000 2961.265625 0.000000 0.355037 0.000000 -0.934852 0.800000 0.800000 0.800000
3902.978760 0.000000 2944.691162 0.000000 0.999974 0.000000 0.007158 0.800000 0.800000 0.800000
3885.002686 0.000000 2957.574463 0.000000 0.682027 0.000000 0.731327 0.800000 0.800000 0.800000
3893.661865 0.000000 2954.533447 0.000000 0.033559 0.000000 -0.999437 0.956581 0.956581 0.956581
3894.856934 0.000000 2957.007080 0.000000 0.596183 0.000000 0.802848 0.705061 0.705061 0.705061
3893.256836 0.000000 2958.834229 0.000000 0.378262 0.000000 0.925699 0.679513 0.679513 0.679513
3891.419434 0.000000 2954.523438 0.000000 0.356206 0.000000 -0.934407 0.800000 0.800000 0.800000
3890.670654 0.000000 2956.294678 0.000000 0.341227 0.000000 0.939981 0.800000 0.800000 0.800000
3885.843994 0.000000 2959.225098 0.000000 0.986896 0.000000 0.161355 0.783492 0.783492 0.783492
3884.396240 0.000000 2961.099121 0.000000 0.725531 0.000000 0.688189 0.800000 0.800000 0.800000
3887.555908 0.000000 2960.201416 0.000000 0.744306 0.000000 0.667838 0.800000 0.800000 0.800000
3903.477295 0.000000 2946.709717 0.000000 0.601560 0.000000 -0.798828 0.800000 0.800000 0.800000
3894.787598 0.000000 2955.523682 0.000000 0.521656 0.000000 0.853156 0.695899 0.695899 0.695899
3885.304199 0.000000 2956.070801 0.000000 0.255448 0.000000 0.966823 0.800000 0.800000 0.800000
3891.383057 0.000000 2957.428955 0.000000 0.587224 0.000000 0.809425 0.800000 0.800000 0.800000
3894.524414 0.000000 2958.308350 0.000000 0.954426 0.000000 0.298449 0.769130 0.769130 0.769130
3892.528076 0.000000 2955.285400 0.000000 0.594755 0.000000 0.803907 0.704880 0.704880 0.704880
3884.568848 0.000000 2958.986572 0.000000 0.849249 0.000000 -0.527993 0.856658 0.856658 0.856658
3893.635010 0.000000 2957.374756 0.000000 0.540222 0.000000 -0.841523 0.901869 0.901869 0.901869
3893.627441 0.000000 2956.024170 0.000000 0.074955 0.000000 -0.997187 0.952358 0.952358 0.952358
3892.487793 0.000000 2957.906006 0.000000 0.786022 0.000000 0.618198 0.732116 0.732116 0.732116
3895.698242 0.000000 2958.337891 0.000000 0.993190 0.000000 0.116504 0.788106 0.788106 0.788106
3895.608154 0.000000 2956.169434 0.000000 0.879291 0.000000 -0.476284 0.850565 0.850565 0.850565
3894.164795 0.000000 2959.245117 0.000000 0.989991 0.000000 0.141128 0.785577 0.785577 0.785577
3895.234863 0.000000 2954.696045 0.000000 0.321192 0.000000 -0.947014 0.926693 0.926693 0.926693
3895.884277 0.000000 2957.068115 0.000000 0.999917 0.000000 -0.012894 0.801313 0.801313 0.801313
3892.431885 0.000000 2959.201660 0.000000 0.135380 0.000000 0.990794 0.653832 0.653832 0.653832
3904.582275 0.000000 2944.014404 0.000000 0.599868 0.000000 -0.800099 0.800000 0.800000 0.800000
3904.254150 0.000000 2948.108398 0.000000 0.389051 0.000000 0.921216 0.800000 0.800000 0.800000
3906.424805 0.000000 2949.752441 0.000000 0.280251 0.000000 -0.959927 0.931066 0.931066 0.931066
3905.910156 0.000000 2946.213623 0.000000 0.808918 0.000000 0.587922 0.735983 0.735983 0.735983
3904.099609 0.000000 2946.283447 0.000000 0.561352 0.000000 0.827577 0.700710 0.700710 0.700710
3905.994385 0.000000 2948.045898 0.000000 0.013156 0.000000 -0.999913 0.800000 0.800000 0.800000
3907.146240 0.000000 2947.160889 0.000000 0.883513 0.000000 0.468407 0.750345 0.750345 0.750345
3905.121582 0.000000 2949.165771 0.000000 0.986448 0.000000 0.164077 0.800000 0.800000 0.800000
3907.266113 0.000000 2948.687256 0.000000 0.583953 0.000000 -0.811787 0.896482 0.896482 0.896482
3905.005371 0.000000 2945.260254 0.000000 0.755237 0.000000 0.655451 0.800000 0.800000 0.800000
3905.031982 0.000000 2947.108887 0.000000 0.542061 0.000000 0.840339 0.698354 0.698354 0.698354
3947.488281 0.000000 2959.720703 0.000000 0.106462 0.000000 -0.994317 0.949135 0.949135 0.949135
3950.183594 0.000000 2947.834961 0.000000 0.023671 0.000000 -0.999720 0.800000 0.800000 0.800000
3961.993164 0.000000 2962.484131 0.000000 0.984224 0.000000 0.176924 0.781883 0.781883 0.781883
3944.025879 0.000000 2952.900635 0.000000 0.926663 0.000000 -0.375893 0.800000 0.800000 0.800000
3955.565186 0.000000 2960.439941 0.000000 0.892762 0.000000 -0.450528 0.847605 0.847605 0.847605
3953.862549 0.000000 2944.124512 0.000000 0.828012 0.000000 0.560710 0.800000 0.800000 0.800000
3948.226807 0.000000 2955.086914 0.000000 0.655593 0.000000 -0.755114 0.887174 0.887174 0.887174
3958.365723 0.000000 2964.740479 0.000000 0.258336 0.000000 0.966055 0.666616 0.666616 0.666616
3956.712891 0.000000 2952.359619 0.000000 0.423868 0.000000 0.905724 0.684585 0.684585 0.684585
3958.344727 0.000000 2944.282715 0.000000 0.880761 0.000000 0.473561 0.749750 0.749750 0.749750
3961.660400 0.000000 2967.058350 0.000000 0.173573 0.000000 -0.984821 0.942230 0.942230 0.942230
3959.549561 0.000000 2959.383057 0.000000 0.274167 0.000000 0.961682 0.668289 0.668289 0.668289
3949.525879 0.000000 2951.489746 0.000000 0.990203 0.000000 -0.139637 0.800000 0.800000 0.800000
3953.490723 0.000000 2963.378906 0.000000 0.634031 0.000000 -0.773307 0.890048 0.890048 0.890048
3951.014160 0.000000 2944.879883 0.000000 0.460628 0.000000 0.887593 0.688760 0.688760 0.688760
3958.093262 0.000000 2961.928223 0.000000 0.943340 0.000000 0.331827 0.765547 0.765547 0.765547
3946.196045 0.000000 2957.211670 0.000000 0.975575 0.000000 -0.219668 0.822559 0.822559 0.822559
3949.002686 0.000000 2957.574463 0.000000 0.552230 0.000000 0.833692 0.800000 0.800000 0.800000
3956.021729 0.000000 2963.723633 0.000000 0.149550 0.000000 -0.988754 0.944710 0.944710 0.944710
3950.793945 0.000000 2955.786133 0.000000 0.948890 0.000000 0.315608 0.767293 0.767293 0.767293
3952.394531 0.000000 2965.639893 0.000000 0.731362 0.000000 0.681990 0.723557 0.723557 0.723557
3953.028564 0.000000 2960.782715 0.000000 0.388969 0.000000 -0.921251 0.800000 0.800000 0.800000
3945.796875 0.000000 2954.737061 0.000000 0.992190 0.000000 -0.124733 0.800000 0.800000 0.800000
3951.752686 0.000000 2952.400391 0.000000 0.926908 0.000000 -0.375289 0.839186 0.839186 0.839186
3960.868164 0.000000 2964.541504 0.000000 0.948311 0.000000 0.317343 0.767107 0.767107 0.767107
3957.256836 0.000000 2958.834229 0.000000 0.321432 0.000000 0.946933 0.800000 0.800000 0.800000
3961.199219 0.000000 2944.287109 0.000000 0.900866 0.000000 0.434097 0.800000 0.800000 0.800000
3959.361816 0.000000 2966.729492 0.000000 0.008505 0.000000 -0.999964 0.800000 0.800000 0.800000
3947.893311 0.000000 2952.931152 0.000000 0.892180 0.000000 -0.451681 0.800000 0.800000 0.800000
3951.149414 0.000000 2950.040283 0.000000 0.648791 0.000000 0.760967 0.711912 0.711912 0.711912
3949.948730 0.000000 2953.685547 0.000000 0.144845 0.000000 0.989454 0.654806 0.654806 0.654806
3956.409180 0.000000 2965.745361 0.000000 0.116745 0.000000 0.993162 0.800000 0.800000 0.800000
3960.093506 0.000000 2961.496338 0.000000 0.697019 0.000000 0.717053 0.800000 0.800000 0.800000
3949.063965 0.000000 2946.168945 0.000000 0.982642 0.000000 0.185510 0.800000 0.800000 0.800000
3949.092285 0.000000 2944.144287 0.000000 0.824159 0.000000 -0.566359 0.861327 0.861327 0.861327
3954.597900 0.000000 2964.992676 0.000000 0.240059 0.000000 -0.970758 0.935307 0.935307 0.935307
3959.404053 0.000000 2963.236084 0.000000 0.819941 0.000000 -0.572448 0.862082 0.862082 0.862082
3954.942871 0.000000 2962.206787 0.000000 0.968530 0.000000 -0.248897 0.825622 0.825622 0.825622
3945.841797 0.000000 2952.814941 0.000000 0.945444 0.000000 0.325783 0.800000 0.800000 0.800000
3944.255859 0.000000 2955.618652 0.000000 0.839542 0.000000 -0.543295 0.800000 0.800000 0.800000
3959.774902 0.000000 2945.188232 0.000000 0.412599 0.000000 -0.910913 0.916679 0.916679 0.916679
3944.953857 0.000000 2958.368164 0.000000 0.954518 0.000000 -0.298154 0.800000 0.800000 0.800000
3951.282471 0.000000 2946.583008 0.000000 0.677355 0.000000 0.735656 0.800000 0.800000 0.800000
3952.692871 0.000000 2945.314697 0.000000 0.880678 0.000000 0.473716 0.800000 0.800000 0.800000
3958.055908 0.000000 2960.229248 0.000000 0.118534 0.000000 -0.992950 0.947898 0.947898 0.947898
3956.500488 0.000000 2961.786865 0.000000 0.952384 0.000000 0.304902 0.800000 0.800000 0.800000
3957.537109 0.000000 2963.403809 0.000000 0.606928 0.000000 0.794757 0.706432 0.706432 0.706432
3948.095947 0.000000 2950.644043 0.000000 0.480779 0.000000 -0.876842 0.800000 0.800000 0.800000
3947.788818 0.000000 2956.624512 0.000000 0.893413 0.000000 0.449236 0.752543 0.752543 0.752543
3951.504639 0.000000 2953.930908 0.000000 0.974682 0.000000 -0.223595 0.822969 0.822969 0.822969
3947.394531 0.000000 2958.168945 0.000000 0.084267 0.000000 0.996443 0.648594 0.648594 0.648594
3960.767090 0.000000 2960.208496 0.000000 0.917396 0.000000 0.397976 0.800000 0.800000 0.800000
3948.598633 0.000000 2947.608154 0.000000 0.807230 0.000000 -0.590237 0.800000 0.800000 0.800000
3949.304199 0.000000 2956.070801 0.000000 0.382499 0.000000 0.923956 0.800000 0.800000 0.800000
3946.048584 0.000000 2959.299316 0.000000 0.990372 0.000000 0.138430 0.785854 0.785854 0.785854
3960.614990 0.000000 2966.049561 0.000000 0.436811 0.000000 -0.899553 0.913955 0.913955 0.913955
3947.054443 0.000000 2954.131104 0.000000 0.479721 0.000000 -0.877421 0.909036 0.909036 0.909036
3952.758057 0.000000 2962.150146 0.000000 0.236439 0.000000 -0.971646 0.935686 0.935686 0.935686
3956.943848 0.000000 2950.841797 0.000000 0.502244 0.000000 0.864726 0.693597 0.693597 0.693597
3944.767090 0.000000 2956.968506 0.000000 0.710213 0.000000 -0.703987 0.800000 0.800000 0.800000
3946.887939 0.000000 2955.594727 0.000000 0.663220 0.000000 0.748425 0.713859 0.713859 0.713859
3952.229492 0.000000 2944.020264 0.000000 0.250616 0.000000 0.968086 0.800000 0.800000 0.800000
3944.356201 0.000000 2954.226807 0.000000 0.903864 0.000000 0.427819 0.800000 0.800000 0.800000
3960.734375 0.000000 2963.037598 0.000000 0.386969 0.000000 -0.922093 0.919527 0.919527 0.919527
3956.555420 0.000000 2953.725342 0.000000 0.922137 0.000000 0.386864 0.759539 0.759539 0.759539
3958.524414 0.000000 2958.308350 0.000000 0.829481 0.000000 -0.558535 0.860364 0.860364 0.860364
3950.892334 0.000000 2951.335938 0.000000 0.993020 0.000000 0.117944 0.787958 0.787958 0.787958
3959.594727 0.000000 2965.220947 0.000000 0.452920 0.000000 -0.891551 0.912122 0.912122 0.912122
3957.898438 0.000000 2953.118652 0.000000 0.956642 0.000000 0.291265 0.769896 0.769896 0.769896
3961.734863 0.000000 2961.158447 0.000000 0.972385 0.000000 0.233381 0.800000 0.800000 0.800000
3954.315674 0.000000 2960.920898 0.000000 0.935300 0.000000 -0.353855 0.836842 0.836842 0.836842
3953.218994 0.000000 2964.648926 0.000000 0.770596 0.000000 -0.637323 0.870387 0.870387 0.870387
3950.370361 0.000000 2952.517090 0.000000 0.612540 0.000000 -0.790440 0.892847 0.892847 0.892847
3949.082031 0.000000 2952.638916 0.000000 0.177629 0.000000 -0.984097 0.941810 0.941810 0.941810
3948.748535 0.000000 2953.835205 0.000000 0.866158 0.000000 0.499771 0.746694 0.746694 0.746694
3949.811523 0.000000 2945.138428 0.000000 0.977420 0.000000 0.211306 0.778313 0.778313 0.778313
3954.684570 0.000000 2963.610107 0.000000 0.837958 0.000000 -0.545736 0.858800 0.858800 0.858800
3949.728760 0.000000 2954.915771 0.000000 0.044114 0.000000 0.999027 0.644495 0.644495 0.644495
3960.475830 0.000000 2967.444580 0.000000 0.294927 0.000000 -0.955520 0.929505 0.929505 0.929505
3959.010986 0.000000 2960.991699 0.000000 0.511000 0.000000 0.859581 0.694632 0.694632 0.694632
3959.989502 0.000000 2944.038818 0.000000 0.789079 0.000000 0.614292 0.732621 0.732621 0.732621
3948.563232 0.000000 2945.168213 0.000000 0.777628 0.000000 0.628725 0.730745 0.730745 0.730745
3953.836182 0.000000 2962.339355 0.000000 0.648189 0.000000 0.761480 0.711831 0.711831 0.711831
3958.704346 0.000000 2945.313477 0.000000 0.496552 0.000000 0.868007 0.692928 0.692928 0.692928
3959.210693 0.000000 2962.113770 0.000000 0.626134 0.000000 0.779715 0.708916 0.708916 0.708916
3952.413086 0.000000 2963.275391 0.000000 0.304892 0.000000 -0.952387 0.928441 0.928441 0.928441
3961.025391 0.000000 2962.026611 0.000000 0.898878 0.000000 0.438200 0.753797 0.753797 0.753797
3955.876221 0.000000 2962.651855 0.000000 0.968939 0.000000 0.247301 0.774546 0.774546 0.774546
3950.232422 0.000000 2944.195557 0.000000 0.955154 0.000000 0.296110 0.769379 0.769379 0.769379
3951.722656 0.000000 2945.659912 0.000000 0.987660 0.000000 -0.156614 0.816019 0.816019 0.816019
3948.002930 0.000000 2944.298096 0.000000 0.596653 0.000000 0.802499 0.705121 0.705121 0.705121
3958.385010 0.000000 2962.936035 0.000000 0.515084 0.000000 -0.857139 0.904883 0.904883 0.904883
3957.224609 0.000000 2962.441650 0.000000 0.400835 0.000000 -0.916150 0.917991 0.917991 0.917991
3959.869385 0.000000 2960.563232 0.000000 0.194315 0.000000 -0.980939 0.940081 0.940081 0.940081
3955.594727 0.000000 2961.468750 0.000000 0.999679 0.000000 -0.025342 0.802582 0.802582 0.802582
3946.239502 0.000000 2958.367188 0.000000 0.533351 0.000000 0.845894 0.697302 0.697302 0.697302
3961.397705 0.000000 2963.717041 0.000000 0.666185 0.000000 0.745786 0.714264 0.714264 0.714264
3958.632324 0.000000 2963.846924 0.000000 0.750799 0.000000 0.660530 0.726506 0.726506 0.726506
3946.888672 0.000000 2958.984375 0.000000 0.117752 0.000000 0.993043 0.652022 0.652022 0.652022
3947.088379 0.000000 2957.313721 0.000000 0.999658 0.000000 -0.026146 0.802664 0.802664 0.802664
3953.988281 0.000000 2964.172607 0.000000 0.835314 0.000000 -0.549773 0.859291 0.859291 0.859291
3960.075684 0.000000 2962.399414 0.000000 0.884265 0.000000 -0.466986 0.849491 0.849491 0.849491
3951.193848 0.000000 2944.022949 0.000000 0.975208 0.000000 -0.221292 0.822729 0.822729 0.822729
3992.140869 0.000000 2954.975586 0.000000 0.542094 0.000000 -0.840318 0.800000 0.800000 0.800000
3995.529053 0.000000 2944.375977 0.000000 0.638515 0.000000 -0.769610 0.889456 0.889456 0.889456
3993.993164 0.000000 2962.484131 0.000000 0.608134 0.000000 -0.793834 0.800000 0.800000 0.800000
3984.959717 0.000000 2954.489014 0.000000 0.964988 0.000000 -0.262293 0.827033 0.827033 0.827033
3980.226807 0.000000 2955.086914 0.000000 0.846258 0.000000 -0.532773 0.800000 0.800000 0.800000
3974.732666 0.000000 2961.989014 0.000000 0.524791 0.000000 0.851231 0.800000 0.800000 0.800000
3993.374268 0.000000 2949.824219 0.000000 0.200411 0.000000 -0.979712 0.800000 0.800000 0.800000
3998.047119 0.000000 2965.620605 0.000000 0.330284 0.000000 0.943882 0.674286 0.674286 0.674286
3995.725342 0.000000 2954.650391 0.000000 0.200861 0.000000 0.979620 0.800000 0.800000 0.800000
3971.427246 0.000000 2962.665771 0.000000 0.653713 0.000000 0.756742 0.712573 0.712573 0.712573
3994.269043 0.000000 2957.509033 0.000000 0.993510 0.000000 0.113745 0.788389 0.788389 0.788389
3995.257080 0.000000 2947.640137 0.000000 0.956404 0.000000 -0.292046 0.830187 0.830187 0.830187
3995.325195 0.000000 2964.877686 0.000000 0.024105 0.000000 -0.999709 0.957545 0.957545 0.957545
3981.002686 0.000000 2957.574463 0.000000 0.942778 0.000000 0.333422 0.765375 0.765375 0.765375
3997.387451 0.000000 2963.185791 0.000000 0.997243 0.000000 -0.074210 0.807566 0.807566 0.807566
3982.793945 0.000000 2955.786133 0.000000 0.911246 0.000000 -0.411864 0.843239 0.843239 0.843239
3996.129639 0.000000 2967.536133 0.000000 0.446904 0.000000 0.894582 0.800000 0.800000 0.800000
3994.233643 0.000000 2959.915039 0.000000 0.435817 0.000000 -0.900035 0.914067 0.914067 0.914067
3992.868164 0.000000 2964.541504 0.000000 0.714312 0.000000 0.699828 0.800000 0.800000 0.800000
3970.279297 0.000000 2960.670898 0.000000 0.683634 0.000000 0.729825 0.800000 0.800000 0.800000
3972.449463 0.000000 2960.799072 0.000000 0.876631 0.000000 -0.481164 0.851131 0.851131 0.851131
3999.541992 0.000000 2963.808350 0.000000 0.156011 0.000000 0.987755 0.800000 0.800000 0.800000
3969.485352 0.000000 2963.493896 0.000000 0.734106 0.000000 0.679035 0.800000 0.800000 0.800000
3995.876221 0.000000 2958.799561 0.000000 0.469291 0.000000 -0.883044 0.910243 0.910243 0.910243
3994.506592 0.000000 2945.893066 0.000000 0.817627 0.000000 -0.575749 0.862493 0.862493 0.862493
3993.928711 0.000000 2955.692139 0.000000 0.507644 0.000000 -0.861567 0.800000 0.800000 0.800000
3992.532715 0.000000 2957.734131 0.000000 0.311457 0.000000 -0.950260 0.800000 0.800000 0.800000
3995.681152 0.000000 2963.062500 0.000000 0.959798 0.000000 -0.280692 0.828981 0.828981 0.828981
3973.084229 0.000000 2962.439941 0.000000 0.954349 0.000000 0.298694 0.769104 0.769104 0.769104
3993.432373 0.000000 2948.026611 0.000000 0.747024 0.000000 0.664797 0.800000 0.800000 0.800000
3993.379150 0.000000 2951.465820 0.000000 0.986138 0.000000 0.165927 0.800000 0.800000 0.800000
3996.509521 0.000000 2965.961182 0.000000 0.678762 0.000000 0.734358 0.715995 0.715995 0.715995
3975.280029 0.000000 2960.535889 0.000000 0.844888 0.000000 -0.534943 0.800000 0.800000 0.800000
3994.720703 0.000000 2949.085205 0.000000 0.999914 0.000000 -0.013145 0.801339 0.801339 0.801339
3982.538818 0.000000 2957.278564 0.000000 0.999021 0.000000 -0.044241 0.804508 0.804508 0.804508
3994.654541 0.000000 2950.568604 0.000000 0.557442 0.000000 -0.830216 0.899770 0.899770 0.899770
3969.652100 0.000000 2962.049805 0.000000 0.995839 0.000000 0.091131 0.800000 0.800000 0.800000
3981.304199 0.000000 2956.070801 0.000000 0.241794 0.000000 -0.970328 0.935125 0.935125 0.935125
3996.750977 0.000000 2964.538330 0.000000 0.704327 0.000000 -0.709875 0.880400 0.880400 0.880400
3999.543701 0.000000 2965.486084 0.000000 0.475884 0.000000 -0.879508 0.909481 0.909481 0.909481
3974.658447 0.000000 2963.520996 0.000000 0.264793 0.000000 -0.964305 0.932703 0.932703 0.932703
3992.669922 0.000000 2956.330322 0.000000 0.801892 0.000000 -0.597469 0.800000 0.800000 0.800000
3972.275879 0.000000 2963.835449 0.000000 0.902354 0.000000 0.430995 0.754612 0.754612 0.754612
3994.395996 0.000000 2963.837158 0.000000 0.691225 0.000000 0.722639 0.717737 0.717737 0.717737
3998.243896 0.000000 2964.268799 0.000000 0.999149 0.000000 -0.041253 0.804203 0.804203 0.804203
3994.018066 0.000000 2965.348633 0.000000 0.996950 0.000000 0.078041 0.792043 0.792043 0.792043
3973.890869 0.000000 2960.854004 0.000000 0.990758 0.000000 -0.135641 0.813859 0.813859 0.813859
3993.285889 0.000000 2958.891602 0.000000 0.801539 0.000000 0.597942 0.800000 0.800000 0.800000
3992.734375 0.000000 2963.037598 0.000000 0.997309 0.000000 0.073318 0.800000 0.800000 0.800000
3998.982178 0.000000 2962.557861 0.000000 0.512259 0.000000 0.858831 0.800000 0.800000 0.800000
3995.851074 0.000000 2945.918701 0.000000 0.980745 0.000000 -0.195291 0.820021 0.820021 0.820021
3970.788086 0.000000 2963.918701 0.000000 0.474546 0.000000 0.880231 0.690364 0.690364 0.690364
3996.605469 0.000000 2962.131836 0.000000 0.997014 0.000000 -0.077218 0.807873 0.807873 0.807873
3984.092529 0.000000 2955.413818 0.000000 0.626831 0.000000 0.779156 0.709007 0.709007 0.709007
3975.733398 0.000000 2962.870361 0.000000 0.345701 0.000000 -0.938345 0.924045 0.924045 0.924045
3994.350830 0.000000 2944.605957 0.000000 0.983518 0.000000 -0.180809 0.818519 0.818519 0.818519
3994.597656 0.000000 2958.780762 0.000000 0.835943 0.000000 -0.548817 0.859175 0.859175 0.859175
3994.100586 0.000000 2947.039795 0.000000 0.145472 0.000000 -0.989362 0.945130 0.945130 0.945130
3995.558838 0.000000 2957.658203 0.000000 0.424118 0.000000 -0.905607 0.915387 0.915387 0.915387
3983.592285 0.000000 2956.828369 0.000000 0.236028 0.000000 0.971746 0.664271 0.664271 0.664271
3973.269043 0.000000 2963.452148 0.000000 0.999661 0.000000 -0.026051 0.802654 0.802654 0.802654
3982.778320 0.000000 2954.668457 0.000000 0.980199 0.000000 -0.198016 0.820304 0.820304 0.820304
3995.020020 0.000000 2956.805908 0.000000 0.349851 0.000000 -0.936805 0.923594 0.923594 0.923594
3985.130371 0.000000 2955.582031 0.000000 0.090119 0.000000 -0.995931 0.950808 0.950808 0.950808
3974.033203 0.000000 2962.769287 0.000000 0.927582 0.000000 -0.373620 0.839003 0.839003 0.839003
3995.144043 0.000000 2946.672119 0.000000 0.883283 0.000000 0.468840 0.750295 0.750295 0.750295
3994.361572 0.000000 2948.212402 0.000000 0.366386 0.000000 -0.930463 0.921790 0.921790 0.921790
3981.678711 0.000000 2956.903564 0.000000 0.732989 0.000000 -0.680241 0.876200 0.876200 0.876200
3983.450439 0.000000 2957.717041 0.000000 0.343816 0.000000 -0.939037 0.924250 0.924250 0.924250
3980.054688 0.000000 2957.512207 0.000000 0.758714 0.000000 0.651424 0.727735 0.727735 0.727735
3996.509766 0.000000 2963.396484 0.000000 0.766216 0.000000 0.642584 0.728916 0.728916 0.728916
4000.750488 0.000000 2951.931396 0.000000 0.627562 0.000000 0.778567 0.800000 0.800000 0.800000
4003.295410 0.000000 2958.797363 0.000000 0.464887 0.000000 0.885370 0.689250 0.689250 0.689250
4012.226807 0.000000 2955.086914 0.000000 0.133073 0.000000 -0.991106 0.800000 0.800000 0.800000
4000.582275 0.000000 2944.014404 0.000000 0.892427 0.000000 0.451192 0.752320 0.752320 0.752320
4000.254150 0.000000 2948.108398 0.000000 0.968125 0.000000 -0.250466 0.825787 0.825787 0.825787
4000.165039 0.000000 2958.609863 0.000000 0.052280 0.000000 0.998632 0.645328 0.645328 0.645328
4002.424805 0.000000 2949.752441 0.000000 0.227219 0.000000 0.973844 0.800000 0.800000 0.800000
4014.793945 0.000000 2955.786133 0.000000 0.905547 0.000000 0.424247 0.755372 0.755372 0.755372
4001.910156 0.000000 2946.213623 0.000000 0.854351 0.000000 -0.519697 0.855666 0.855666 0.855666
4015.752686 0.000000 2952.400391 0.000000 0.955661 0.000000 -0.294468 0.800000 0.800000 0.800000
4005.046875 0.000000 2956.696533 0.000000 0.818488 0.000000 -0.574524 0.800000 0.800000 0.800000
4002.690430 0.000000 2956.464844 0.000000 0.736151 0.000000 0.676818 0.724275 0.724275 0.724275
4013.948730 0.000000 2953.685547 0.000000 0.949414 0.000000 -0.314026 0.800000 0.800000 0.800000
4000.085205 0.000000 2950.143555 0.000000 0.721127 0.000000 0.692802 0.800000 0.800000 0.800000
4000.099609 0.000000 2946.283447 0.000000 0.983061 0.000000 0.183276 0.781226 0.781226 0.781226
4001.994385 0.000000 2948.045898 0.000000 0.998546 0.000000 -0.053900 0.805493 0.805493 0.805493
4001.769531 0.000000 2957.905029 0.000000 0.353143 0.000000 -0.935570 0.923236 0.923236 0.923236
4015.504639 0.000000 2953.930908 0.000000 0.996032 0.000000 0.088995 0.800000 0.800000 0.800000
4003.146240 0.000000 2947.160889 0.000000 0.998246 0.000000 -0.059204 0.800000 0.800000 0.800000
4004.779297 0.000000 2958.761719 0.000000 0.951505 0.000000 -0.307632 0.831852 0.831852 0.831852
4003.802734 0.000000 2957.460449 0.000000 0.954096 0.000000 0.299501 0.769018 0.769018 0.769018
4001.936035 0.000000 2951.123535 0.000000 0.862187 0.000000 0.506590 0.800000 0.800000 0.800000
4003.356689 0.000000 2950.773193 0.000000 0.667387 0.000000 0.744711 0.714428 0.714428 0.714428
4001.121582 0.000000 2949.165771 0.000000 0.157966 0.000000 0.987445 0.656158 0.656158 0.656158
4001.859131 0.000000 2959.321289 0.000000 0.958878 0.000000 -0.283818 0.829312 0.829312 0.829312
4000.576172 0.000000 2957.288574 0.000000 0.874446 0.000000 0.485123 0.748408 0.748408 0.748408
4003.266113 0.000000 2948.687256 0.000000 0.016326 0.000000 0.999867 0.800000 0.800000 0.800000
4001.005371 0.000000 2945.260254 0.000000 0.999642 0.000000 0.026741 0.797276 0.797276 0.797276
4001.031982 0.000000 2947.108887 0.000000 0.514592 0.000000 -0.857435 0.904942 0.904942 0.904942
4001.636475 0.000000 2956.709961 0.000000 0.980131 0.000000 0.198350 0.779661 0.779661 0.779661
4005.017334 0.000000 2959.820557 0.000000 0.976260 0.000000 0.216600 0.777761 0.777761 0.777761
4002.775879 0.000000 2957.561035 0.000000 0.999738 0.000000 0.022898 0.797667 0.797667 0.797667
4000.084961 0.000000 2949.102295 0.000000 0.859825 0.000000 0.510588 0.745417 0.745417 0.745417
4004.129395 0.000000 2959.401611 0.000000 0.550870 0.000000 -0.834591 0.900575 0.900575 0.900575
4057.374268 0.000000 2949.824219 0.000000 0.510367 0.000000 0.859957 0.694557 0.694557 0.694557
4056.785645 0.000000 2946.484375 0.000000 0.985863 0.000000 -0.167554 0.800000 0.800000 0.800000
4059.257080 0.000000 2947.640137 0.000000 0.417796 0.000000 0.908541 0.683903 0.683903 0.683903
4057.432373 0.000000 2948.026611 0.000000 0.183757 0.000000 -0.982972 0.941176 0.941176 0.941176
4057.379150 0.000000 2951.465820 0.000000 0.782672 0.000000 -0.622435 0.800000 0.800000 0.800000
4058.720703 0.000000 2949.085205 0.000000 0.877275 0.000000 -0.479987 0.850995 0.850995 0.850995
4056.595459 0.000000 2948.989258 0.000000 0.956211 0.000000 0.292680 0.769745 0.769745 0.769745
4058.361572 0.000000 2948.212402 0.000000 0.840396 0.000000 -0.541973 0.858343 0.858343 0.858343
4057.728760 0.000000 2948.974121 0.000000 0.755931 0.000000 0.654651 0.727301 0.727301 0.727301
5016.397461 0.000000 2296.639404 0.000000 0.761981 0.000000 0.647599 0.800000 0.800000 0.800000
5017.089355 0.000000 2297.942871 0.000000 0.497302 0.000000 -0.867578 0.800000 0.800000 0.800000
4106.484375 0.000000 2749.530273 0.000000 0.097495 0.000000 0.995236 0.800000 0.800000 0.800000
4102.732910 0.000000 2737.989014 0.000000 0.935300 0.000000 -0.353856 0.836842 0.836842 0.836842
4109.705078 0.000000 2751.897949 0.000000 0.988967 0.000000 -0.148137 0.800000 0.800000 0.800000
4106.452637 0.000000 2739.263672 0.000000 0.356390 0.000000 0.934337 0.800000 0.800000 0.800000
4104.730469 0.000000 2736.014893 0.000000 0.984801 0.000000 0.173685 0.800000 0.800000 0.800000
4109.086914 0.000000 2748.827637 0.000000 0.163130 0.000000 -0.986605 0.800000 0.800000 0.800000
4102.121094 0.000000 2735.535889 0.000000 0.142442 0.000000 0.989803 0.800000 0.800000 0.800000
4104.099121 0.000000 2740.056641 0.000000 0.889737 0.000000 -0.456473 0.800000 0.800000 0.800000
4100.449707 0.000000 2736.799072 0.000000 0.903092 0.000000 -0.429446 0.800000 0.800000 0.800000
4109.745117 0.000000 2745.721191 0.000000 0.175342 0.000000 0.984508 0.800000 0.800000 0.800000
4107.904785 0.000000 2751.021973 0.000000 0.199553 0.000000 -0.979887 0.800000 0.800000 0.800000
4107.431641 0.000000 2747.744873 0.000000 0.926781 0.000000 -0.375601 0.800000 0.800000 0.800000
4104.741699 0.000000 2738.063965 0.000000 0.081849 0.000000 -0.996645 0.951654 0.951654 0.951654
4108.931152 0.000000 2743.958496 0.000000 0.990023 0.000000 -0.140904 0.800000 0.800000 0.800000
4106.085938 0.000000 2741.116455 0.000000 0.893023 0.000000 -0.450012 0.800000 0.800000 0.800000
4106.488281 0.000000 2737.351807 0.000000 0.792311 0.000000 -0.610118 0.800000 0.800000 0.800000
4107.844727 0.000000 2740.453125 0.000000 0.548232 0.000000 -0.836327 0.800000 0.800000 0.800000
4109.645508 0.000000 2742.219971 0.000000 0.662718 0.000000 -0.748869 0.800000 0.800000 0.800000
4101.084473 0.000000 2738.439941 0.000000 0.378318 0.000000 -0.925676 0.800000 0.800000 0.800000
4103.279785 0.000000 2736.535889 0.000000 0.922944 0.000000 -0.384934 0.840248 0.840248 0.840248
4103.472168 0.000000 2734.815430 0.000000 0.621053 0.000000 0.783768 0.800000 0.800000 0.800000
4100.779297 0.000000 2734.761719 0.000000 0.913758 0.000000 0.406258 0.800000 0.800000 0.800000
4109.214844 0.000000 2750.393555 0.000000 0.589949 0.000000 0.807441 0.800000 0.800000 0.800000
4102.658691 0.000000 2739.520996 0.000000 0.956481 0.000000 0.291796 0.769839 0.769839 0.769839
4100.275879 0.000000 2739.835449 0.000000 0.729010 0.000000 -0.684503 0.800000 0.800000 0.800000
4107.888184 0.000000 2749.594971 0.000000 0.984898 0.000000 -0.173134 0.800000 0.800000 0.800000
4106.385254 0.000000 2750.940186 0.000000 0.577431 0.000000 0.816440 0.800000 0.800000 0.800000
4101.890625 0.000000 2736.854004 0.000000 0.456975 0.000000 0.889479 0.800000 0.800000 0.800000
4106.851074 0.000000 2746.534668 0.000000 0.333661 0.000000 0.942693 0.800000 0.800000 0.800000
4103.733398 0.000000 2738.870361 0.000000 0.353999 0.000000 -0.935246 0.923143 0.923143 0.923143
4170.484375 0.000000 2749.530273 0.000000 0.245705 0.000000 0.969345 0.800000 0.800000 0.800000
4168.943359 0.000000 2751.228271 0.000000 0.287360 0.000000 0.957823 0.800000 0.800000 0.800000
4171.904785 0.000000 2751.021973 0.000000 0.057925 0.000000 0.998321 0.800000 0.800000 0.800000
4169.299805 0.000000 2748.437500 0.000000 0.999571 0.000000 0.029296 0.800000 0.800000 0.800000
4171.888184 0.000000 2749.594971 0.000000 0.098863 0.000000 -0.995101 0.800000 0.800000 0.800000
4169.160645 0.000000 2749.869141 0.000000 0.997282 0.000000 0.073673 0.800000 0.800000 0.800000
4170.385254 0.000000 2750.940186 0.000000 0.460028 0.000000 -0.887905 0.800000 0.800000 0.800000
4110.183594 0.000000 2755.834961 0.000000 0.999620 0.000000 -0.027557 0.800000 0.800000 0.800000
4125.500488 0.000000 2765.729248 0.000000 0.767891 0.000000 -0.640580 0.800000 0.800000 0.800000
4113.862793 0.000000 2752.124512 0.000000 0.008773 0.000000 -0.999961 0.800000 0.800000 0.800000
4127.730469 0.000000 2769.468262 0.000000 0.749279 0.000000 -0.662254 0.800000 0.800000 0.800000
4122.269043 0.000000 2765.509033 0.000000 0.993562 0.000000 0.113294 0.800000 0.800000 0.800000
4124.628906 0.000000 2768.770752 0.000000 0.234385 0.000000 0.972144 0.800000 0.800000 0.800000
4113.032715 0.000000 2754.937988 0.000000 0.308234 0.000000 0.951310 0.800000 0.800000 0.800000
4111.014160 0.000000 2752.879883 0.000000 0.514630 0.000000 0.857412 0.800000 0.800000 0.800000
4126.498535 0.000000 2762.052246 0.000000 0.993203 0.000000 0.116396 0.800000 0.800000 0.800000
4122.233887 0.000000 2767.915039 0.000000 0.934211 0.000000 0.356720 0.800000 0.800000 0.800000
4126.534180 0.000000 2767.646729 0.000000 0.181673 0.000000 -0.983359 0.800000 0.800000 0.800000
4127.150879 0.000000 2764.339600 0.000000 0.480383 0.000000 -0.877059 0.800000 0.800000 0.800000
4109.092285 0.000000 2752.144287 0.000000 0.377110 0.000000 0.926168 0.800000 0.800000 0.800000
4123.875977 0.000000 2766.799561 0.000000 0.352953 0.000000 0.935641 0.800000 0.800000 0.800000
4127.358887 0.000000 2760.318359 0.000000 0.897595 0.000000 0.440821 0.800000 0.800000 0.800000
4124.030762 0.000000 2764.534424 0.000000 0.931237 0.000000 -0.364415 0.800000 0.800000 0.800000
4112.193848 0.000000 2756.557861 0.000000 0.735683 0.000000 -0.677326 0.800000 0.800000 0.800000
4111.282715 0.000000 2754.583008 0.000000 0.650870 0.000000 0.759189 0.800000 0.800000 0.800000
4112.692871 0.000000 2753.314697 0.000000 0.305055 0.000000 0.952335 0.800000 0.800000 0.800000
4126.020020 0.000000 2769.631104 0.000000 0.968950 0.000000 -0.247258 0.800000 0.800000 0.800000
4127.019531 0.000000 2766.162109 0.000000 0.983739 0.000000 -0.179604 0.800000 0.800000 0.800000
4125.190430 0.000000 2767.343750 0.000000 0.831655 0.000000 -0.555293 0.800000 0.800000 0.800000
4112.229492 0.000000 2752.020264 0.000000 0.630438 0.000000 0.776239 0.800000 0.800000 0.800000
4136.025879 0.000000 2760.900635 0.000000 0.079283 0.000000 0.996852 0.800000 0.800000 0.800000
4149.193848 0.000000 2756.141602 0.000000 0.436068 0.000000 -0.899914 0.800000 0.800000 0.800000
4131.295410 0.000000 2766.797363 0.000000 0.178671 0.000000 0.983909 0.800000 0.800000 0.800000
4157.641113 0.000000 2759.481201 0.000000 0.027792 0.000000 -0.999614 0.800000 0.800000 0.800000
4157.500488 0.000000 2765.729248 0.000000 0.693418 0.000000 -0.720535 0.800000 0.800000 0.800000
4132.372559 0.000000 2755.959717 0.000000 0.662466 0.000000 0.749092 0.800000 0.800000 0.800000
4140.227051 0.000000 2763.086914 0.000000 0.153762 0.000000 0.988108 0.655724 0.655724 0.655724
4134.732910 0.000000 2769.989014 0.000000 0.946574 0.000000 -0.322486 0.800000 0.800000 0.800000
4137.388672 0.000000 2756.416260 0.000000 0.651006 0.000000 -0.759072 0.800000 0.800000 0.800000
4153.374023 0.000000 2757.824219 0.000000 0.891265 0.000000 -0.453482 0.800000 0.800000 0.800000
4158.046875 0.000000 2773.620605 0.000000 0.860374 0.000000 -0.509664 0.800000 0.800000 0.800000
4159.730469 0.000000 2769.468262 0.000000 0.806225 0.000000 -0.591609 0.800000 0.800000 0.800000
4128.374512 0.000000 2763.903809 0.000000 0.922809 0.000000 -0.385257 0.800000 0.800000 0.800000
4128.194824 0.000000 2769.812500 0.000000 0.238814 0.000000 0.971065 0.800000 0.800000 0.800000
4155.725098 0.000000 2762.650391 0.000000 0.231827 0.000000 -0.972757 0.800000 0.800000 0.800000
4131.427246 0.000000 2770.665771 0.000000 0.074271 0.000000 0.997238 0.800000 0.800000 0.800000
4131.864258 0.000000 2752.624512 0.000000 0.996678 0.000000 0.081442 0.800000 0.800000 0.800000
4145.032715 0.000000 2754.937988 0.000000 0.607894 0.000000 0.794018 0.800000 0.800000 0.800000
4138.603516 0.000000 2759.180908 0.000000 0.987120 0.000000 0.159980 0.800000 0.800000 0.800000
4136.730469 0.000000 2768.014893 0.000000 0.763325 0.000000 0.646015 0.728459 0.728459 0.728459
4134.954102 0.000000 2754.892090 0.000000 0.325549 0.000000 -0.945525 0.800000 0.800000 0.800000
4138.196289 0.000000 2765.211670 0.000000 0.945782 0.000000 -0.324803 0.800000 0.800000 0.800000
4154.952148 0.000000 2760.046631 0.000000 0.315710 0.000000 -0.948856 0.927282 0.927282 0.927282
4128.165039 0.000000 2766.609863 0.000000 0.584115 0.000000 0.811671 0.800000 0.800000 0.800000
4158.498535 0.000000 2762.052246 0.000000 0.543280 0.000000 0.839551 0.800000 0.800000 0.800000
4155.325195 0.000000 2772.877686 0.000000 0.821441 0.000000 -0.570294 0.800000 0.800000 0.800000
4141.002930 0.000000 2765.574463 0.000000 0.999368 0.000000 0.035533 0.800000 0.800000 0.800000
4134.988281 0.000000 2757.618164 0.000000 0.600178 0.000000 -0.799867 0.800000 0.800000 0.800000
4139.909180 0.000000 2756.884033 0.000000 0.026985 0.000000 0.999636 0.800000 0.800000 0.800000
4134.121094 0.000000 2767.535889 0.000000 0.904869 0.000000 0.425690 0.800000 0.800000 0.800000
4156.129883 0.000000 2775.536133 0.000000 0.390394 0.000000 -0.920648 0.800000 0.800000 0.800000
4129.856445 0.000000 2762.018311 0.000000 0.530111 0.000000 -0.847928 0.800000 0.800000 0.800000
4150.208496 0.000000 2758.301270 0.000000 0.764794 0.000000 -0.644274 0.800000 0.800000 0.800000
4151.553223 0.000000 2756.525635 0.000000 0.729856 0.000000 0.683601 0.800000 0.800000 0.800000
4154.333008 0.000000 2777.201416 0.000000 0.096554 0.000000 -0.995328 0.800000 0.800000 0.800000
4130.279297 0.000000 2768.670898 0.000000 0.819413 0.000000 0.573203 0.800000 0.800000 0.800000
4158.534180 0.000000 2767.646729 0.000000 0.219488 0.000000 -0.975615 0.800000 0.800000 0.800000
4139.893555 0.000000 2760.931152 0.000000 0.981087 0.000000 0.193569 0.800000 0.800000 0.800000
4141.948730 0.000000 2761.685547 0.000000 0.786324 0.000000 -0.617815 0.800000 0.800000 0.800000
4147.112305 0.000000 2755.626465 0.000000 0.864166 0.000000 0.503207 0.800000 0.800000 0.800000
4132.449707 0.000000 2768.799072 0.000000 0.874445 0.000000 0.485124 0.800000 0.800000 0.800000
4159.541992 0.000000 2771.808350 0.000000 0.177742 0.000000 -0.984077 0.800000 0.800000 0.800000
4150.643555 0.000000 2754.654785 0.000000 0.966792 0.000000 0.255563 0.800000 0.800000 0.800000
4159.150879 0.000000 2764.339600 0.000000 0.131023 0.000000 -0.991379 0.800000 0.800000 0.800000
4133.978027 0.000000 2753.123779 0.000000 0.080453 0.000000 -0.996758 0.800000 0.800000 0.800000
4153.841309 0.000000 2761.852051 0.000000 0.235590 0.000000 0.971853 0.800000 0.800000 0.800000
4159.840820 0.000000 2775.206055 0.000000 0.992211 0.000000 -0.124567 0.800000 0.800000 0.800000
4136.813477 0.000000 2758.346436 0.000000 0.093579 0.000000 -0.995612 0.800000 0.800000 0.800000
4136.741699 0.000000 2770.063965 0.000000 0.149847 0.000000 -0.988709 0.800000 0.800000 0.800000
4159.358887 0.000000 2760.318359 0.000000 0.744493 0.000000 0.667630 0.725539 0.725539 0.725539
4156.030762 0.000000 2764.534424 0.000000 0.942325 0.000000 -0.334698 0.800000 0.800000 0.800000
4144.193848 0.000000 2756.557861 0.000000 0.999553 0.000000 0.029885 0.800000 0.800000 0.800000
4156.641602 0.000000 2761.057373 0.000000 0.417761 0.000000 -0.908557 0.916101 0.916101 0.916101
4137.841797 0.000000 2760.814941 0.000000 0.417409 0.000000 0.908719 0.800000 0.800000 0.800000
4134.800293 0.000000 2759.549316 0.000000 0.856540 0.000000 -0.516081 0.800000 0.800000 0.800000
4128.088867 0.000000 2762.001709 0.000000 0.856693 0.000000 0.515826 0.800000 0.800000 0.800000
4132.238770 0.000000 2757.706787 0.000000 0.668240 0.000000 -0.743945 0.800000 0.800000 0.800000
4157.515625 0.000000 2763.513184 0.000000 0.585901 0.000000 0.810382 0.703763 0.703763 0.703763
4132.650391 0.000000 2754.273438 0.000000 0.978288 0.000000 0.207249 0.800000 0.800000 0.800000
4129.769531 0.000000 2765.905029 0.000000 0.976775 0.000000 -0.214268 0.800000 0.800000 0.800000
4133.084473 0.000000 2770.439941 0.000000 0.930346 0.000000 0.366682 0.800000 0.800000 0.800000
4153.432129 0.000000 2756.026611 0.000000 0.850024 0.000000 0.526744 0.800000 0.800000 0.800000
4136.954102 0.000000 2766.368164 0.000000 0.325473 0.000000 0.945551 0.800000 0.800000 0.800000
4153.379395 0.000000 2759.465820 0.000000 0.785538 0.000000 0.618813 0.800000 0.800000 0.800000
4158.020020 0.000000 2769.631104 0.000000 0.808673 0.000000 0.588258 0.800000 0.800000 0.800000
4146.383789 0.000000 2757.118652 0.000000 0.817043 0.000000 -0.576576 0.800000 0.800000 0.800000
4151.837402 0.000000 2758.360107 0.000000 0.070388 0.000000 -0.997520 0.800000 0.800000 0.800000
4133.989258 0.000000 2756.228760 0.000000 0.807040 0.000000 -0.590497 0.800000 0.800000 0.800000
4130.095215 0.000000 2752.526367 0.000000 0.550450 0.000000 0.834868 0.800000 0.800000 0.800000
4128.695801 0.000000 2768.138916 0.000000 0.549139 0.000000 -0.835731 0.800000 0.800000 0.800000
4156.509277 0.000000 2773.961182 0.000000 0.469857 0.000000 -0.882743 0.800000 0.800000 0.800000
4159.019531 0.000000 2766.162109 0.000000 0.621867 0.000000 -0.783123 0.800000 0.800000 0.800000
4139.789062 0.000000 2764.624512 0.000000 0.603646 0.000000 0.797252 0.800000 0.800000 0.800000
4135.279785 0.000000 2768.535889 0.000000 0.733333 0.000000 -0.679870 0.800000 0.800000 0.800000
4135.845215 0.000000 2756.212891 0.000000 0.889672 0.000000 -0.456601 0.800000 0.800000 0.800000
4154.720703 0.000000 2757.085205 0.000000 0.613389 0.000000 0.789781 0.800000 0.800000 0.800000
4135.472168 0.000000 2766.815430 0.000000 0.990628 0.000000 0.136589 0.800000 0.800000 0.800000
4138.373047 0.000000 2757.573242 0.000000 0.796350 0.000000 0.604836 0.800000 0.800000 0.800000
4150.108887 0.000000 2759.797363 0.000000 0.929344 0.000000 0.369214 0.800000 0.800000 0.800000
4131.146484 0.000000 2755.160889 0.000000 0.334406 0.000000 0.942429 0.674731 0.674731 0.674731
4154.967285 0.000000 2774.413818 0.000000 0.045788 0.000000 -0.998951 0.800000 0.800000 0.800000
4154.654785 0.000000 2758.568604 0.000000 0.431844 0.000000 0.901948 0.800000 0.800000 0.800000
4132.779297 0.000000 2766.761719 0.000000 0.999626 0.000000 -0.027351 0.800000 0.800000 0.800000
4141.304199 0.000000 2764.070801 0.000000 0.304289 0.000000 -0.952580 0.800000 0.800000 0.800000
4156.750977 0.000000 2772.538330 0.000000 0.987215 0.000000 0.159393 0.800000 0.800000 0.800000
4159.543457 0.000000 2773.486084 0.000000 0.949217 0.000000 0.314621 0.800000 0.800000 0.800000
4148.843262 0.000000 2754.792236 0.000000 0.427996 0.000000 -0.903780 0.800000 0.800000 0.800000
4134.658691 0.000000 2771.520996 0.000000 0.392387 0.000000 -0.919800 0.800000 0.800000 0.800000
4139.054688 0.000000 2762.131104 0.000000 0.994762 0.000000 -0.102221 0.800000 0.800000 0.800000
4156.213379 0.000000 2759.288330 0.000000 0.590827 0.000000 0.806798 0.800000 0.800000 0.800000
4152.550781 0.000000 2761.297119 0.000000 0.577026 0.000000 -0.816726 0.800000 0.800000 0.800000
4132.275879 0.000000 2771.835449 0.000000 0.818903 0.000000 -0.573932 0.800000 0.800000 0.800000
4156.811523 0.000000 2776.857422 0.000000 0.992355 0.000000 -0.123416 0.800000 0.800000 0.800000
4158.486816 0.000000 2774.969482 0.000000 0.177421 0.000000 -0.984135 0.800000 0.800000 0.800000
4148.943848 0.000000 2758.841797 0.000000 0.998259 0.000000 -0.058979 0.800000 0.800000 0.800000
4138.887695 0.000000 2763.594727 0.000000 0.995370 0.000000 -0.096114 0.800000 0.800000 0.800000
4158.244141 0.000000 2772.268799 0.000000 0.894520 0.000000 -0.447029 0.800000 0.800000 0.800000
4129.858887 0.000000 2767.321289 0.000000 0.541406 0.000000 0.840761 0.800000 0.800000 0.800000
4154.018066 0.000000 2773.348633 0.000000 0.085504 0.000000 0.996338 0.800000 0.800000 0.800000
4158.946777 0.000000 2759.013428 0.000000 0.993173 0.000000 0.116647 0.800000 0.800000 0.800000
4128.576172 0.000000 2765.288574 0.000000 0.690006 0.000000 -0.723804 0.800000 0.800000 0.800000
4133.890625 0.000000 2768.854004 0.000000 0.900584 0.000000 -0.434681 0.800000 0.800000 0.800000
4137.021973 0.000000 2759.747803 0.000000 0.370504 0.000000 -0.928831 0.800000 0.800000 0.800000
4148.023438 0.000000 2756.805176 0.000000 0.379441 0.000000 -0.925216 0.800000 0.800000 0.800000
4158.981934 0.000000 2770.557861 0.000000 0.462557 0.000000 -0.886589 0.800000 0.800000 0.800000
4155.308105 0.000000 2761.406738 0.000000 0.944196 0.000000 0.329384 0.765811 0.765811 0.765811
4129.641113 0.000000 2763.508301 0.000000 0.923971 0.000000 0.382462 0.800000 0.800000 0.800000
4133.715820 0.000000 2757.962158 0.000000 0.569292 0.000000 0.822136 0.800000 0.800000 0.800000
4130.788086 0.000000 2771.918701 0.000000 0.172938 0.000000 0.984933 0.800000 0.800000 0.800000
4149.207520 0.000000 2757.473389 0.000000 0.817344 0.000000 0.576150 0.800000 0.800000 0.800000
4154.864746 0.000000 2775.992188 0.000000 0.189074 0.000000 -0.981963 0.800000 0.800000 0.800000
4157.210449 0.000000 2762.229248 0.000000 0.952304 0.000000 0.305151 0.768414 0.768414 0.768414
4133.088867 0.000000 2752.176758 0.000000 0.986585 0.000000 -0.163249 0.800000 0.800000 0.800000
4157.917480 0.000000 2760.814697 0.000000 0.996817 0.000000 0.079725 0.791871 0.791871 0.791871
4141.729004 0.000000 2762.915771 0.000000 0.998636 0.000000 0.052216 0.794679 0.794679 0.794679
4160.750488 0.000000 2759.931396 0.000000 0.651919 0.000000 0.758289 0.800000 0.800000 0.800000
4171.488281 0.000000 2767.720703 0.000000 0.653210 0.000000 0.757176 0.800000 0.800000 0.800000
4160.987305 0.000000 2773.511475 0.000000 0.168563 0.000000 -0.985691 0.800000 0.800000 0.800000
4168.025879 0.000000 2760.900635 0.000000 0.212501 0.000000 0.977161 0.800000 0.800000 0.800000
4167.825195 0.000000 2752.071533 0.000000 0.417976 0.000000 -0.908458 0.800000 0.800000 0.800000
4168.678711 0.000000 2774.482178 0.000000 0.550779 0.000000 -0.834651 0.900586 0.900586 0.900586
4163.295410 0.000000 2766.797363 0.000000 0.982525 0.000000 -0.186129 0.800000 0.800000 0.800000
4182.988770 0.000000 2777.962891 0.000000 0.998264 0.000000 -0.058901 0.800000 0.800000 0.800000
4166.732910 0.000000 2769.989014 0.000000 0.688646 0.000000 0.725098 0.800000 0.800000 0.800000
4169.388672 0.000000 2756.416260 0.000000 0.366313 0.000000 -0.930492 0.800000 0.800000 0.800000
4190.046875 0.000000 2773.620605 0.000000 0.217306 0.000000 -0.976104 0.800000 0.800000 0.800000
4182.365723 0.000000 2772.740479 0.000000 0.517168 0.000000 -0.855884 0.800000 0.800000 0.800000
4171.641113 0.000000 2777.407471 0.000000 0.492318 0.000000 0.870416 0.800000 0.800000 0.800000
4164.715332 0.000000 2775.164795 0.000000 0.729194 0.000000 -0.684307 0.800000 0.800000 0.800000
4180.550293 0.000000 2764.627441 0.000000 0.393655 0.000000 0.919258 0.800000 0.800000 0.800000
4185.660645 0.000000 2775.058350 0.000000 0.755848 0.000000 -0.654747 0.800000 0.800000 0.800000
4190.169434 0.000000 2755.512451 0.000000 0.312680 0.000000 -0.949858 0.800000 0.800000 0.800000
4160.374512 0.000000 2763.903809 0.000000 0.963247 0.000000 0.268615 0.800000 0.800000 0.800000
4160.194824 0.000000 2769.812500 0.000000 0.890024 0.000000 -0.455914 0.800000 0.800000 0.800000
4171.314453 0.000000 2753.086914 0.000000 0.459769 0.000000 0.888039 0.800000 0.800000 0.800000
4170.452637 0.000000 2771.263672 0.000000 0.909531 0.000000 0.415635 0.800000 0.800000 0.800000
4163.427246 0.000000 2770.665771 0.000000 0.593822 0.000000 0.804596 0.800000 0.800000 0.800000
4171.811035 0.000000 2774.370850 0.000000 0.994662 0.000000 -0.103184 0.800000 0.800000 0.800000
4185.621094 0.000000 2779.281982 0.000000 0.423356 0.000000 0.905963 0.800000 0.800000 0.800000
4182.093262 0.000000 2769.928223 0.000000 0.959838 0.000000 0.280555 0.800000 0.800000 0.800000
4168.730469 0.000000 2768.014893 0.000000 0.965610 0.000000 -0.259994 0.800000 0.800000 0.800000
4165.583008 0.000000 2772.467041 0.000000 0.817598 0.000000 -0.575790 0.800000 0.800000 0.800000
4166.954102 0.000000 2754.892090 0.000000 0.586653 0.000000 -0.809839 0.800000 0.800000 0.800000
4170.196289 0.000000 2765.211670 0.000000 0.652384 0.000000 -0.757889 0.800000 0.800000 0.800000
4160.165039 0.000000 2766.609863 0.000000 0.902437 0.000000 0.430822 0.754632 0.754632 0.754632
4190.498535 0.000000 2762.052246 0.000000 0.271899 0.000000 0.962326 0.800000 0.800000 0.800000
4166.988281 0.000000 2757.618164 0.000000 0.556016 0.000000 -0.831171 0.800000 0.800000 0.800000
4171.909180 0.000000 2756.884033 0.000000 0.121936 0.000000 -0.992538 0.800000 0.800000 0.800000
4166.121094 0.000000 2767.535889 0.000000 0.942889 0.000000 -0.333108 0.800000 0.800000 0.800000
4169.796875 0.000000 2762.737061 0.000000 0.553764 0.000000 0.832673 0.800000 0.800000 0.800000
4168.099121 0.000000 2772.056641 0.000000 0.428139 0.000000 -0.903713 0.800000 0.800000 0.800000
4161.856445 0.000000 2762.018311 0.000000 0.248972 0.000000 0.968511 0.800000 0.800000 0.800000
4168.606934 0.000000 2776.800537 0.000000 0.850314 0.000000 0.526275 0.800000 0.800000 0.800000
4163.308105 0.000000 2773.141846 0.000000 0.212994 0.000000 -0.977053 0.800000 0.800000 0.800000
4181.256836 0.000000 2766.834229 0.000000 0.949732 0.000000 0.313064 0.800000 0.800000 0.800000
4169.231445 0.000000 2754.016357 0.000000 0.993379 0.000000 0.114883 0.788272 0.788272 0.788272
4191.286621 0.000000 2757.688477 0.000000 0.366862 0.000000 -0.930275 0.800000 0.800000 0.800000
4162.690430 0.000000 2764.464844 0.000000 0.574819 0.000000 0.818281 0.800000 0.800000 0.800000
4183.361816 0.000000 2774.729492 0.000000 0.935839 0.000000 -0.352429 0.800000 0.800000 0.800000
4162.279297 0.000000 2768.670898 0.000000 0.185533 0.000000 -0.982638 0.800000 0.800000 0.800000
4166.794922 0.000000 2775.625977 0.000000 0.803537 0.000000 0.595255 0.800000 0.800000 0.800000
4171.893555 0.000000 2760.931152 0.000000 0.902535 0.000000 0.430616 0.800000 0.800000 0.800000
4191.541992 0.000000 2771.808350 0.000000 0.725866 0.000000 -0.687836 0.800000 0.800000 0.800000
4161.485352 0.000000 2771.493896 0.000000 0.558911 0.000000 -0.829227 0.800000 0.800000 0.800000
4171.431641 0.000000 2779.744873 0.000000 0.262086 0.000000 -0.965045 0.800000 0.800000 0.800000
4191.840820 0.000000 2775.206055 0.000000 0.129743 0.000000 0.991548 0.800000 0.800000 0.800000
4162.549805 0.000000 2774.988525 0.000000 0.802023 0.000000 -0.597294 0.800000 0.800000 0.800000
4171.022461 0.000000 2755.128906 0.000000 0.975512 0.000000 0.219947 0.800000 0.800000 0.800000
4168.813477 0.000000 2758.346436 0.000000 0.423948 0.000000 -0.905686 0.800000 0.800000 0.800000
4168.741699 0.000000 2770.063965 0.000000 0.528657 0.000000 0.848835 0.800000 0.800000 0.800000
4184.397461 0.000000 2776.639404 0.000000 0.853653 0.000000 0.520841 0.800000 0.800000 0.800000
4170.366699 0.000000 2775.943359 0.000000 0.118367 0.000000 -0.992970 0.800000 0.800000 0.800000
4191.358887 0.000000 2760.318359 0.000000 0.958811 0.000000 -0.284045 0.800000 0.800000 0.800000
4170.085938 0.000000 2773.116455 0.000000 0.907258 0.000000 -0.420574 0.800000 0.800000 0.800000
4160.085449 0.000000 2758.143555 0.000000 0.286181 0.000000 -0.958176 0.800000 0.800000 0.800000
4170.488281 0.000000 2769.351807 0.000000 0.487886 0.000000 -0.872907 0.800000 0.800000 0.800000
4169.716309 0.000000 2752.087891 0.000000 0.946060 0.000000 0.323991 0.800000 0.800000 0.800000
4183.403809 0.000000 2771.236084 0.000000 0.906601 0.000000 -0.421988 0.800000 0.800000 0.800000
4171.844727 0.000000 2772.453125 0.000000 0.974208 0.000000 -0.225650 0.800000 0.800000 0.800000
4160.013672 0.000000 2775.041748 0.000000 0.999791 0.000000 0.020459 0.800000 0.800000 0.800000
4166.976562 0.000000 2773.799316 0.000000 0.980282 0.000000 0.197602 0.800000 0.800000 0.800000
4169.841797 0.000000 2760.814941 0.000000 0.602236 0.000000 0.798318 0.800000 0.800000 0.800000
4160.088867 0.000000 2762.001709 0.000000 0.544706 0.000000 -0.838627 0.800000 0.800000 0.800000
4168.255859 0.000000 2763.618652 0.000000 0.639800 0.000000 0.768541 0.800000 0.800000 0.800000
4161.769531 0.000000 2765.905029 0.000000 0.624688 0.000000 -0.780875 0.800000 0.800000 0.800000
4182.019043 0.000000 2779.503418 0.000000 0.337194 0.000000 -0.941435 0.800000 0.800000 0.800000
4165.084473 0.000000 2770.439941 0.000000 0.781323 0.000000 0.624126 0.800000 0.800000 0.800000
4168.954102 0.000000 2766.368164 0.000000 0.489623 0.000000 -0.871934 0.800000 0.800000 0.800000
4184.017090 0.000000 2779.195312 0.000000 0.595727 0.000000 0.803187 0.800000 0.800000 0.800000
4182.055664 0.000000 2768.229248 0.000000 0.720133 0.000000 0.693836 0.800000 0.800000 0.800000
4166.037109 0.000000 2777.124512 0.000000 0.055773 0.000000 -0.998443 0.800000 0.800000 0.800000
4160.695801 0.000000 2768.138916 0.000000 0.816234 0.000000 -0.577722 0.800000 0.800000 0.800000
4182.795898 0.000000 2776.256104 0.000000 0.910819 0.000000 -0.412805 0.800000 0.800000 0.800000
4180.500488 0.000000 2769.786865 0.000000 0.949968 0.000000 -0.312347 0.800000 0.800000 0.800000
4171.789062 0.000000 2764.624512 0.000000 0.855343 0.000000 -0.518063 0.800000 0.800000 0.800000
4167.279785 0.000000 2768.535889 0.000000 0.707825 0.000000 0.706388 0.800000 0.800000 0.800000
4167.845215 0.000000 2756.212891 0.000000 0.990276 0.000000 0.139118 0.800000 0.800000 0.800000
4191.477051 0.000000 2754.709717 0.000000 0.245073 0.000000 -0.969505 0.800000 0.800000 0.800000
4160.066895 0.000000 2772.123291 0.000000 0.859356 0.000000 -0.511379 0.800000 0.800000 0.800000
4167.472168 0.000000 2766.815430 0.000000 0.395556 0.000000 0.918442 0.800000 0.800000 0.800000
4170.373047 0.000000 2757.573242 0.000000 0.099904 0.000000 0.994997 0.800000 0.800000 0.800000
4169.941406 0.000000 2777.449951 0.000000 0.017146 0.000000 -0.999853 0.800000 0.800000 0.800000
4171.394531 0.000000 2766.168945 0.000000 0.086851 0.000000 0.996221 0.800000 0.800000 0.800000
4164.715332 0.000000 2773.678467 0.000000 0.592908 0.000000 -0.805270 0.800000 0.800000 0.800000
4161.651855 0.000000 2770.049805 0.000000 0.817823 0.000000 -0.575469 0.800000 0.800000 0.800000
4185.089355 0.000000 2777.942871 0.000000 0.132064 0.000000 -0.991241 0.800000 0.800000 0.800000
4170.048340 0.000000 2767.299316 0.000000 0.382308 0.000000 0.924035 0.800000 0.800000 0.800000
4191.543457 0.000000 2773.486084 0.000000 0.785199 0.000000 0.619244 0.800000 0.800000 0.800000
4167.705078 0.000000 2753.487549 0.000000 0.912381 0.000000 0.409342 0.800000 0.800000 0.800000
4184.614746 0.000000 2774.049561 0.000000 0.020337 0.000000 0.999793 0.800000 0.800000 0.800000
4163.802734 0.000000 2765.460449 0.000000 0.940818 0.000000 -0.338911 0.800000 0.800000 0.800000
4161.936035 0.000000 2759.123535 0.000000 0.499641 0.000000 -0.866233 0.800000 0.800000 0.800000
4166.658691 0.000000 2771.520996 0.000000 0.956991 0.000000 0.290117 0.800000 0.800000 0.800000
4171.054688 0.000000 2762.131104 0.000000 0.676432 0.000000 0.736505 0.800000 0.800000 0.800000
4164.275879 0.000000 2771.835449 0.000000 0.998257 0.000000 0.059009 0.800000 0.800000 0.800000
4190.486816 0.000000 2774.969482 0.000000 0.962606 0.000000 -0.270905 0.800000 0.800000 0.800000
4168.767090 0.000000 2764.968506 0.000000 0.427597 0.000000 0.903970 0.800000 0.800000 0.800000
4170.887695 0.000000 2763.594727 0.000000 0.322444 0.000000 0.946589 0.800000 0.800000 0.800000
4170.451660 0.000000 2774.542480 0.000000 0.935057 0.000000 0.354497 0.800000 0.800000 0.800000
4190.244141 0.000000 2772.268799 0.000000 0.871785 0.000000 -0.489888 0.800000 0.800000 0.800000
4161.858887 0.000000 2767.321289 0.000000 0.674095 0.000000 0.738644 0.715349 0.715349 0.715349
4190.946777 0.000000 2759.013428 0.000000 0.809697 0.000000 -0.586848 0.800000 0.800000 0.800000
4160.576172 0.000000 2765.288574 0.000000 0.794987 0.000000 0.606626 0.800000 0.800000 0.800000
4168.355957 0.000000 2762.226807 0.000000 0.119559 0.000000 0.992827 0.800000 0.800000 0.800000
4170.851074 0.000000 2778.534668 0.000000 0.956628 0.000000 0.291313 0.800000 0.800000 0.800000
4169.021973 0.000000 2759.747803 0.000000 0.999920 0.000000 0.012631 0.800000 0.800000 0.800000
4190.981934 0.000000 2770.557861 0.000000 0.120302 0.000000 -0.992737 0.800000 0.800000 0.800000
4183.594727 0.000000 2773.220947 0.000000 0.240749 0.000000 -0.970587 0.800000 0.800000 0.800000
4161.641113 0.000000 2763.508301 0.000000 0.511377 0.000000 -0.859356 0.800000 0.800000 0.800000
4162.788086 0.000000 2771.918701 0.000000 0.996149 0.000000 0.087674 0.800000 0.800000 0.800000
4161.274902 0.000000 2775.327637 0.000000 0.805405 0.000000 -0.592725 0.800000 0.800000 0.800000
4168.317383 0.000000 2754.921875 0.000000 0.485746 0.000000 0.874100 0.691665 0.691665 0.691665
4168.086914 0.000000 2775.611572 0.000000 0.561002 0.000000 0.827814 0.700667 0.700667 0.700667
4169.760254 0.000000 2755.160645 0.000000 0.815602 0.000000 0.578613 0.737150 0.737150 0.737150
4192.750488 0.000000 2759.931396 0.000000 0.999819 0.000000 -0.019023 0.800000 0.800000 0.800000
4220.322754 0.000000 2778.183594 0.000000 0.549288 0.000000 -0.835633 0.800000 0.800000 0.800000
4192.987305 0.000000 2773.511475 0.000000 0.054884 0.000000 -0.998493 0.954407 0.954407 0.954407
4210.604980 0.000000 2774.964844 0.000000 0.906390 0.000000 -0.422443 0.800000 0.800000 0.800000
4217.993164 0.000000 2770.484131 0.000000 0.921544 0.000000 0.388274 0.800000 0.800000 0.800000
4214.988770 0.000000 2777.962891 0.000000 0.471097 0.000000 -0.882081 0.800000 0.800000 0.800000
4198.732910 0.000000 2769.989014 0.000000 0.519390 0.000000 -0.854537 0.800000 0.800000 0.800000
4199.399414 0.000000 2765.211670 0.000000 0.316247 0.000000 0.948677 0.800000 0.800000 0.800000
4214.365723 0.000000 2772.740479 0.000000 0.647239 0.000000 -0.762287 0.800000 0.800000 0.800000
4196.223145 0.000000 2762.437012 0.000000 0.581457 0.000000 0.813577 0.800000 0.800000 0.800000
4217.660645 0.000000 2775.058350 0.000000 0.184155 0.000000 0.982897 0.800000 0.800000 0.800000
4192.374512 0.000000 2763.903809 0.000000 0.797089 0.000000 0.603862 0.800000 0.800000 0.800000
4192.253906 0.000000 2756.108398 0.000000 0.371178 0.000000 0.928562 0.800000 0.800000 0.800000
4195.427246 0.000000 2770.665771 0.000000 0.199483 0.000000 -0.979901 0.800000 0.800000 0.800000
4200.730469 0.000000 2768.014893 0.000000 0.346757 0.000000 0.937955 0.800000 0.800000 0.800000
4213.311523 0.000000 2775.662354 0.000000 0.438254 0.000000 -0.898851 0.800000 0.800000 0.800000
4197.583008 0.000000 2772.467041 0.000000 0.231816 0.000000 0.972760 0.800000 0.800000 0.800000
4198.121094 0.000000 2767.535889 0.000000 0.963134 0.000000 -0.269021 0.800000 0.800000 0.800000
4220.129883 0.000000 2775.536133 0.000000 0.837128 0.000000 -0.547007 0.800000 0.800000 0.800000
4193.910156 0.000000 2754.213623 0.000000 0.283790 0.000000 -0.958887 0.800000 0.800000 0.800000
4197.046875 0.000000 2764.696533 0.000000 0.602414 0.000000 -0.798184 0.894146 0.894146 0.894146
4193.856445 0.000000 2762.018311 0.000000 0.838398 0.000000 -0.545059 0.800000 0.800000 0.800000
4216.868164 0.000000 2772.541504 0.000000 0.944690 0.000000 0.327964 0.800000 0.800000 0.800000
4195.308105 0.000000 2773.141846 0.000000 0.104680 0.000000 -0.994506 0.800000 0.800000 0.800000
4198.634766 0.000000 2762.760742 0.000000 0.806469 0.000000 0.591277 0.800000 0.800000 0.800000
4194.690430 0.000000 2764.464844 0.000000 0.827242 0.000000 -0.561846 0.800000 0.800000 0.800000
4215.361816 0.000000 2774.729492 0.000000 0.103455 0.000000 -0.994634 0.800000 0.800000 0.800000
4218.333008 0.000000 2777.201416 0.000000 0.830257 0.000000 0.557381 0.800000 0.800000 0.800000
4194.969727 0.000000 2760.090576 0.000000 0.350505 0.000000 0.936561 0.800000 0.800000 0.800000
4194.279297 0.000000 2768.670898 0.000000 0.187990 0.000000 0.982171 0.800000 0.800000 0.800000
4196.449707 0.000000 2768.799072 0.000000 0.570566 0.000000 0.821252 0.800000 0.800000 0.800000
4212.888672 0.000000 2777.684082 0.000000 0.944408 0.000000 0.328777 0.800000 0.800000 0.800000
4212.409180 0.000000 2773.745361 0.000000 0.965532 0.000000 -0.260284 0.800000 0.800000 0.800000
4193.485352 0.000000 2771.493896 0.000000 0.720121 0.000000 -0.693849 0.800000 0.800000 0.800000
4194.549805 0.000000 2774.988525 0.000000 0.837777 0.000000 -0.546013 0.800000 0.800000 0.800000
4200.741699 0.000000 2770.063965 0.000000 0.998044 0.000000 0.062510 0.800000 0.800000 0.800000
4216.397461 0.000000 2776.639404 0.000000 0.961888 0.000000 0.273443 0.800000 0.800000 0.800000
4210.598145 0.000000 2772.992676 0.000000 0.217004 0.000000 0.976171 0.800000 0.800000 0.800000
4211.272949 0.000000 2776.730713 0.000000 0.986753 0.000000 -0.162229 0.800000 0.800000 0.800000
4192.085449 0.000000 2758.143555 0.000000 0.292449 0.000000 0.956281 0.800000 0.800000 0.800000
4215.403809 0.000000 2771.236084 0.000000 0.978417 0.000000 -0.206642 0.800000 0.800000 0.800000
4192.099609 0.000000 2754.283447 0.000000 0.149604 0.000000 -0.988746 0.800000 0.800000 0.800000
4192.013672 0.000000 2775.041748 0.000000 0.614262 0.000000 -0.789102 0.800000 0.800000 0.800000
4193.994629 0.000000 2756.045898 0.000000 0.921277 0.000000 0.388907 0.800000 0.800000 0.800000
4192.088867 0.000000 2762.001709 0.000000 0.979251 0.000000 0.202650 0.800000 0.800000 0.800000
4197.084473 0.000000 2770.439941 0.000000 0.910164 0.000000 -0.414247 0.800000 0.800000 0.800000
4200.954102 0.000000 2766.368164 0.000000 0.958709 0.000000 -0.284389 0.800000 0.800000 0.800000
4221.208496 0.000000 2779.582031 0.000000 0.909318 0.000000 0.416103 0.800000 0.800000 0.800000
4214.795898 0.000000 2776.256104 0.000000 0.566088 0.000000 -0.824345 0.800000 0.800000 0.800000
4220.509277 0.000000 2773.961182 0.000000 0.299899 0.000000 -0.953971 0.800000 0.800000 0.800000
4198.004883 0.000000 2765.967285 0.000000 0.991779 0.000000 0.127963 0.800000 0.800000 0.800000
4213.855957 0.000000 2774.177979 0.000000 0.227661 0.000000 0.973740 0.800000 0.800000 0.800000
4199.279785 0.000000 2768.535889 0.000000 0.995750 0.000000 0.092096 0.800000 0.800000 0.800000
4192.066895 0.000000 2772.123291 0.000000 0.952001 0.000000 0.306096 0.768313 0.768313 0.768313
4199.472168 0.000000 2766.815430 0.000000 0.986074 0.000000 -0.166309 0.800000 0.800000 0.800000
4218.967285 0.000000 2774.413818 0.000000 0.126954 0.000000 0.991909 0.800000 0.800000 0.800000
4196.715332 0.000000 2773.678467 0.000000 0.924075 0.000000 -0.382211 0.800000 0.800000 0.800000
4196.779297 0.000000 2766.761719 0.000000 0.912222 0.000000 -0.409697 0.800000 0.800000 0.800000
4193.651855 0.000000 2770.049805 0.000000 0.776639 0.000000 0.629946 0.800000 0.800000 0.800000
4217.089355 0.000000 2777.942871 0.000000 0.863099 0.000000 0.505034 0.800000 0.800000 0.800000
4220.750977 0.000000 2772.538330 0.000000 0.294747 0.000000 -0.955575 0.800000 0.800000 0.800000
4216.614746 0.000000 2774.049561 0.000000 0.543794 0.000000 0.839219 0.800000 0.800000 0.800000
4195.802734 0.000000 2765.460449 0.000000 0.872164 0.000000 0.489213 0.800000 0.800000 0.800000
4193.936035 0.000000 2759.123535 0.000000 0.391169 0.000000 -0.920319 0.800000 0.800000 0.800000
4198.658691 0.000000 2771.520996 0.000000 0.896948 0.000000 -0.442135 0.800000 0.800000 0.800000
4196.275879 0.000000 2771.835449 0.000000 0.255675 0.000000 0.966763 0.800000 0.800000 0.800000
4194.920898 0.000000 2763.072754 0.000000 0.264480 0.000000 0.964391 0.800000 0.800000 0.800000
4220.811523 0.000000 2776.857422 0.000000 0.642047 0.000000 -0.766666 0.800000 0.800000 0.800000
4195.356934 0.000000 2758.773193 0.000000 0.865085 0.000000 0.501625 0.800000 0.800000 0.800000
4193.121582 0.000000 2757.165771 0.000000 0.998162 0.000000 -0.060608 0.800000 0.800000 0.800000
4197.317383 0.000000 2763.345459 0.000000 0.894705 0.000000 0.446657 0.800000 0.800000 0.800000
4211.919922 0.000000 2775.450195 0.000000 0.955547 0.000000 0.294838 0.800000 0.800000 0.800000
4197.890625 0.000000 2768.854004 0.000000 0.486000 0.000000 0.873959 0.800000 0.800000 0.800000
4198.478027 0.000000 2764.193604 0.000000 0.972256 0.000000 0.233919 0.800000 0.800000 0.800000
4216.734375 0.000000 2771.037598 0.000000 0.825168 0.000000 -0.564887 0.800000 0.800000 0.800000
4215.594727 0.000000 2773.220947 0.000000 0.994317 0.000000 0.106459 0.800000 0.800000 0.800000
4195.125488 0.000000 2761.553711 0.000000 0.742437 0.000000 0.669916 0.800000 0.800000 0.800000
4193.641113 0.000000 2763.508301 0.000000 0.703254 0.000000 0.710939 0.800000 0.800000 0.800000
4194.788086 0.000000 2771.918701 0.000000 0.900055 0.000000 -0.435776 0.800000 0.800000 0.800000
4193.274902 0.000000 2775.327637 0.000000 0.179080 0.000000 0.983834 0.800000 0.800000 0.800000
4218.864746 0.000000 2775.992188 0.000000 0.015056 0.000000 -0.999887 0.800000 0.800000 0.800000
4195.878418 0.000000 2763.948730 0.000000 0.084307 0.000000 -0.996440 0.800000 0.800000 0.800000
4231.004883 0.000000 2746.616211 0.000000 0.045245 0.000000 -0.998976 0.800000 0.800000 0.800000
4231.940430 0.000000 2749.032715 0.000000 0.594559 0.000000 -0.804052 0.800000 0.800000 0.800000
4229.052734 0.000000 2747.980469 0.000000 0.632234 0.000000 0.774777 0.800000 0.800000 0.800000
4232.943359 0.000000 2751.228271 0.000000 0.777618 0.000000 0.628736 0.800000 0.800000 0.800000
4231.091309 0.000000 2751.415527 0.000000 0.031762 0.000000 0.999495 0.800000 0.800000 0.800000
4228.206543 0.000000 2749.353027 0.000000 0.940898 0.000000 0.338690 0.800000 0.800000 0.800000
4230.683105 0.000000 2748.139160 0.000000 0.694147 0.000000 0.719833 0.800000 0.800000 0.800000
4233.299805 0.000000 2748.437500 0.000000 0.957067 0.000000 0.289867 0.800000 0.800000 0.800000
4233.160645 0.000000 2749.869141 0.000000 0.527447 0.000000 -0.849588 0.800000 0.800000 0.800000
4230.909180 0.000000 2749.996338 0.000000 0.854576 0.000000 -0.519327 0.800000 0.800000 0.800000
4229.501953 0.000000 2746.658447 0.000000 0.537869 0.000000 0.843028 0.800000 0.800000 0.800000
4258.681641 0.000000 2747.806152 0.000000 0.899725 0.000000 -0.436457 0.800000 0.800000 0.800000
4286.857910 0.000000 2750.204834 0.000000 0.415677 0.000000 -0.909512 0.800000 0.800000 0.800000
4261.585449 0.000000 2750.219971 0.000000 0.975488 0.000000 -0.220053 0.800000 0.800000 0.800000
4278.640625 0.000000 2749.116699 0.000000 0.928867 0.000000 0.370415 0.800000 0.800000 0.800000
4284.365723 0.000000 2748.956299 0.000000 0.993121 0.000000 -0.117096 0.800000 0.800000 0.800000
4260.546387 0.000000 2745.718994 0.000000 0.772597 0.000000 0.634896 0.800000 0.800000 0.800000
4263.940430 0.000000 2749.032715 0.000000 0.310555 0.000000 -0.950556 0.800000 0.800000 0.800000
4276.506348 0.000000 2748.297363 0.000000 0.952177 0.000000 -0.305547 0.800000 0.800000 0.800000
4261.052734 0.000000 2747.980469 0.000000 0.011241 0.000000 -0.999937 0.800000 0.800000 0.800000
4279.577637 0.000000 2751.219971 0.000000 0.921256 0.000000 -0.388957 0.800000 0.800000 0.800000
4284.752441 0.000000 2751.208008 0.000000 0.677545 0.000000 -0.735481 0.884174 0.884174 0.884174
4277.622070 0.000000 2751.278564 0.000000 0.935876 0.000000 -0.352331 0.800000 0.800000 0.800000
4263.091309 0.000000 2751.415527 0.000000 0.290233 0.000000 0.956956 0.800000 0.800000 0.800000
4260.132812 0.000000 2751.408691 0.000000 0.839842 0.000000 0.542831 0.800000 0.800000 0.800000
4282.643555 0.000000 2748.721924 0.000000 0.998259 0.000000 -0.058986 0.800000 0.800000 0.800000
4259.132812 0.000000 2744.600098 0.000000 0.963381 0.000000 0.268138 0.800000 0.800000 0.800000
4260.206543 0.000000 2749.353027 0.000000 0.996295 0.000000 -0.086004 0.800000 0.800000 0.800000
4258.979492 0.000000 2746.207031 0.000000 0.999970 0.000000 0.007807 0.800000 0.800000 0.800000
4283.452148 0.000000 2750.250244 0.000000 0.511574 0.000000 -0.859239 0.800000 0.800000 0.800000
4262.683105 0.000000 2748.139160 0.000000 0.257962 0.000000 0.966155 0.800000 0.800000 0.800000
4277.174805 0.000000 2749.702393 0.000000 0.673364 0.000000 0.739311 0.800000 0.800000 0.800000
4285.937012 0.000000 2748.963867 0.000000 0.090680 0.000000 -0.995880 0.800000 0.800000 0.800000
4261.629883 0.000000 2751.727539 0.000000 0.915502 0.000000 0.402313 0.800000 0.800000 0.800000
4282.415527 0.000000 2751.482666 0.000000 0.268478 0.000000 0.963286 0.800000 0.800000 0.800000
4259.937988 0.000000 2747.171631 0.000000 0.919424 0.000000 0.393267 0.800000 0.800000 0.800000
4262.909180 0.000000 2749.996338 0.000000 0.998059 0.000000 -0.062280 0.800000 0.800000 0.800000
4279.783691 0.000000 2749.881836 0.000000 0.954429 0.000000 0.298438 0.800000 0.800000 0.800000
4261.501953 0.000000 2746.658447 0.000000 0.976487 0.000000 0.215577 0.800000 0.800000 0.800000
4285.574219 0.000000 2750.200928 0.000000 0.871392 0.000000 -0.490587 0.852230 0.852230 0.852230
4288.324219 0.000000 2750.699219 0.000000 0.981151 0.000000 -0.193243 0.800000 0.800000 0.800000
4252.322754 0.000000 2778.183594 0.000000 0.653226 0.000000 0.757163 0.800000 0.800000 0.800000
4242.604980 0.000000 2774.964844 0.000000 0.992963 0.000000 0.118423 0.800000 0.800000 0.800000
4249.993164 0.000000 2770.484131 0.000000 0.382025 0.000000 -0.924152 0.800000 0.800000 0.800000
4232.025879 0.000000 2760.900635 0.000000 0.458535 0.000000 -0.888676 0.800000 0.800000 0.800000
4232.678711 0.000000 2774.482178 0.000000 0.124970 0.000000 0.992161 0.800000 0.800000 0.800000
4226.681641 0.000000 2779.806152 0.000000 0.200027 0.000000 0.979790 0.800000 0.800000 0.800000
4253.500488 0.000000 2765.729248 0.000000 0.990167 0.000000 -0.139891 0.800000 0.800000 0.800000
4246.988770 0.000000 2777.962891 0.000000 0.427483 0.000000 0.904023 0.800000 0.800000 0.800000
4238.161133 0.000000 2772.472412 0.000000 0.699906 0.000000 0.714235 0.800000 0.800000 0.800000
4233.388672 0.000000 2756.416260 0.000000 0.270591 0.000000 -0.962694 0.800000 0.800000 0.800000
4254.046875 0.000000 2773.620605 0.000000 0.718331 0.000000 -0.695701 0.800000 0.800000 0.800000
4231.004883 0.000000 2778.616211 0.000000 0.076489 0.000000 -0.997070 0.800000 0.800000 0.800000
4255.730469 0.000000 2769.468262 0.000000 0.230664 0.000000 -0.973033 0.800000 0.800000 0.800000
4235.641113 0.000000 2777.407471 0.000000 0.984693 0.000000 0.174300 0.800000 0.800000 0.800000
4249.660645 0.000000 2775.058350 0.000000 0.662062 0.000000 0.749449 0.800000 0.800000 0.800000
4247.549805 0.000000 2767.383057 0.000000 0.443141 0.000000 -0.896452 0.800000 0.800000 0.800000
4229.585449 0.000000 2782.219971 0.000000 0.780370 0.000000 0.625318 0.800000 0.800000 0.800000
4242.934570 0.000000 2778.628906 0.000000 0.962420 0.000000 0.271567 0.800000 0.800000 0.800000
4255.983887 0.000000 2777.194336 0.000000 0.988366 0.000000 -0.152097 0.800000 0.800000 0.800000
4235.314453 0.000000 2753.086914 0.000000 0.202935 0.000000 0.979192 0.800000 0.800000 0.800000
4241.490723 0.000000 2771.378906 0.000000 0.578976 0.000000 -0.815344 0.800000 0.800000 0.800000
4238.855957 0.000000 2775.860352 0.000000 0.753150 0.000000 -0.657849 0.800000 0.800000 0.800000
4225.410156 0.000000 2776.737793 0.000000 0.895278 0.000000 -0.445507 0.800000 0.800000 0.800000
4252.628906 0.000000 2768.770752 0.000000 0.305262 0.000000 -0.952268 0.800000 0.800000 0.800000
4238.090332 0.000000 2769.265625 0.000000 0.487236 0.000000 -0.873271 0.800000 0.800000 0.800000
4235.811035 0.000000 2774.370850 0.000000 0.845701 0.000000 0.533657 0.800000 0.800000 0.800000
4249.621094 0.000000 2779.281982 0.000000 0.699734 0.000000 0.714403 0.800000 0.800000 0.800000
4234.603516 0.000000 2759.180908 0.000000 0.997712 0.000000 -0.067608 0.800000 0.800000 0.800000
4246.093262 0.000000 2769.928223 0.000000 0.702830 0.000000 -0.711358 0.800000 0.800000 0.800000
4245.311523 0.000000 2775.662354 0.000000 0.363582 0.000000 -0.931562 0.922097 0.922097 0.922097
4234.196289 0.000000 2765.211670 0.000000 0.975858 0.000000 -0.218405 0.800000 0.800000 0.800000
4254.498535 0.000000 2762.052246 0.000000 0.965525 0.000000 0.260310 0.800000 0.800000 0.800000
4251.325195 0.000000 2772.877686 0.000000 0.999839 0.000000 -0.017964 0.800000 0.800000 0.800000
4254.908203 0.000000 2779.572510 0.000000 0.967855 0.000000 0.251508 0.800000 0.800000 0.800000
4224.136719 0.000000 2779.778564 0.000000 0.651610 0.000000 -0.758554 0.800000 0.800000 0.800000
4231.940430 0.000000 2781.032715 0.000000 0.989511 0.000000 -0.144456 0.800000 0.800000 0.800000
4253.387695 0.000000 2771.185791 0.000000 0.879628 0.000000 0.475662 0.800000 0.800000 0.800000
4240.394531 0.000000 2773.639893 0.000000 0.714306 0.000000 -0.699834 0.800000 0.800000 0.800000
4252.129883 0.000000 2775.536133 0.000000 0.997359 0.000000 -0.072632 0.800000 0.800000 0.800000
4241.028320 0.000000 2768.782715 0.000000 0.764550 0.000000 -0.644565 0.800000 0.800000 0.800000
4233.796875 0.000000 2762.737061 0.000000 0.049170 0.000000 0.998790 0.800000 0.800000 0.800000
4232.099121 0.000000 2772.056641 0.000000 0.231110 0.000000 -0.972928 0.800000 0.800000 0.800000
4250.233887 0.000000 2767.915039 0.000000 0.675119 0.000000 -0.737709 0.800000 0.800000 0.800000
4232.606934 0.000000 2776.800537 0.000000 0.993783 0.000000 -0.111338 0.800000 0.800000 0.800000
4233.231445 0.000000 2754.016357 0.000000 0.041814 0.000000 -0.999125 0.800000 0.800000 0.800000
4229.052734 0.000000 2779.980469 0.000000 0.121813 0.000000 0.992553 0.800000 0.800000 0.800000
4247.361816 0.000000 2774.729492 0.000000 0.868829 0.000000 -0.495112 0.800000 0.800000 0.800000
4250.333008 0.000000 2777.201416 0.000000 0.369402 0.000000 -0.929270 0.800000 0.800000 0.800000
4254.534180 0.000000 2767.646729 0.000000 0.616380 0.000000 -0.787449 0.800000 0.800000 0.800000
4235.893555 0.000000 2760.931152 0.000000 0.972001 0.000000 -0.234975 0.800000 0.800000 0.800000
4236.557617 0.000000 2770.748535 0.000000 0.236076 0.000000 -0.971735 0.800000 0.800000 0.800000
4254.097168 0.000000 2776.304688 0.000000 0.913424 0.000000 0.407009 0.800000 0.800000 0.800000
4255.541992 0.000000 2771.808350 0.000000 0.934465 0.000000 0.356055 0.800000 0.800000 0.800000
4237.745117 0.000000 2777.721191 0.000000 0.837347 0.000000 0.546671 0.800000 0.800000 0.800000
4244.888672 0.000000 2777.684082 0.000000 0.907734 0.000000 0.419547 0.800000 0.800000 0.800000
4244.409180 0.000000 2773.745361 0.000000 0.847611 0.000000 0.530618 0.800000 0.800000 0.800000
4255.150879 0.000000 2764.339600 0.000000 0.942082 0.000000 0.335383 0.765163 0.765163 0.765163
4239.460938 0.000000 2770.784424 0.000000 0.994496 0.000000 -0.104773 0.800000 0.800000 0.800000
4248.093750 0.000000 2769.496338 0.000000 0.897454 0.000000 0.441109 0.753467 0.753467 0.753467
4235.022461 0.000000 2755.128906 0.000000 0.577098 0.000000 0.816675 0.800000 0.800000 0.800000
4232.813477 0.000000 2758.346436 0.000000 0.995077 0.000000 -0.099108 0.800000 0.800000 0.800000
4251.875977 0.000000 2766.799561 0.000000 0.144723 0.000000 0.989472 0.800000 0.800000 0.800000
4248.397461 0.000000 2776.639404 0.000000 0.149379 0.000000 0.988780 0.800000 0.800000 0.800000
4234.366699 0.000000 2775.943359 0.000000 0.926226 0.000000 -0.376969 0.800000 0.800000 0.800000
4236.931152 0.000000 2775.958496 0.000000 0.866302 0.000000 0.499521 0.800000 0.800000 0.800000
4234.085938 0.000000 2773.116455 0.000000 0.490635 0.000000 0.871365 0.800000 0.800000 0.800000
4252.030762 0.000000 2764.534424 0.000000 0.171319 0.000000 0.985216 0.800000 0.800000 0.800000
4242.598145 0.000000 2772.992676 0.000000 0.285272 0.000000 -0.958447 0.800000 0.800000 0.800000
4243.272949 0.000000 2776.730713 0.000000 0.844358 0.000000 0.535779 0.800000 0.800000 0.800000
4248.537109 0.000000 2780.790039 0.000000 0.264104 0.000000 0.964494 0.800000 0.800000 0.800000
4233.716309 0.000000 2752.087891 0.000000 0.075019 0.000000 0.997182 0.800000 0.800000 0.800000
4247.403809 0.000000 2771.236084 0.000000 0.945659 0.000000 -0.325159 0.800000 0.800000 0.800000
4235.844727 0.000000 2772.453125 0.000000 0.365581 0.000000 0.930779 0.800000 0.800000 0.800000
4237.645508 0.000000 2774.219971 0.000000 0.998236 0.000000 0.059363 0.800000 0.800000 0.800000
4231.091309 0.000000 2783.415527 0.000000 0.093296 0.000000 -0.995638 0.800000 0.800000 0.800000
4242.942871 0.000000 2770.206787 0.000000 0.797627 0.000000 0.603151 0.800000 0.800000 0.800000
4225.307617 0.000000 2781.162842 0.000000 0.408734 0.000000 -0.912653 0.800000 0.800000 0.800000
4233.841797 0.000000 2760.814941 0.000000 0.998125 0.000000 -0.061214 0.800000 0.800000 0.800000
4225.317871 0.000000 2778.482666 0.000000 0.054360 0.000000 0.998521 0.800000 0.800000 0.800000
4232.255859 0.000000 2763.618652 0.000000 0.501463 0.000000 0.865179 0.800000 0.800000 0.800000
4253.515625 0.000000 2763.513184 0.000000 0.505102 0.000000 0.863060 0.800000 0.800000 0.800000
4228.132812 0.000000 2783.408691 0.000000 0.153186 0.000000 0.988197 0.800000 0.800000 0.800000
4251.681152 0.000000 2771.062500 0.000000 0.756077 0.000000 -0.654483 0.800000 0.800000 0.800000
4246.019043 0.000000 2779.503418 0.000000 0.070953 0.000000 0.997480 0.800000 0.800000 0.800000
4254.001465 0.000000 2778.108643 0.000000 0.223067 0.000000 0.974803 0.800000 0.800000 0.800000
4227.132812 0.000000 2776.600098 0.000000 0.235389 0.000000 -0.971901 0.800000 0.800000 0.800000
4236.396484 0.000000 2769.099121 0.000000 0.194456 0.000000 0.980911 0.800000 0.800000 0.800000
4228.206543 0.000000 2781.353027 0.000000 0.999568 0.000000 -0.029394 0.800000 0.800000 0.800000
4248.017090 0.000000 2779.195312 0.000000 0.436144 0.000000 0.899877 0.800000 0.800000 0.800000
4246.055664 0.000000 2768.229248 0.000000 0.998751 0.000000 -0.049958 0.800000 0.800000 0.800000
4254.020020 0.000000 2769.631104 0.000000 0.937066 0.000000 0.349153 0.800000 0.800000 0.800000
4253.208496 0.000000 2779.582031 0.000000 0.474427 0.000000 -0.880295 0.800000 0.800000 0.800000
4246.795898 0.000000 2776.256104 0.000000 0.652859 0.000000 -0.757479 0.800000 0.800000 0.800000
4226.979492 0.000000 2778.207031 0.000000 0.798100 0.000000 -0.602526 0.800000 0.800000 0.800000
4239.556152 0.000000 2768.201416 0.000000 0.131672 0.000000 -0.991293 0.800000 0.800000 0.800000
4237.342773 0.000000 2779.266113 0.000000 0.249302 0.000000 0.968426 0.800000 0.800000 0.800000
4251.190430 0.000000 2769.447021 0.000000 0.851946 0.000000 0.523629 0.800000 0.800000 0.800000
4230.683105 0.000000 2780.139160 0.000000 0.949653 0.000000 0.313303 0.800000 0.800000 0.800000
4255.019531 0.000000 2766.162109 0.000000 0.560589 0.000000 0.828094 0.800000 0.800000 0.800000
4235.789062 0.000000 2764.624512 0.000000 0.203419 0.000000 -0.979092 0.800000 0.800000 0.800000
4245.855957 0.000000 2774.177979 0.000000 0.127401 0.000000 -0.991851 0.946988 0.946988 0.946988
4224.043457 0.000000 2777.542969 0.000000 0.999633 0.000000 0.027072 0.800000 0.800000 0.800000
4239.311523 0.000000 2777.578857 0.000000 0.671110 0.000000 -0.741358 0.800000 0.800000 0.800000
4239.780273 0.000000 2772.291992 0.000000 0.222496 0.000000 0.974934 0.800000 0.800000 0.800000
4233.941406 0.000000 2777.449951 0.000000 0.999091 0.000000 0.042623 0.800000 0.800000 0.800000
4248.767090 0.000000 2768.208496 0.000000 0.514753 0.000000 -0.857339 0.904923 0.904923 0.904923
4250.967285 0.000000 2774.413818 0.000000 0.318733 0.000000 -0.947844 0.800000 0.800000 0.800000
4249.089355 0.000000 2777.942871 0.000000 0.885367 0.000000 0.464893 0.800000 0.800000 0.800000
4239.123535 0.000000 2774.408203 0.000000 0.877348 0.000000 0.479854 0.800000 0.800000 0.800000
4255.543457 0.000000 2773.486084 0.000000 0.292940 0.000000 0.956131 0.800000 0.800000 0.800000
4229.629883 0.000000 2783.727539 0.000000 0.813349 0.000000 0.581776 0.800000 0.800000 0.800000
4255.886230 0.000000 2781.193604 0.000000 0.933431 0.000000 -0.358758 0.800000 0.800000 0.800000
4248.614746 0.000000 2774.049561 0.000000 0.325351 0.000000 -0.945593 0.800000 0.800000 0.800000
4235.054688 0.000000 2762.131104 0.000000 0.704906 0.000000 0.709301 0.800000 0.800000 0.800000
4237.906738 0.000000 2771.101074 0.000000 0.999976 0.000000 0.006925 0.800000 0.800000 0.800000
4240.758301 0.000000 2770.150146 0.000000 0.843523 0.000000 -0.537094 0.800000 0.800000 0.800000
4250.395996 0.000000 2771.837158 0.000000 0.488073 0.000000 -0.872803 0.800000 0.800000 0.800000
4252.811523 0.000000 2776.857422 0.000000 0.299624 0.000000 -0.954057 0.800000 0.800000 0.800000
4232.767090 0.000000 2764.968506 0.000000 0.114610 0.000000 0.993411 0.800000 0.800000 0.800000
4253.190430 0.000000 2767.343750 0.000000 0.175358 0.000000 -0.984505 0.800000 0.800000 0.800000
4234.887695 0.000000 2763.594727 0.000000 0.599780 0.000000 -0.800165 0.800000 0.800000 0.800000
4234.451660 0.000000 2774.542480 0.000000 0.203380 0.000000 -0.979100 0.800000 0.800000 0.800000
4254.244141 0.000000 2772.268799 0.000000 0.740525 0.000000 0.672029 0.800000 0.800000 0.800000
4250.018066 0.000000 2773.348633 0.000000 0.493190 0.000000 0.869921 0.800000 0.800000 0.800000
4243.919922 0.000000 2775.450195 0.000000 0.990498 0.000000 0.137527 0.800000 0.800000 0.800000
4232.355957 0.000000 2762.226807 0.000000 0.295797 0.000000 0.955251 0.800000 0.800000 0.800000
4244.256348 0.000000 2778.963135 0.000000 0.676564 0.000000 0.736384 0.800000 0.800000 0.800000
4249.286133 0.000000 2766.891602 0.000000 0.533324 0.000000 -0.845911 0.800000 0.800000 0.800000
4227.937988 0.000000 2779.171631 0.000000 0.427990 0.000000 0.903783 0.800000 0.800000 0.800000
4248.734375 0.000000 2771.037598 0.000000 0.747930 0.000000 -0.663778 0.800000 0.800000 0.800000
4233.021973 0.000000 2759.747803 0.000000 0.579326 0.000000 -0.815096 0.800000 0.800000 0.800000
4230.909180 0.000000 2781.996338 0.000000 0.393966 0.000000 -0.919125 0.800000 0.800000 0.800000
4246.524414 0.000000 2766.308350 0.000000 0.325144 0.000000 0.945665 0.800000 0.800000 0.800000
4254.981934 0.000000 2770.557861 0.000000 0.231777 0.000000 0.972769 0.800000 0.800000 0.800000
4229.501953 0.000000 2778.658447 0.000000 0.787463 0.000000 -0.616362 0.800000 0.800000 0.800000
4249.734863 0.000000 2769.158447 0.000000 0.955652 0.000000 0.294500 0.769551 0.769551 0.769551
4236.142090 0.000000 2778.657715 0.000000 0.902189 0.000000 -0.431340 0.800000 0.800000 0.800000
4232.317383 0.000000 2754.921875 0.000000 0.847637 0.000000 0.530577 0.800000 0.800000 0.800000
4252.605469 0.000000 2770.131836 0.000000 0.216607 0.000000 0.976259 0.800000 0.800000 0.800000
4250.864746 0.000000 2775.992188 0.000000 0.990392 0.000000 0.138290 0.800000 0.800000 0.800000
4253.210449 0.000000 2762.229248 0.000000 0.072710 0.000000 0.997353 0.800000 0.800000 0.800000
4255.637207 0.000000 2765.264160 0.000000 0.871278 0.000000 -0.490791 0.852253 0.852253 0.852253
4280.140625 0.000000 2762.975586 0.000000 0.992077 0.000000 0.125630 0.787170 0.787170 0.787170
4256.987305 0.000000 2773.511475 0.000000 0.798529 0.000000 -0.601957 0.865796 0.865796 0.865796
4283.528809 0.000000 2752.375977 0.000000 0.798677 0.000000 -0.601760 0.800000 0.800000 0.800000
4274.604980 0.000000 2774.964844 0.000000 0.680960 0.000000 -0.732321 0.800000 0.800000 0.800000
4281.993164 0.000000 2770.484131 0.000000 0.923931 0.000000 -0.382560 0.800000 0.800000 0.800000
4264.025879 0.000000 2760.900635 0.000000 0.911721 0.000000 0.410809 0.800000 0.800000 0.800000
4263.825195 0.000000 2752.071533 0.000000 0.855841 0.000000 -0.517239 0.800000 0.800000 0.800000
4272.959961 0.000000 2762.489014 0.000000 0.841510 0.000000 0.540242 0.800000 0.800000 0.800000
4264.678711 0.000000 2774.482178 0.000000 0.062190 0.000000 0.998064 0.646339 0.646339 0.646339
4285.641113 0.000000 2759.481201 0.000000 0.961840 0.000000 0.273612 0.800000 0.800000 0.800000
4285.500488 0.000000 2765.729248 0.000000 0.544343 0.000000 0.838863 0.800000 0.800000 0.800000
4278.988770 0.000000 2777.962891 0.000000 0.532685 0.000000 0.846313 0.800000 0.800000 0.800000
4262.732910 0.000000 2769.989014 0.000000 0.992081 0.000000 -0.125596 0.800000 0.800000 0.800000
4265.388672 0.000000 2756.416260 0.000000 0.733064 0.000000 -0.680160 0.800000 0.800000 0.800000
4263.004883 0.000000 2778.616211 0.000000 0.510542 0.000000 0.859853 0.800000 0.800000 0.800000
4276.712891 0.000000 2760.359619 0.000000 0.552630 0.000000 -0.833427 0.800000 0.800000 0.800000
4286.857910 0.000000 2782.204834 0.000000 0.860926 0.000000 -0.508730 0.800000 0.800000 0.800000
4267.641113 0.000000 2777.407471 0.000000 0.999907 0.000000 0.013670 0.800000 0.800000 0.800000
4278.344727 0.000000 2752.282715 0.000000 0.022246 0.000000 0.999753 0.800000 0.800000 0.800000
4276.550293 0.000000 2764.627441 0.000000 0.961919 0.000000 0.273335 0.800000 0.800000 0.800000
4281.660645 0.000000 2775.058350 0.000000 0.885078 0.000000 0.465443 0.800000 0.800000 0.800000
4279.549805 0.000000 2767.383057 0.000000 0.423059 0.000000 -0.906102 0.800000 0.800000 0.800000
4273.279785 0.000000 2758.307373 0.000000 0.124987 0.000000 -0.992158 0.800000 0.800000 0.800000
4256.374512 0.000000 2763.903809 0.000000 0.674777 0.000000 0.738021 0.800000 0.800000 0.800000
4256.194824 0.000000 2769.812500 0.000000 0.782901 0.000000 -0.622146 0.800000 0.800000 0.800000
4269.525879 0.000000 2759.489746 0.000000 0.988625 0.000000 0.150403 0.800000 0.800000 0.800000
4266.452637 0.000000 2771.263672 0.000000 0.955200 0.000000 -0.295961 0.800000 0.800000 0.800000
4283.725098 0.000000 2762.650391 0.000000 0.999532 0.000000 -0.030581 0.800000 0.800000 0.800000
4259.427246 0.000000 2770.665771 0.000000 0.879303 0.000000 -0.476262 0.800000 0.800000 0.800000
4257.410156 0.000000 2776.737793 0.000000 0.924994 0.000000 0.379982 0.800000 0.800000 0.800000
4282.269043 0.000000 2765.509033 0.000000 0.406559 0.000000 -0.913625 0.800000 0.800000 0.800000
4284.628906 0.000000 2768.770752 0.000000 0.097403 0.000000 0.995245 0.800000 0.800000 0.800000
4278.640625 0.000000 2781.116699 0.000000 0.998906 0.000000 -0.046769 0.800000 0.800000 0.800000
4267.811035 0.000000 2774.370850 0.000000 0.753613 0.000000 0.657319 0.800000 0.800000 0.800000
4273.032715 0.000000 2754.937988 0.000000 0.578044 0.000000 0.816006 0.800000 0.800000 0.800000
4266.603516 0.000000 2759.180908 0.000000 0.135396 0.000000 0.990792 0.653834 0.653834 0.653834
4279.672852 0.000000 2760.133545 0.000000 0.810869 0.000000 0.585228 0.800000 0.800000 0.800000
4286.978516 0.000000 2752.691162 0.000000 0.997211 0.000000 -0.074629 0.800000 0.800000 0.800000
4284.365723 0.000000 2780.956299 0.000000 0.212772 0.000000 0.977102 0.800000 0.800000 0.800000
4278.093262 0.000000 2769.928223 0.000000 0.878360 0.000000 -0.478000 0.800000 0.800000 0.800000
4277.311523 0.000000 2775.662354 0.000000 0.234509 0.000000 0.972114 0.800000 0.800000 0.800000
4261.583008 0.000000 2772.467041 0.000000 0.610713 0.000000 0.791852 0.800000 0.800000 0.800000
4282.952148 0.000000 2760.046631 0.000000 0.815982 0.000000 0.578077 0.800000 0.800000 0.800000
4256.165039 0.000000 2766.609863 0.000000 0.991849 0.000000 -0.127421 0.800000 0.800000 0.800000
4286.498535 0.000000 2762.052246 0.000000 0.972289 0.000000 0.233783 0.800000 0.800000 0.800000
4283.325195 0.000000 2772.877686 0.000000 0.257025 0.000000 -0.966405 0.800000 0.800000 0.800000
4276.116211 0.000000 2753.561279 0.000000 0.388137 0.000000 -0.921602 0.800000 0.800000 0.800000
4265.595215 0.000000 2778.996582 0.000000 0.550075 0.000000 -0.835115 0.800000 0.800000 0.800000
4262.988281 0.000000 2757.618164 0.000000 0.991755 0.000000 -0.128152 0.800000 0.800000 0.800000
4256.136719 0.000000 2779.778564 0.000000 0.961107 0.000000 0.276177 0.800000 0.800000 0.800000
4263.940430 0.000000 2781.032715 0.000000 0.475895 0.000000 -0.879502 0.800000 0.800000 0.800000
4285.387695 0.000000 2771.185791 0.000000 0.191109 0.000000 -0.981569 0.800000 0.800000 0.800000
4267.909180 0.000000 2756.884033 0.000000 0.996147 0.000000 0.087699 0.800000 0.800000 0.800000
4264.099121 0.000000 2772.056641 0.000000 0.870299 0.000000 0.492524 0.800000 0.800000 0.800000
4282.233887 0.000000 2767.915039 0.000000 0.911403 0.000000 -0.411515 0.843200 0.843200 0.843200
4275.775879 0.000000 2758.120361 0.000000 0.303501 0.000000 -0.952831 0.800000 0.800000 0.800000
4257.856445 0.000000 2762.018311 0.000000 0.947795 0.000000 0.318880 0.800000 0.800000 0.800000
4277.661621 0.000000 2762.533447 0.000000 0.244937 0.000000 0.969539 0.800000 0.800000 0.800000
4264.606934 0.000000 2776.800537 0.000000 0.997029 0.000000 -0.077024 0.800000 0.800000 0.800000
4278.856934 0.000000 2765.007080 0.000000 0.877344 0.000000 -0.479862 0.800000 0.800000 0.800000
4280.868164 0.000000 2772.541504 0.000000 0.106282 0.000000 0.994336 0.800000 0.800000 0.800000
4259.308105 0.000000 2773.141846 0.000000 0.940451 0.000000 -0.339929 0.800000 0.800000 0.800000
4274.343750 0.000000 2760.453613 0.000000 0.257182 0.000000 0.966363 0.800000 0.800000 0.800000
4284.065918 0.000000 2757.843994 0.000000 0.847687 0.000000 0.530497 0.800000 0.800000 0.800000
4284.752441 0.000000 2783.208008 0.000000 0.997837 0.000000 0.065743 0.800000 0.800000 0.800000
4287.286621 0.000000 2757.688477 0.000000 0.657654 0.000000 -0.753320 0.800000 0.800000 0.800000
4275.419434 0.000000 2762.523438 0.000000 0.035138 0.000000 -0.999382 0.800000 0.800000 0.800000
4279.361816 0.000000 2774.729492 0.000000 0.963733 0.000000 0.266870 0.800000 0.800000 0.800000
4262.794922 0.000000 2775.625977 0.000000 0.160458 0.000000 0.987043 0.800000 0.800000 0.800000
4286.534180 0.000000 2767.646729 0.000000 0.504040 0.000000 -0.863680 0.800000 0.800000 0.800000
4267.893555 0.000000 2760.931152 0.000000 0.686057 0.000000 0.727548 0.800000 0.800000 0.800000
4269.948730 0.000000 2761.685547 0.000000 0.955107 0.000000 0.296262 0.800000 0.800000 0.800000
4275.112305 0.000000 2755.626465 0.000000 0.356828 0.000000 0.934170 0.800000 0.800000 0.800000
4269.745117 0.000000 2777.721191 0.000000 0.287890 0.000000 0.957663 0.800000 0.800000 0.800000
4276.888672 0.000000 2777.684082 0.000000 0.010859 0.000000 -0.999941 0.800000 0.800000 0.800000
4276.409180 0.000000 2773.745361 0.000000 0.510730 0.000000 -0.859741 0.800000 0.800000 0.800000
4285.141602 0.000000 2753.673584 0.000000 0.141382 0.000000 0.989955 0.800000 0.800000 0.800000
4287.150879 0.000000 2764.339600 0.000000 0.305185 0.000000 -0.952293 0.800000 0.800000 0.800000
4257.485352 0.000000 2771.493896 0.000000 0.996563 0.000000 0.082843 0.800000 0.800000 0.800000
4281.841309 0.000000 2761.852051 0.000000 0.054672 0.000000 -0.998504 0.800000 0.800000 0.800000
4280.093750 0.000000 2769.496338 0.000000 0.006938 0.000000 -0.999976 0.800000 0.800000 0.800000
4258.549805 0.000000 2774.988525 0.000000 0.293418 0.000000 -0.955984 0.800000 0.800000 0.800000
4264.813477 0.000000 2758.346436 0.000000 0.199305 0.000000 -0.979938 0.800000 0.800000 0.800000
4283.875977 0.000000 2766.799561 0.000000 0.743807 0.000000 0.668394 0.725434 0.725434 0.725434
4266.366699 0.000000 2775.943359 0.000000 0.568269 0.000000 0.822843 0.800000 0.800000 0.800000
4268.931152 0.000000 2775.958496 0.000000 0.723269 0.000000 0.690566 0.800000 0.800000 0.800000
4287.358887 0.000000 2760.318359 0.000000 0.931900 0.000000 0.362716 0.800000 0.800000 0.800000
4266.085938 0.000000 2773.116455 0.000000 0.954809 0.000000 0.297220 0.800000 0.800000 0.800000
4284.030762 0.000000 2764.534424 0.000000 0.174305 0.000000 0.984692 0.800000 0.800000 0.800000
4274.670898 0.000000 2764.294678 0.000000 0.243277 0.000000 -0.969957 0.800000 0.800000 0.800000
4266.488281 0.000000 2769.351807 0.000000 0.756567 0.000000 -0.653916 0.800000 0.800000 0.800000
4279.403809 0.000000 2771.236084 0.000000 0.923095 0.000000 -0.384572 0.800000 0.800000 0.800000
4272.193848 0.000000 2756.557861 0.000000 0.607614 0.000000 0.794233 0.800000 0.800000 0.800000
4267.844727 0.000000 2772.453125 0.000000 0.988739 0.000000 0.149653 0.800000 0.800000 0.800000
4269.645508 0.000000 2774.219971 0.000000 0.030662 0.000000 0.999530 0.800000 0.800000 0.800000
4282.506836 0.000000 2753.893066 0.000000 0.872085 0.000000 0.489355 0.800000 0.800000 0.800000
4256.013672 0.000000 2775.041748 0.000000 0.897217 0.000000 -0.441590 0.800000 0.800000 0.800000
4262.976562 0.000000 2773.799316 0.000000 0.958470 0.000000 -0.285194 0.800000 0.800000 0.800000
4281.928711 0.000000 2763.692139 0.000000 0.694204 0.000000 0.719778 0.718158 0.718158 0.718158
4284.641602 0.000000 2761.057373 0.000000 0.963268 0.000000 -0.268542 0.800000 0.800000 0.800000
4257.307617 0.000000 2781.162842 0.000000 0.980479 0.000000 0.196623 0.800000 0.800000 0.800000
4265.841797 0.000000 2760.814941 0.000000 0.933845 0.000000 0.357678 0.800000 0.800000 0.800000
4280.532715 0.000000 2765.734131 0.000000 0.112258 0.000000 0.993679 0.800000 0.800000 0.800000
4262.800293 0.000000 2759.549316 0.000000 0.630154 0.000000 0.776470 0.800000 0.800000 0.800000
4257.317871 0.000000 2778.482666 0.000000 0.180418 0.000000 -0.983590 0.800000 0.800000 0.800000
4256.088867 0.000000 2762.001709 0.000000 0.174545 0.000000 0.984649 0.800000 0.800000 0.800000
4283.681152 0.000000 2771.062500 0.000000 0.843128 0.000000 0.537714 0.800000 0.800000 0.800000
4269.404297 0.000000 2757.707520 0.000000 0.261629 0.000000 -0.965169 0.800000 0.800000 0.800000
4257.769531 0.000000 2765.905029 0.000000 0.991564 0.000000 -0.129619 0.800000 0.800000 0.800000
4278.019043 0.000000 2779.503418 0.000000 0.995480 0.000000 -0.094969 0.800000 0.800000 0.800000
4282.643555 0.000000 2780.721924 0.000000 0.909791 0.000000 -0.415066 0.800000 0.800000 0.800000
4285.640137 0.000000 2757.107666 0.000000 0.564176 0.000000 -0.825654 0.800000 0.800000 0.800000
4285.324219 0.000000 2752.007324 0.000000 0.121256 0.000000 0.992621 0.800000 0.800000 0.800000
4259.132812 0.000000 2776.600098 0.000000 0.121206 0.000000 -0.992627 0.800000 0.800000 0.800000
4279.774902 0.000000 2753.188232 0.000000 0.374864 0.000000 -0.927080 0.800000 0.800000 0.800000
4279.080566 0.000000 2761.710449 0.000000 0.024637 0.000000 0.999696 0.800000 0.800000 0.800000
4278.055664 0.000000 2768.229248 0.000000 0.016047 0.000000 0.999871 0.800000 0.800000 0.800000
4274.383789 0.000000 2757.118652 0.000000 0.938313 0.000000 -0.345786 0.800000 0.800000 0.800000
4262.037109 0.000000 2777.124512 0.000000 0.961667 0.000000 -0.274222 0.800000 0.800000 0.800000
4256.695801 0.000000 2768.138916 0.000000 0.331604 0.000000 0.943419 0.800000 0.800000 0.800000
4278.795898 0.000000 2776.256104 0.000000 0.851358 0.000000 -0.524586 0.800000 0.800000 0.800000
4283.452148 0.000000 2782.250244 0.000000 0.856281 0.000000 0.516510 0.800000 0.800000 0.800000
4269.342773 0.000000 2779.266113 0.000000 0.642726 0.000000 -0.766096 0.800000 0.800000 0.800000
4283.190430 0.000000 2769.447021 0.000000 0.999225 0.000000 -0.039362 0.800000 0.800000 0.800000
4268.095703 0.000000 2758.644043 0.000000 0.249618 0.000000 0.968345 0.800000 0.800000 0.800000
4262.683105 0.000000 2780.139160 0.000000 0.708997 0.000000 -0.705211 0.800000 0.800000 0.800000
4276.407227 0.000000 2752.043457 0.000000 0.188489 0.000000 -0.982075 0.800000 0.800000 0.800000
4287.019531 0.000000 2766.162109 0.000000 0.500650 0.000000 0.865650 0.800000 0.800000 0.800000
4277.855957 0.000000 2774.177979 0.000000 0.546324 0.000000 0.837574 0.800000 0.800000 0.800000
4263.279785 0.000000 2768.535889 0.000000 0.499555 0.000000 0.866282 0.800000 0.800000 0.800000
4263.845215 0.000000 2756.212891 0.000000 0.386245 0.000000 -0.922396 0.800000 0.800000 0.800000
4283.168457 0.000000 2779.249268 0.000000 0.959861 0.000000 -0.280476 0.800000 0.800000 0.800000
4285.937012 0.000000 2780.963867 0.000000 0.748279 0.000000 -0.663384 0.800000 0.800000 0.800000
4256.043457 0.000000 2777.542969 0.000000 0.943570 0.000000 0.331173 0.800000 0.800000 0.800000
4256.066895 0.000000 2772.123291 0.000000 0.020356 0.000000 -0.999793 0.957926 0.957926 0.957926
4266.373047 0.000000 2757.573242 0.000000 0.830730 0.000000 0.556675 0.800000 0.800000 0.800000
4265.941406 0.000000 2777.449951 0.000000 0.249050 0.000000 0.968491 0.800000 0.800000 0.800000
4280.767090 0.000000 2768.208496 0.000000 0.992641 0.000000 0.121092 0.800000 0.800000 0.800000
4282.967285 0.000000 2774.413818 0.000000 0.259532 0.000000 -0.965734 0.800000 0.800000 0.800000
4260.715332 0.000000 2773.678467 0.000000 0.473006 0.000000 -0.881059 0.800000 0.800000 0.800000
4274.576660 0.000000 2758.986572 0.000000 0.252565 0.000000 0.967580 0.800000 0.800000 0.800000
4277.584473 0.000000 2753.576416 0.000000 0.624256 0.000000 -0.781220 0.800000 0.800000 0.800000
4257.651855 0.000000 2770.049805 0.000000 0.178469 0.000000 0.983946 0.800000 0.800000 0.800000
4265.299805 0.000000 2780.437500 0.000000 0.234157 0.000000 -0.972199 0.800000 0.800000 0.800000
4264.132812 0.000000 2779.540771 0.000000 0.293251 0.000000 0.956035 0.800000 0.800000 0.800000
4263.705078 0.000000 2753.487549 0.000000 0.980701 0.000000 0.195514 0.800000 0.800000 0.800000
4280.614746 0.000000 2774.049561 0.000000 0.591708 0.000000 -0.806153 0.800000 0.800000 0.800000
4273.093750 0.000000 2759.772949 0.000000 0.953707 0.000000 0.300737 0.800000 0.800000 0.800000
4262.658691 0.000000 2771.520996 0.000000 0.458355 0.000000 0.888769 0.800000 0.800000 0.800000
4284.213379 0.000000 2759.288330 0.000000 0.059728 0.000000 -0.998215 0.800000 0.800000 0.800000
4280.669922 0.000000 2764.330322 0.000000 0.981223 0.000000 -0.192876 0.800000 0.800000 0.800000
4280.550781 0.000000 2761.297119 0.000000 0.957980 0.000000 0.286834 0.800000 0.800000 0.800000
4282.415527 0.000000 2783.482666 0.000000 0.693715 0.000000 -0.720249 0.800000 0.800000 0.800000
4282.395996 0.000000 2771.837158 0.000000 0.130142 0.000000 0.991495 0.800000 0.800000 0.800000
4285.190430 0.000000 2767.343750 0.000000 0.893198 0.000000 0.449664 0.800000 0.800000 0.800000
4265.160645 0.000000 2781.869141 0.000000 0.168536 0.000000 0.985695 0.800000 0.800000 0.800000
4266.451660 0.000000 2774.542480 0.000000 0.059446 0.000000 -0.998232 0.800000 0.800000 0.800000
4257.858887 0.000000 2767.321289 0.000000 0.770918 0.000000 0.636935 0.800000 0.800000 0.800000
4282.018066 0.000000 2773.348633 0.000000 0.829057 0.000000 0.559165 0.800000 0.800000 0.800000
4286.946777 0.000000 2759.013428 0.000000 0.641792 0.000000 -0.766879 0.800000 0.800000 0.800000
4275.919922 0.000000 2775.450195 0.000000 0.040704 0.000000 -0.999171 0.800000 0.800000 0.800000
4256.576172 0.000000 2765.288574 0.000000 0.994367 0.000000 0.105990 0.800000 0.800000 0.800000
4284.323730 0.000000 2756.493408 0.000000 0.626234 0.000000 -0.779635 0.800000 0.800000 0.800000
4275.382812 0.000000 2765.428955 0.000000 0.938185 0.000000 -0.346134 0.800000 0.800000 0.800000
4276.256348 0.000000 2778.963135 0.000000 0.832543 0.000000 0.553961 0.800000 0.800000 0.800000
4264.487793 0.000000 2778.216064 0.000000 0.758461 0.000000 0.651719 0.800000 0.800000 0.800000
4273.028809 0.000000 2761.145508 0.000000 0.966987 0.000000 0.254824 0.800000 0.800000 0.800000
4281.286133 0.000000 2766.891602 0.000000 0.992522 0.000000 -0.122068 0.800000 0.800000 0.800000
4274.159668 0.000000 2761.871094 0.000000 0.693726 0.000000 -0.720239 0.800000 0.800000 0.800000
4280.734375 0.000000 2771.037598 0.000000 0.989881 0.000000 -0.141901 0.800000 0.800000 0.800000
4265.021973 0.000000 2759.747803 0.000000 0.443661 0.000000 0.896195 0.800000 0.800000 0.800000
4262.909180 0.000000 2781.996338 0.000000 0.981794 0.000000 -0.189948 0.800000 0.800000 0.800000
4276.555176 0.000000 2761.725342 0.000000 0.099906 0.000000 -0.994997 0.800000 0.800000 0.800000
4278.524414 0.000000 2766.308350 0.000000 0.479203 0.000000 0.877704 0.800000 0.800000 0.800000
4279.783691 0.000000 2781.881836 0.000000 0.362334 0.000000 -0.932048 0.800000 0.800000 0.800000
4283.308105 0.000000 2761.406738 0.000000 0.409859 0.000000 0.912149 0.800000 0.800000 0.800000
4283.851074 0.000000 2753.918701 0.000000 0.339966 0.000000 -0.940438 0.800000 0.800000 0.800000
4257.641113 0.000000 2763.508301 0.000000 0.132131 0.000000 0.991232 0.800000 0.800000 0.800000
4277.898438 0.000000 2761.118652 0.000000 0.713330 0.000000 -0.700828 0.800000 0.800000 0.800000
4281.734863 0.000000 2769.158447 0.000000 0.428493 0.000000 -0.903545 0.800000 0.800000 0.800000
4258.788086 0.000000 2771.918701 0.000000 0.272657 0.000000 0.962111 0.800000 0.800000 0.800000
4268.142090 0.000000 2778.657715 0.000000 0.490198 0.000000 0.871611 0.800000 0.800000 0.800000
4257.274902 0.000000 2775.327637 0.000000 0.684311 0.000000 -0.729190 0.800000 0.800000 0.800000
4284.605469 0.000000 2770.131836 0.000000 0.910553 0.000000 -0.413393 0.800000 0.800000 0.800000
4282.864746 0.000000 2775.992188 0.000000 0.792627 0.000000 -0.609707 0.800000 0.800000 0.800000
4276.528320 0.000000 2763.285400 0.000000 0.481220 0.000000 0.876600 0.800000 0.800000 0.800000
4286.978516 0.000000 2784.691162 0.000000 0.372893 0.000000 0.927874 0.800000 0.800000 0.800000
4285.141602 0.000000 2785.673584 0.000000 0.997744 0.000000 -0.067131 0.800000 0.800000 0.800000
4285.324219 0.000000 2784.007324 0.000000 0.783427 0.000000 -0.621484 0.800000 0.800000 0.800000
4299.488281 0.000000 2767.720703 0.000000 0.116708 0.000000 0.993166 0.800000 0.800000 0.800000
4304.959961 0.000000 2762.489014 0.000000 0.169910 0.000000 -0.985460 0.800000 0.800000 0.800000
4291.295410 0.000000 2766.797363 0.000000 0.746461 0.000000 -0.665429 0.800000 0.800000 0.800000
4300.227051 0.000000 2763.086914 0.000000 0.397883 0.000000 0.917436 0.800000 0.800000 0.800000
4288.582520 0.000000 2752.014404 0.000000 0.703509 0.000000 -0.710687 0.800000 0.800000 0.800000
4318.046875 0.000000 2773.620605 0.000000 0.147240 0.000000 0.989101 0.800000 0.800000 0.800000
4295.399414 0.000000 2765.211670 0.000000 0.007914 0.000000 0.999969 0.800000 0.800000 0.800000
4319.730469 0.000000 2769.468262 0.000000 0.943974 0.000000 0.330020 0.800000 0.800000 0.800000
4305.279785 0.000000 2758.307373 0.000000 0.913779 0.000000 -0.406212 0.800000 0.800000 0.800000
4288.374512 0.000000 2763.903809 0.000000 0.501494 0.000000 0.865161 0.800000 0.800000 0.800000
4288.324219 0.000000 2782.699219 0.000000 0.878006 0.000000 -0.478649 0.800000 0.800000 0.800000
4316.628906 0.000000 2768.770752 0.000000 0.947066 0.000000 0.321038 0.800000 0.800000 0.800000
4298.196289 0.000000 2765.211670 0.000000 0.120505 0.000000 -0.992713 0.800000 0.800000 0.800000
4288.165039 0.000000 2766.609863 0.000000 0.473798 0.000000 0.880634 0.800000 0.800000 0.800000
4301.002930 0.000000 2765.574463 0.000000 0.708401 0.000000 -0.705810 0.800000 0.800000 0.800000
4317.387695 0.000000 2771.185791 0.000000 0.442165 0.000000 -0.896934 0.800000 0.800000 0.800000
4302.793945 0.000000 2763.786133 0.000000 0.856075 0.000000 -0.516851 0.800000 0.800000 0.800000
4294.121094 0.000000 2767.535889 0.000000 0.958225 0.000000 0.286014 0.800000 0.800000 0.800000
4290.792969 0.000000 2782.279297 0.000000 0.669973 0.000000 0.742385 0.800000 0.800000 0.800000
4289.910156 0.000000 2754.213623 0.000000 0.996882 0.000000 0.078912 0.800000 0.800000 0.800000
4314.233887 0.000000 2767.915039 0.000000 0.999776 0.000000 0.021155 0.800000 0.800000 0.800000
4293.046875 0.000000 2764.696533 0.000000 0.994125 0.000000 -0.108239 0.800000 0.800000 0.800000
4307.775879 0.000000 2758.120361 0.000000 0.449505 0.000000 0.893278 0.800000 0.800000 0.800000
4289.856445 0.000000 2762.018311 0.000000 0.988592 0.000000 0.150615 0.800000 0.800000 0.800000
4306.343750 0.000000 2760.453613 0.000000 0.833846 0.000000 0.551997 0.800000 0.800000 0.800000
4296.943359 0.000000 2783.228271 0.000000 0.091407 0.000000 0.995814 0.800000 0.800000 0.800000
4290.690430 0.000000 2764.464844 0.000000 0.012460 0.000000 -0.999922 0.800000 0.800000 0.800000
4307.419434 0.000000 2762.523438 0.000000 0.634838 0.000000 0.772646 0.800000 0.800000 0.800000
4318.534180 0.000000 2767.646729 0.000000 0.975344 0.000000 -0.220689 0.800000 0.800000 0.800000
4319.541992 0.000000 2771.808350 0.000000 0.914401 0.000000 0.404809 0.800000 0.800000 0.800000
4319.150879 0.000000 2764.339600 0.000000 0.975960 0.000000 -0.217950 0.800000 0.800000 0.800000
4304.724609 0.000000 2764.526123 0.000000 0.381843 0.000000 -0.924227 0.800000 0.800000 0.800000
4315.875977 0.000000 2766.799561 0.000000 0.807350 0.000000 -0.590073 0.800000 0.800000 0.800000
4306.670898 0.000000 2764.294678 0.000000 0.556778 0.000000 -0.830661 0.800000 0.800000 0.800000
4301.844238 0.000000 2767.225098 0.000000 0.419554 0.000000 0.907731 0.800000 0.800000 0.800000
4288.099609 0.000000 2754.283447 0.000000 0.134460 0.000000 -0.990919 0.800000 0.800000 0.800000
4304.193848 0.000000 2756.557861 0.000000 0.374680 0.000000 0.927154 0.800000 0.800000 0.800000
4288.088867 0.000000 2762.001709 0.000000 0.800881 0.000000 0.598823 0.800000 0.800000 0.800000
4315.681152 0.000000 2771.062500 0.000000 0.065191 0.000000 0.997873 0.800000 0.800000 0.800000
4289.769531 0.000000 2765.905029 0.000000 0.957812 0.000000 -0.287395 0.829693 0.829693 0.829693
4290.411133 0.000000 2783.850586 0.000000 0.850280 0.000000 0.526331 0.800000 0.800000 0.800000
4318.020020 0.000000 2769.631104 0.000000 0.931952 0.000000 0.362582 0.800000 0.800000 0.800000
4306.383789 0.000000 2757.118652 0.000000 0.109054 0.000000 0.994036 0.800000 0.800000 0.800000
4315.190430 0.000000 2769.447021 0.000000 0.160391 0.000000 0.987054 0.800000 0.800000 0.800000
4294.004883 0.000000 2765.967285 0.000000 0.120771 0.000000 0.992680 0.800000 0.800000 0.800000
4319.019531 0.000000 2766.162109 0.000000 0.271849 0.000000 0.962340 0.800000 0.800000 0.800000
4299.789062 0.000000 2764.624512 0.000000 0.206628 0.000000 0.978420 0.800000 0.800000 0.800000
4302.538574 0.000000 2765.278564 0.000000 0.059383 0.000000 0.998235 0.800000 0.800000 0.800000
4295.472168 0.000000 2766.815430 0.000000 0.486734 0.000000 -0.873550 0.800000 0.800000 0.800000
4305.057617 0.000000 2767.137207 0.000000 0.420657 0.000000 -0.907220 0.800000 0.800000 0.800000
4299.394531 0.000000 2766.168945 0.000000 0.989319 0.000000 0.145767 0.800000 0.800000 0.800000
4306.576660 0.000000 2758.986572 0.000000 0.572438 0.000000 -0.819948 0.800000 0.800000 0.800000
4292.779297 0.000000 2766.761719 0.000000 0.573079 0.000000 -0.819500 0.800000 0.800000 0.800000
4297.299805 0.000000 2780.437500 0.000000 0.267692 0.000000 0.963505 0.800000 0.800000 0.800000
4301.304199 0.000000 2764.070801 0.000000 0.154334 0.000000 -0.988019 0.800000 0.800000 0.800000
4298.048340 0.000000 2767.299316 0.000000 0.996483 0.000000 -0.083800 0.800000 0.800000 0.800000
4319.543457 0.000000 2773.486084 0.000000 0.933061 0.000000 0.359719 0.800000 0.800000 0.800000
4305.093750 0.000000 2759.772949 0.000000 0.953749 0.000000 -0.300605 0.800000 0.800000 0.800000
4291.802734 0.000000 2765.460449 0.000000 0.726276 0.000000 0.687403 0.800000 0.800000 0.800000
4299.054688 0.000000 2762.131104 0.000000 0.998489 0.000000 0.054948 0.800000 0.800000 0.800000
4290.920898 0.000000 2763.072754 0.000000 0.000672 0.000000 1.000000 0.800000 0.800000 0.800000
4314.395996 0.000000 2771.837158 0.000000 0.636446 0.000000 -0.771321 0.800000 0.800000 0.800000
4317.190430 0.000000 2767.343750 0.000000 0.655427 0.000000 -0.755258 0.800000 0.800000 0.800000
4297.160645 0.000000 2781.869141 0.000000 0.303676 0.000000 0.952775 0.800000 0.800000 0.800000
4298.887695 0.000000 2763.594727 0.000000 0.704662 0.000000 -0.709543 0.800000 0.800000 0.800000
4318.244141 0.000000 2772.268799 0.000000 0.629821 0.000000 -0.776740 0.800000 0.800000 0.800000
4289.858887 0.000000 2767.321289 0.000000 0.548861 0.000000 0.835914 0.800000 0.800000 0.800000
4288.576172 0.000000 2765.288574 0.000000 0.550642 0.000000 -0.834742 0.900603 0.900603 0.900603
4294.478027 0.000000 2764.193604 0.000000 0.992637 0.000000 0.121125 0.800000 0.800000 0.800000
4307.382812 0.000000 2765.428955 0.000000 0.866506 0.000000 -0.499166 0.800000 0.800000 0.800000
4305.028809 0.000000 2761.145508 0.000000 0.657613 0.000000 -0.753356 0.800000 0.800000 0.800000
4306.159668 0.000000 2761.871094 0.000000 0.973676 0.000000 -0.227938 0.800000 0.800000 0.800000
4318.981934 0.000000 2770.557861 0.000000 0.579326 0.000000 -0.815096 0.800000 0.800000 0.800000
4289.641113 0.000000 2763.508301 0.000000 0.693642 0.000000 0.720320 0.800000 0.800000 0.800000
4289.005371 0.000000 2753.260254 0.000000 0.749167 0.000000 -0.662382 0.800000 0.800000 0.800000
4316.605469 0.000000 2770.131836 0.000000 0.771756 0.000000 -0.635919 0.800000 0.800000 0.800000
4291.878418 0.000000 2763.948730 0.000000 0.985329 0.000000 0.170665 0.800000 0.800000 0.800000
4320.987305 0.000000 2773.511475 0.000000 0.432059 0.000000 -0.901845 0.800000 0.800000 0.800000
4324.715332 0.000000 2775.164795 0.000000 0.577670 0.000000 0.816270 0.800000 0.800000 0.800000
4320.194824 0.000000 2769.812500 0.000000 0.601285 0.000000 0.799035 0.800000 0.800000 0.800000
4325.583008 0.000000 2772.467041 0.000000 0.468298 0.000000 0.883571 0.800000 0.800000 0.800000
4324.546387 0.000000 2777.718994 0.000000 0.342027 0.000000 -0.939690 0.800000 0.800000 0.800000
4323.308105 0.000000 2773.141846 0.000000 0.547319 0.000000 0.836924 0.800000 0.800000 0.800000
4321.485352 0.000000 2771.493896 0.000000 0.566331 0.000000 0.824178 0.800000 0.800000 0.800000
4322.549805 0.000000 2774.988525 0.000000 0.255232 0.000000 -0.966880 0.800000 0.800000 0.800000
4320.013672 0.000000 2775.041748 0.000000 0.899849 0.000000 -0.436201 0.800000 0.800000 0.800000
4323.132812 0.000000 2776.600098 0.000000 0.952753 0.000000 -0.303745 0.800000 0.800000 0.800000
4320.695801 0.000000 2768.138916 0.000000 0.806083 0.000000 0.591802 0.800000 0.800000 0.800000
4320.066895 0.000000 2772.123291 0.000000 0.999978 0.000000 -0.006678 0.800000 0.800000 0.800000
4324.715332 0.000000 2773.678467 0.000000 0.470692 0.000000 0.882298 0.800000 0.800000 0.800000
4321.651855 0.000000 2770.049805 0.000000 0.131645 0.000000 0.991297 0.800000 0.800000 0.800000
4321.274902 0.000000 2775.327637 0.000000 0.999676 0.000000 -0.025451 0.800000 0.800000 0.800000
4295.825195 0.000000 2784.071533 0.000000 0.909828 0.000000 0.414986 0.800000 0.800000 0.800000
4292.372559 0.000000 2787.959717 0.000000 0.076026 0.000000 0.997106 0.800000 0.800000 0.800000
4297.388672 0.000000 2788.416260 0.000000 0.897510 0.000000 0.440995 0.800000 0.800000 0.800000
4288.582520 0.000000 2784.014404 0.000000 0.227195 0.000000 -0.973849 0.800000 0.800000 0.800000
4291.864258 0.000000 2784.624512 0.000000 0.119203 0.000000 0.992870 0.800000 0.800000 0.800000
4294.954102 0.000000 2786.892090 0.000000 0.977520 0.000000 0.210841 0.800000 0.800000 0.800000
4294.988281 0.000000 2789.618164 0.000000 0.741009 0.000000 -0.671495 0.800000 0.800000 0.800000
4289.910156 0.000000 2786.213623 0.000000 0.986350 0.000000 -0.164664 0.800000 0.800000 0.800000
4297.231445 0.000000 2786.016357 0.000000 0.547497 0.000000 0.836807 0.800000 0.800000 0.800000
4293.978027 0.000000 2785.123779 0.000000 0.733583 0.000000 0.679600 0.800000 0.800000 0.800000
4297.716309 0.000000 2784.087891 0.000000 0.320378 0.000000 0.947290 0.800000 0.800000 0.800000
4288.099609 0.000000 2786.283447 0.000000 0.214676 0.000000 -0.976685 0.800000 0.800000 0.800000
4292.238770 0.000000 2789.706787 0.000000 0.979599 0.000000 -0.200963 0.800000 0.800000 0.800000
4292.650391 0.000000 2786.273438 0.000000 0.781149 0.000000 -0.624344 0.800000 0.800000 0.800000
4293.989258 0.000000 2788.228760 0.000000 0.801509 0.000000 -0.597983 0.800000 0.800000 0.800000
4290.095215 0.000000 2784.526367 0.000000 0.882555 0.000000 -0.470209 0.800000 0.800000 0.800000
4295.845215 0.000000 2788.212891 0.000000 0.906286 0.000000 -0.422665 0.800000 0.800000 0.800000
4291.146484 0.000000 2787.160889 0.000000 0.029775 0.000000 -0.999557 0.800000 0.800000 0.800000
4295.705078 0.000000 2785.487549 0.000000 0.367874 0.000000 0.929876 0.800000 0.800000 0.800000
4289.005371 0.000000 2785.260254 0.000000 0.296850 0.000000 0.954924 0.800000 0.800000 0.800000
4293.715820 0.000000 2789.962158 0.000000 0.876647 0.000000 0.481134 0.800000 0.800000 0.800000
4296.317383 0.000000 2786.921875 0.000000 0.756826 0.000000 0.653617 0.800000 0.800000 0.800000
4293.088867 0.000000 2784.176758 0.000000 0.056680 0.000000 0.998392 0.800000 0.800000 0.800000
4409.744629 0.000000 2782.195068 0.000000 0.650258 0.000000 0.759713 0.800000 0.800000 0.800000
4414.857910 0.000000 2782.204834 0.000000 0.708796 0.000000 -0.705413 0.879756 0.879756 0.879756
4412.365723 0.000000 2780.956299 0.000000 0.240812 0.000000 -0.970572 0.800000 0.800000 0.800000
4412.752441 0.000000 2783.208008 0.000000 0.118434 0.000000 0.992962 0.652092 0.652092 0.652092
4411.452148 0.000000 2782.250244 0.000000 0.601169 0.000000 -0.799122 0.894305 0.894305 0.894305
4413.937012 0.000000 2780.963867 0.000000 0.466561 0.000000 0.884489 0.800000 0.800000 0.800000
4415.886230 0.000000 2781.193604 0.000000 0.350472 0.000000 -0.936573 0.923527 0.923527 0.923527
4410.415527 0.000000 2783.482666 0.000000 0.439456 0.000000 0.898264 0.686345 0.686345 0.686345
4414.209473 0.000000 2783.337891 0.000000 0.894736 0.000000 -0.446595 0.847156 0.847156 0.847156
4413.574219 0.000000 2782.200928 0.000000 0.987097 0.000000 -0.160124 0.816381 0.816381 0.816381
4415.463379 0.000000 2783.586426 0.000000 0.108418 0.000000 -0.994105 0.948935 0.948935 0.948935
4411.612305 0.000000 2783.450684 0.000000 0.916454 0.000000 0.400140 0.758068 0.758068 0.758068
4374.988770 0.000000 2809.962891 0.000000 0.637754 0.000000 -0.770240 0.889556 0.889556 0.889556
4367.261719 0.000000 2811.264648 0.000000 0.610323 0.000000 0.792153 0.706867 0.706867 0.706867
4365.705078 0.000000 2815.897949 0.000000 0.712398 0.000000 -0.701776 0.800000 0.800000 0.800000
4374.640625 0.000000 2813.116699 0.000000 0.799926 0.000000 0.600098 0.800000 0.800000 0.800000
4373.311523 0.000000 2807.662354 0.000000 0.389788 0.000000 0.920904 0.800000 0.800000 0.800000
4365.086914 0.000000 2812.827637 0.000000 0.349727 0.000000 0.936852 0.676392 0.676392 0.676392
4372.506348 0.000000 2812.297363 0.000000 0.111460 0.000000 -0.993769 0.800000 0.800000 0.800000
4375.361816 0.000000 2806.729492 0.000000 0.127264 0.000000 0.991869 0.800000 0.800000 0.800000
4372.888672 0.000000 2809.684082 0.000000 0.999427 0.000000 0.033850 0.796551 0.796551 0.796551
4366.667480 0.000000 2814.092285 0.000000 0.949304 0.000000 -0.314361 0.800000 0.800000 0.800000
4374.019043 0.000000 2811.503418 0.000000 0.999554 0.000000 -0.029869 0.803043 0.803043 0.803043
4374.795898 0.000000 2808.256104 0.000000 0.949906 0.000000 -0.312537 0.832377 0.832377 0.832377
4365.342773 0.000000 2811.266113 0.000000 0.807178 0.000000 0.590308 0.735682 0.735682 0.735682
4373.174805 0.000000 2813.702393 0.000000 0.251750 0.000000 -0.967792 0.800000 0.800000 0.800000
4367.517578 0.000000 2812.790771 0.000000 0.999839 0.000000 -0.017932 0.801827 0.801827 0.801827
4373.855957 0.000000 2806.177979 0.000000 0.804292 0.000000 -0.594235 0.800000 0.800000 0.800000
4365.214844 0.000000 2814.393555 0.000000 0.749059 0.000000 0.662503 0.800000 0.800000 0.800000
4372.256348 0.000000 2810.963135 0.000000 0.090739 0.000000 0.995875 0.800000 0.800000 0.800000
4366.283691 0.000000 2812.206055 0.000000 0.830496 0.000000 -0.557025 0.860178 0.860178 0.860178
4375.783691 0.000000 2813.881836 0.000000 0.887928 0.000000 -0.459982 0.800000 0.800000 0.800000
4364.142090 0.000000 2810.657715 0.000000 0.956430 0.000000 -0.291962 0.830179 0.830179 0.830179
4374.069824 0.000000 2809.200928 0.000000 0.508787 0.000000 0.860892 0.694370 0.694370 0.694370
4372.538086 0.000000 2808.553955 0.000000 0.963656 0.000000 -0.267146 0.827546 0.827546 0.827546
4366.044922 0.000000 2813.220947 0.000000 0.358823 0.000000 -0.933406 0.922617 0.922617 0.922617
4375.007812 0.000000 2811.188965 0.000000 0.765717 0.000000 0.643177 0.728837 0.728837 0.728837
4375.690430 0.000000 2808.041016 0.000000 0.117267 0.000000 -0.993100 0.948028 0.948028 0.948028
4375.312012 0.000000 2809.104736 0.000000 0.796362 0.000000 -0.604820 0.866162 0.866162 0.866162
4373.860840 0.000000 2808.346436 0.000000 0.530654 0.000000 0.847589 0.696977 0.696977 0.696977
4396.227051 0.000000 2795.086914 0.000000 0.542019 0.000000 0.840366 0.698349 0.698349 0.698349
4390.732910 0.000000 2801.989014 0.000000 0.037263 0.000000 0.999305 0.800000 0.800000 0.800000
4414.046875 0.000000 2805.620605 0.000000 0.276094 0.000000 0.961131 0.668493 0.668493 0.668493
4415.730469 0.000000 2801.468262 0.000000 0.639921 0.000000 0.768441 0.800000 0.800000 0.800000
4397.525879 0.000000 2791.489746 0.000000 0.743779 0.000000 0.668426 0.725430 0.725430 0.725430
4415.983887 0.000000 2809.194336 0.000000 0.999502 0.000000 0.031551 0.800000 0.800000 0.800000
4394.452637 0.000000 2803.263672 0.000000 0.710191 0.000000 0.704009 0.800000 0.800000 0.800000
4412.628906 0.000000 2800.770752 0.000000 0.207162 0.000000 0.978307 0.800000 0.800000 0.800000
4394.603516 0.000000 2791.180908 0.000000 0.932184 0.000000 0.361985 0.800000 0.800000 0.800000
4392.730469 0.000000 2800.014893 0.000000 0.993454 0.000000 0.114230 0.788339 0.788339 0.788339
4413.387695 0.000000 2803.185791 0.000000 0.999874 0.000000 -0.015871 0.800000 0.800000 0.800000
4398.793945 0.000000 2795.786133 0.000000 0.987953 0.000000 -0.154753 0.800000 0.800000 0.800000
4395.893555 0.000000 2792.931152 0.000000 0.739614 0.000000 0.673032 0.800000 0.800000 0.800000
4397.948730 0.000000 2793.685547 0.000000 0.736330 0.000000 -0.676623 0.875698 0.875698 0.875698
4414.097168 0.000000 2808.304688 0.000000 0.858908 0.000000 -0.512129 0.800000 0.800000 0.800000
4415.541992 0.000000 2803.808350 0.000000 0.541182 0.000000 -0.840905 0.901753 0.901753 0.901753
4415.840820 0.000000 2807.206055 0.000000 0.996771 0.000000 0.080303 0.791812 0.791812 0.791812
4392.741699 0.000000 2802.063965 0.000000 0.060110 0.000000 0.998192 0.646126 0.646126 0.646126
4394.488281 0.000000 2801.351807 0.000000 0.818587 0.000000 0.574382 0.800000 0.800000 0.800000
4414.020020 0.000000 2801.631104 0.000000 0.531977 0.000000 -0.846759 0.800000 0.800000 0.800000
4412.509277 0.000000 2805.961182 0.000000 0.883377 0.000000 -0.468664 0.800000 0.800000 0.800000
4396.095703 0.000000 2790.644043 0.000000 0.295022 0.000000 0.955490 0.670505 0.670505 0.670505
4391.279785 0.000000 2800.535889 0.000000 0.921133 0.000000 -0.389247 0.800000 0.800000 0.800000
4398.538574 0.000000 2797.278564 0.000000 0.977221 0.000000 -0.212225 0.800000 0.800000 0.800000
4412.750977 0.000000 2804.538330 0.000000 0.194643 0.000000 -0.980874 0.800000 0.800000 0.800000
4415.543457 0.000000 2805.486084 0.000000 0.394098 0.000000 -0.919068 0.918738 0.918738 0.918738
4390.658691 0.000000 2803.520996 0.000000 0.915228 0.000000 -0.402936 0.800000 0.800000 0.800000
4414.486816 0.000000 2806.969482 0.000000 0.862622 0.000000 0.505849 0.745977 0.745977 0.745977
4414.244141 0.000000 2804.268799 0.000000 0.814152 0.000000 0.580652 0.736895 0.736895 0.736895
4414.981934 0.000000 2802.557861 0.000000 0.641145 0.000000 0.767420 0.710893 0.710893 0.710893
4412.605469 0.000000 2802.131836 0.000000 0.865086 0.000000 0.501623 0.800000 0.800000 0.800000
4393.382812 0.000000 2803.967529 0.000000 0.401090 0.000000 0.916039 0.682038 0.682038 0.682038
4397.082031 0.000000 2792.638916 0.000000 0.998415 0.000000 0.056286 0.794264 0.794264 0.794264
4396.748535 0.000000 2793.835205 0.000000 0.119758 0.000000 -0.992803 0.947772 0.947772 0.947772
4397.729004 0.000000 2794.915771 0.000000 0.453382 0.000000 0.891317 0.687930 0.687930 0.687930
4393.879395 0.000000 2802.285889 0.000000 0.626373 0.000000 0.779524 0.708948 0.708948 0.708948
4392.789551 0.000000 2803.118408 0.000000 0.131099 0.000000 0.991369 0.653392 0.653392 0.653392
4415.289551 0.000000 2806.419678 0.000000 0.820134 0.000000 0.572172 0.737952 0.737952 0.737952
4414.347656 0.000000 2803.293701 0.000000 0.623370 0.000000 0.781927 0.708556 0.708556 0.708556
4415.083984 0.000000 2804.665283 0.000000 0.427378 0.000000 -0.904073 0.915020 0.915020 0.915020
4417.307617 0.000000 2781.162842 0.000000 0.074869 0.000000 0.997193 0.800000 0.800000 0.800000
4416.987305 0.000000 2805.511475 0.000000 0.989103 0.000000 -0.147222 0.800000 0.800000 0.800000
4421.031250 0.000000 2791.261963 0.000000 0.814301 0.000000 0.580442 0.800000 0.800000 0.800000
4417.410156 0.000000 2808.737793 0.000000 0.876428 0.000000 -0.481532 0.800000 0.800000 0.800000
4416.165039 0.000000 2798.609863 0.000000 0.953750 0.000000 0.300601 0.768900 0.768900 0.768900
4417.485352 0.000000 2803.493896 0.000000 0.629977 0.000000 0.776614 0.800000 0.800000 0.800000
4421.728027 0.000000 2793.091797 0.000000 0.176074 0.000000 -0.984377 0.941971 0.941971 0.941971
4416.013672 0.000000 2807.041748 0.000000 0.992596 0.000000 0.121463 0.787597 0.787597 0.787597
4422.800293 0.000000 2791.549316 0.000000 0.922427 0.000000 0.386172 0.759615 0.759615 0.759615
4417.769531 0.000000 2797.905029 0.000000 0.952987 0.000000 -0.303011 0.800000 0.800000 0.800000
4416.043457 0.000000 2809.542969 0.000000 0.472825 0.000000 0.881157 0.800000 0.800000 0.800000
4416.066895 0.000000 2804.123291 0.000000 0.385033 0.000000 0.922903 0.800000 0.800000 0.800000
4420.270996 0.000000 2792.805420 0.000000 0.974732 0.000000 -0.223376 0.822946 0.822946 0.822946
4417.651855 0.000000 2802.049805 0.000000 0.441120 0.000000 0.897448 0.800000 0.800000 0.800000
4417.858887 0.000000 2799.321289 0.000000 0.942282 0.000000 -0.334820 0.834776 0.834776 0.834776
4416.576172 0.000000 2797.288574 0.000000 0.700411 0.000000 0.713739 0.800000 0.800000 0.800000
4417.274902 0.000000 2807.327637 0.000000 0.024475 0.000000 -0.999700 0.957507 0.957507 0.957507
4422.928223 0.000000 2793.527344 0.000000 0.625425 0.000000 -0.780284 0.891176 0.891176 0.891176
4423.649902 0.000000 2790.716797 0.000000 0.146135 0.000000 0.989265 0.654939 0.654939 0.654939
4417.929688 0.000000 2806.073242 0.000000 0.859943 0.000000 0.510389 0.745440 0.745440 0.745440
4423.849609 0.000000 2791.838379 0.000000 0.938726 0.000000 -0.344664 0.835842 0.835842 0.835842
4422.683105 0.000000 2792.563477 0.000000 0.635832 0.000000 -0.771827 0.889810 0.889810 0.889810
4416.793945 0.000000 2806.455811 0.000000 0.940471 0.000000 -0.339873 0.835323 0.835323 0.835323
4590.161133 0.000000 2772.472412 0.000000 0.953263 0.000000 -0.302142 0.800000 0.800000 0.800000
4591.460938 0.000000 2770.784424 0.000000 0.730829 0.000000 -0.682561 0.800000 0.800000 0.800000
4591.780273 0.000000 2772.291992 0.000000 0.996012 0.000000 -0.089221 0.800000 0.800000 0.800000
4601.374023 0.000000 2789.824219 0.000000 0.967172 0.000000 0.254124 0.800000 0.800000 0.800000
4600.785645 0.000000 2786.484375 0.000000 0.345498 0.000000 0.938419 0.800000 0.800000 0.800000
4599.553223 0.000000 2788.525635 0.000000 0.732406 0.000000 0.680868 0.800000 0.800000 0.800000
4598.643555 0.000000 2786.654785 0.000000 0.717841 0.000000 -0.696207 0.800000 0.800000 0.800000
4601.432129 0.000000 2788.026611 0.000000 0.757778 0.000000 0.652512 0.800000 0.800000 0.800000
4096.750488 0.000000 2919.931396 0.000000 0.549804 0.000000 -0.835294 0.900705 0.900705 0.900705
4102.732910 0.000000 2929.989014 0.000000 0.392503 0.000000 -0.919751 0.800000 0.800000 0.800000
4103.399414 0.000000 2925.211670 0.000000 0.118803 0.000000 -0.992918 0.800000 0.800000 0.800000
4101.031250 0.000000 2919.261963 0.000000 0.648356 0.000000 0.761337 0.800000 0.800000 0.800000
4101.583008 0.000000 2932.467041 0.000000 0.650312 0.000000 0.759667 0.800000 0.800000 0.800000
4106.196289 0.000000 2925.211670 0.000000 0.542355 0.000000 0.840149 0.698389 0.698389 0.698389
4105.796875 0.000000 2922.737061 0.000000 0.891813 0.000000 -0.452404 0.847819 0.847819 0.847819
4104.099121 0.000000 2932.056641 0.000000 0.993768 0.000000 0.111468 0.800000 0.800000 0.800000
4102.634766 0.000000 2922.760742 0.000000 0.504069 0.000000 -0.863663 0.800000 0.800000 0.800000
4098.969727 0.000000 2920.090576 0.000000 0.474987 0.000000 -0.879993 0.909585 0.909585 0.909585
4100.449707 0.000000 2928.799072 0.000000 0.659725 0.000000 0.751507 0.800000 0.800000 0.800000
4104.741699 0.000000 2930.063965 0.000000 0.467459 0.000000 -0.884015 0.910454 0.910454 0.910454
4101.728027 0.000000 2921.091797 0.000000 0.887657 0.000000 0.460505 0.800000 0.800000 0.800000
4096.085449 0.000000 2918.143555 0.000000 0.965928 0.000000 0.258810 0.773334 0.773334 0.773334
4102.976562 0.000000 2933.799316 0.000000 0.537287 0.000000 0.843399 0.697776 0.697776 0.697776
4104.255859 0.000000 2923.618652 0.000000 0.384364 0.000000 -0.923182 0.919815 0.919815 0.919815
4101.084473 0.000000 2930.439941 0.000000 0.743333 0.000000 -0.668921 0.800000 0.800000 0.800000
4102.004883 0.000000 2925.967285 0.000000 0.644936 0.000000 -0.764236 0.800000 0.800000 0.800000
4107.789062 0.000000 2924.624512 0.000000 0.340318 0.000000 0.940311 0.675371 0.675371 0.675371
4103.279785 0.000000 2928.535889 0.000000 0.523137 0.000000 0.852248 0.800000 0.800000 0.800000
4100.270996 0.000000 2920.805420 0.000000 0.139555 0.000000 0.990214 0.800000 0.800000 0.800000
4100.715332 0.000000 2933.678467 0.000000 0.952096 0.000000 0.305801 0.800000 0.800000 0.800000
4097.936035 0.000000 2919.123535 0.000000 0.969902 0.000000 -0.243494 0.825054 0.825054 0.825054
4102.658691 0.000000 2931.520996 0.000000 0.806050 0.000000 0.591847 0.735488 0.735488 0.735488
4107.054688 0.000000 2922.131104 0.000000 0.405219 0.000000 -0.914219 0.917502 0.917502 0.917502
4100.275879 0.000000 2931.835449 0.000000 0.393550 0.000000 0.919303 0.800000 0.800000 0.800000
4099.356934 0.000000 2918.773193 0.000000 0.675014 0.000000 -0.737804 0.884524 0.884524 0.884524
4104.767090 0.000000 2924.968506 0.000000 0.687479 0.000000 0.726204 0.717210 0.717210 0.717210
4106.887695 0.000000 2923.594727 0.000000 0.267770 0.000000 -0.963483 0.932388 0.932388 0.932388
4104.355957 0.000000 2922.226807 0.000000 0.486522 0.000000 0.873668 0.691755 0.691755 0.691755
4101.890625 0.000000 2928.854004 0.000000 0.596714 0.000000 0.802454 0.800000 0.800000 0.800000
4102.478027 0.000000 2924.193604 0.000000 0.984190 0.000000 -0.177117 0.800000 0.800000 0.800000
4099.125488 0.000000 2921.553711 0.000000 0.475832 0.000000 0.879536 0.690513 0.690513 0.690513
4097.788574 0.000000 2920.716064 0.000000 0.999818 0.000000 0.019081 0.798056 0.798056 0.798056
4105.382812 0.000000 2931.967529 0.000000 0.936976 0.000000 0.349393 0.763644 0.763644 0.763644
4105.733887 0.000000 2924.044434 0.000000 0.940291 0.000000 0.340372 0.764623 0.764623 0.764623
4103.733398 0.000000 2930.870361 0.000000 0.270403 0.000000 0.962747 0.667890 0.667890 0.667890
4105.879395 0.000000 2930.285889 0.000000 0.178258 0.000000 -0.983984 0.941745 0.941745 0.941745
4096.136230 0.000000 2920.893555 0.000000 0.340491 0.000000 -0.940248 0.924610 0.924610 0.924610
4104.789551 0.000000 2931.118408 0.000000 0.898284 0.000000 0.439416 0.753659 0.753659 0.753659
4096.953125 0.000000 2921.472656 0.000000 0.803608 0.000000 0.595158 0.735069 0.735069 0.735069
4102.033203 0.000000 2930.769287 0.000000 0.986123 0.000000 -0.166017 0.816989 0.816989 0.816989
4107.088379 0.000000 2925.313721 0.000000 0.967042 0.000000 -0.254618 0.826224 0.826224 0.826224
4280.140625 0.000000 2858.975586 0.000000 0.875888 0.000000 -0.482514 0.851288 0.851288 0.851288
4281.993164 0.000000 2866.484131 0.000000 0.989481 0.000000 -0.144664 0.814787 0.814787 0.814787
4285.500488 0.000000 2861.729248 0.000000 0.732819 0.000000 0.680424 0.723775 0.723775 0.723775
4281.744629 0.000000 2878.195068 0.000000 0.974702 0.000000 -0.223510 0.800000 0.800000 0.800000
4287.730469 0.000000 2865.468262 0.000000 0.514841 0.000000 -0.857286 0.800000 0.800000 0.800000
4278.365723 0.000000 2868.740479 0.000000 0.810087 0.000000 0.586310 0.800000 0.800000 0.800000
4279.549805 0.000000 2863.383057 0.000000 0.187934 0.000000 0.982182 0.800000 0.800000 0.800000
4283.725098 0.000000 2858.650391 0.000000 0.864908 0.000000 -0.501930 0.800000 0.800000 0.800000
4282.269043 0.000000 2861.509033 0.000000 0.581950 0.000000 -0.813225 0.896733 0.896733 0.896733
4284.628906 0.000000 2864.770752 0.000000 0.999999 0.000000 -0.001667 0.800170 0.800170 0.800170
4286.498535 0.000000 2858.052246 0.000000 0.700831 0.000000 0.713327 0.719100 0.719100 0.719100
4282.233887 0.000000 2863.915039 0.000000 0.846132 0.000000 0.532973 0.742744 0.742744 0.742744
4278.856934 0.000000 2861.007080 0.000000 0.975714 0.000000 0.219046 0.800000 0.800000 0.800000
4280.868164 0.000000 2868.541504 0.000000 0.188509 0.000000 0.982071 0.659317 0.659317 0.659317
4279.577637 0.000000 2879.219971 0.000000 0.773984 0.000000 0.633205 0.730157 0.730157 0.730157
4286.534180 0.000000 2863.646729 0.000000 0.934626 0.000000 -0.355633 0.800000 0.800000 0.800000
4287.150879 0.000000 2860.339600 0.000000 0.774472 0.000000 0.632608 0.730235 0.730235 0.730235
4280.093750 0.000000 2865.496338 0.000000 0.879982 0.000000 -0.475008 0.850418 0.850418 0.850418
4283.875977 0.000000 2862.799561 0.000000 0.378362 0.000000 -0.925658 0.920476 0.920476 0.920476
4284.030762 0.000000 2860.534424 0.000000 0.531484 0.000000 -0.847068 0.902923 0.902923 0.902923
4279.403809 0.000000 2867.236084 0.000000 0.999315 0.000000 0.037019 0.800000 0.800000 0.800000
4281.928711 0.000000 2859.692139 0.000000 0.771824 0.000000 0.635836 0.729810 0.729810 0.729810
4280.532715 0.000000 2861.734131 0.000000 0.654073 0.000000 -0.756432 0.887379 0.887379 0.887379
4285.515625 0.000000 2859.513184 0.000000 0.231729 0.000000 -0.972780 0.800000 0.800000 0.800000
4283.681152 0.000000 2867.062500 0.000000 0.920167 0.000000 -0.391527 0.800000 0.800000 0.800000
4286.020020 0.000000 2865.631104 0.000000 0.148627 0.000000 0.988893 0.800000 0.800000 0.800000
4283.190430 0.000000 2865.447021 0.000000 0.144841 0.000000 0.989455 0.654805 0.654805 0.654805
4287.019531 0.000000 2862.162109 0.000000 0.022345 0.000000 -0.999750 0.800000 0.800000 0.800000
4280.767090 0.000000 2864.208496 0.000000 0.099144 0.000000 0.995073 0.650115 0.650115 0.650115
4278.787598 0.000000 2859.523682 0.000000 0.452184 0.000000 -0.891924 0.800000 0.800000 0.800000
4280.669922 0.000000 2860.330322 0.000000 0.991370 0.000000 -0.131095 0.813392 0.813392 0.813392
4282.395996 0.000000 2867.837158 0.000000 0.541587 0.000000 0.840645 0.800000 0.800000 0.800000
4285.190430 0.000000 2863.343750 0.000000 0.535108 0.000000 0.844783 0.697513 0.697513 0.697513
4281.286133 0.000000 2862.891602 0.000000 0.187830 0.000000 0.982201 0.659247 0.659247 0.659247
4280.734375 0.000000 2867.037598 0.000000 0.983260 0.000000 0.182207 0.781336 0.781336 0.781336
4278.524414 0.000000 2862.308350 0.000000 0.338609 0.000000 0.940927 0.800000 0.800000 0.800000
4279.594727 0.000000 2869.220947 0.000000 0.553526 0.000000 0.832832 0.800000 0.800000 0.800000
4281.734863 0.000000 2865.158447 0.000000 0.995925 0.000000 0.090181 0.790802 0.790802 0.790802
4285.210449 0.000000 2858.229248 0.000000 0.338798 0.000000 0.940859 0.800000 0.800000 0.800000
4287.338379 0.000000 2859.040771 0.000000 0.015889 0.000000 -0.999874 0.958381 0.958381 0.958381
4283.469238 0.000000 2864.166260 0.000000 0.925505 0.000000 -0.378734 0.839565 0.839565 0.839565
4278.637207 0.000000 2878.326172 0.000000 0.617620 0.000000 -0.786477 0.892191 0.892191 0.892191
4282.597656 0.000000 2862.780762 0.000000 0.593994 0.000000 -0.804469 0.895216 0.895216 0.895216
4283.559082 0.000000 2861.658203 0.000000 0.895721 0.000000 0.444616 0.753069 0.753069 0.753069
4285.761230 0.000000 2864.485596 0.000000 0.920267 0.000000 0.391292 0.759049 0.759049 0.759049
4285.898438 0.000000 2860.639648 0.000000 0.463664 0.000000 -0.886011 0.910891 0.910891 0.910891
4281.025391 0.000000 2866.026611 0.000000 0.999786 0.000000 -0.020674 0.802106 0.802106 0.802106
4281.355957 0.000000 2858.815186 0.000000 0.829590 0.000000 -0.558372 0.860344 0.860344 0.860344
4287.637207 0.000000 2861.264160 0.000000 0.632579 0.000000 -0.774496 0.890239 0.890239 0.890239
4281.668945 0.000000 2860.686768 0.000000 0.999374 0.000000 -0.035379 0.803605 0.803605 0.803605
4284.524414 0.000000 2861.983887 0.000000 0.720308 0.000000 -0.693655 0.878080 0.878080 0.878080
4283.020020 0.000000 2860.805908 0.000000 0.274326 0.000000 -0.961637 0.931695 0.931695 0.931695
4284.971680 0.000000 2860.346436 0.000000 0.010800 0.000000 -0.999942 0.958900 0.958900 0.958900
4284.317871 0.000000 2863.724854 0.000000 0.376010 0.000000 0.926616 0.679265 0.679265 0.679265
4283.528809 0.000000 2880.375977 0.000000 0.830347 0.000000 -0.557246 0.800000 0.800000 0.800000
4285.641113 0.000000 2887.481201 0.000000 0.437290 0.000000 0.899321 0.686100 0.686100 0.686100
4281.374023 0.000000 2885.824219 0.000000 0.498801 0.000000 0.866716 0.800000 0.800000 0.800000
4278.344727 0.000000 2880.282715 0.000000 0.966050 0.000000 0.258354 0.773382 0.773382 0.773382
4280.785645 0.000000 2882.484375 0.000000 0.579815 0.000000 0.814748 0.703000 0.703000 0.703000
4282.952148 0.000000 2888.046631 0.000000 0.984493 0.000000 -0.175422 0.800000 0.800000 0.800000
4283.257324 0.000000 2883.640137 0.000000 0.350184 0.000000 -0.936681 0.923558 0.923558 0.923558
4284.065918 0.000000 2885.843994 0.000000 0.619542 0.000000 0.784963 0.708058 0.708058 0.708058
4281.199219 0.000000 2880.287109 0.000000 0.327404 0.000000 0.944884 0.673976 0.673976 0.673976
4278.643555 0.000000 2882.654785 0.000000 0.219759 0.000000 0.975554 0.800000 0.800000 0.800000
4287.358887 0.000000 2888.318359 0.000000 0.465981 0.000000 0.884795 0.800000 0.800000 0.800000
4282.506836 0.000000 2881.893066 0.000000 0.985303 0.000000 0.170816 0.800000 0.800000 0.800000
4284.641602 0.000000 2889.057373 0.000000 0.845937 0.000000 -0.533283 0.857293 0.857293 0.857293
4285.640137 0.000000 2885.107666 0.000000 0.307341 0.000000 -0.951599 0.928179 0.928179 0.928179
4281.432129 0.000000 2884.026611 0.000000 0.880287 0.000000 -0.474441 0.800000 0.800000 0.800000
4279.774902 0.000000 2881.188232 0.000000 0.601355 0.000000 0.798982 0.705719 0.705719 0.705719
4282.720703 0.000000 2885.085205 0.000000 0.968480 0.000000 0.249091 0.774358 0.774358 0.774358
4282.654785 0.000000 2886.568604 0.000000 0.886356 0.000000 -0.463004 0.800000 0.800000 0.800000
4284.630859 0.000000 2883.099609 0.000000 0.779028 0.000000 0.626990 0.800000 0.800000 0.800000
4284.213379 0.000000 2887.288330 0.000000 0.843630 0.000000 0.536924 0.742268 0.742268 0.742268
4286.946777 0.000000 2887.013428 0.000000 0.995478 0.000000 0.094987 0.800000 0.800000 0.800000
4284.323730 0.000000 2884.493408 0.000000 0.660800 0.000000 -0.750562 0.886470 0.886470 0.886470
4283.308105 0.000000 2889.406738 0.000000 0.681074 0.000000 -0.732215 0.800000 0.800000 0.800000
4283.851074 0.000000 2881.918701 0.000000 0.999975 0.000000 0.007091 0.800000 0.800000 0.800000
4285.917480 0.000000 2888.814697 0.000000 0.448931 0.000000 -0.893567 0.912578 0.912578 0.912578
4285.316895 0.000000 2886.328369 0.000000 0.234319 0.000000 0.972160 0.664092 0.664092 0.664092
4282.100586 0.000000 2883.039795 0.000000 0.749914 0.000000 -0.661536 0.873630 0.873630 0.873630
4279.989746 0.000000 2880.038818 0.000000 0.981869 0.000000 -0.189562 0.819426 0.819426 0.819426
4281.390625 0.000000 2881.411621 0.000000 0.857652 0.000000 -0.514231 0.855015 0.855015 0.855015
4278.704102 0.000000 2881.313477 0.000000 0.866667 0.000000 -0.498888 0.853203 0.853203 0.853203
4285.313477 0.000000 2884.109619 0.000000 0.016955 0.000000 -0.999856 0.958273 0.958273 0.958273
4283.144043 0.000000 2882.672119 0.000000 0.525553 0.000000 -0.850761 0.903635 0.903635 0.903635
4284.929199 0.000000 2888.118652 0.000000 0.432508 0.000000 0.901630 0.685559 0.685559 0.685559
4282.361816 0.000000 2884.212402 0.000000 0.016478 0.000000 -0.999864 0.958322 0.958322 0.958322
4284.284180 0.000000 2889.925293 0.000000 0.694441 0.000000 0.719549 0.718192 0.718192 0.718192
4287.730469 0.000000 2929.468262 0.000000 0.554454 0.000000 -0.832215 0.800000 0.800000 0.800000
4286.169434 0.000000 2915.512451 0.000000 0.274485 0.000000 0.961591 0.800000 0.800000 0.800000
4286.978516 0.000000 2912.691162 0.000000 0.967854 0.000000 -0.251512 0.800000 0.800000 0.800000
4285.387695 0.000000 2931.185791 0.000000 0.372316 0.000000 0.928106 0.678860 0.678860 0.678860
4287.541992 0.000000 2931.808350 0.000000 0.251080 0.000000 -0.967966 0.934148 0.934148 0.934148
4286.020020 0.000000 2929.631104 0.000000 0.883934 0.000000 0.467611 0.800000 0.800000 0.800000
4284.509277 0.000000 2933.961182 0.000000 0.359570 0.000000 -0.933118 0.922535 0.922535 0.922535
4287.477051 0.000000 2914.709717 0.000000 0.561647 0.000000 -0.827377 0.800000 0.800000 0.800000
4284.750977 0.000000 2932.538330 0.000000 0.980752 0.000000 -0.195258 0.820017 0.820017 0.820017
4286.981934 0.000000 2930.557861 0.000000 0.534683 0.000000 -0.845052 0.902538 0.902538 0.902538
4284.605469 0.000000 2930.131836 0.000000 0.772218 0.000000 -0.635358 0.870127 0.870127 0.870127
4286.347656 0.000000 2931.293701 0.000000 0.162538 0.000000 -0.986702 0.943370 0.943370 0.943370
4296.025879 0.000000 2888.900635 0.000000 0.992076 0.000000 -0.125640 0.800000 0.800000 0.800000
4295.004883 0.000000 2906.616211 0.000000 0.962725 0.000000 0.270483 0.772101 0.772101 0.772101
4295.399414 0.000000 2893.211670 0.000000 0.667021 0.000000 -0.745039 0.800000 0.800000 0.800000
4292.223145 0.000000 2890.437012 0.000000 0.867907 0.000000 0.496726 0.800000 0.800000 0.800000
4298.603516 0.000000 2887.180908 0.000000 0.971905 0.000000 0.235373 0.800000 0.800000 0.800000
4298.196289 0.000000 2893.211670 0.000000 0.995856 0.000000 0.090948 0.800000 0.800000 0.800000
4297.595215 0.000000 2906.996582 0.000000 0.416015 0.000000 0.909358 0.683704 0.683704 0.683704
4295.940430 0.000000 2909.032715 0.000000 0.684783 0.000000 0.728747 0.716833 0.716833 0.716833
4297.796875 0.000000 2890.737061 0.000000 0.485068 0.000000 0.874476 0.800000 0.800000 0.800000
4296.606934 0.000000 2904.800537 0.000000 0.263526 0.000000 -0.964652 0.800000 0.800000 0.800000
4294.634766 0.000000 2890.760742 0.000000 0.735888 0.000000 -0.677104 0.875765 0.875765 0.875765
4293.052734 0.000000 2907.980469 0.000000 0.254848 0.000000 0.966981 0.800000 0.800000 0.800000
4299.893555 0.000000 2888.931152 0.000000 0.189791 0.000000 0.981825 0.659450 0.659450 0.659450
4296.813477 0.000000 2886.346436 0.000000 0.404010 0.000000 -0.914754 0.800000 0.800000 0.800000
4297.841797 0.000000 2888.814941 0.000000 0.411103 0.000000 0.911589 0.800000 0.800000 0.800000
4296.255859 0.000000 2891.618652 0.000000 0.989449 0.000000 -0.144884 0.800000 0.800000 0.800000
4292.206543 0.000000 2909.353027 0.000000 0.931009 0.000000 -0.364997 0.800000 0.800000 0.800000
4294.037109 0.000000 2905.124512 0.000000 0.410492 0.000000 -0.911864 0.916914 0.916914 0.916914
4294.004883 0.000000 2893.967285 0.000000 0.484741 0.000000 0.874658 0.800000 0.800000 0.800000
4294.683105 0.000000 2908.139160 0.000000 0.843553 0.000000 -0.537046 0.857747 0.857747 0.857747
4299.789062 0.000000 2892.624512 0.000000 0.434771 0.000000 0.900541 0.800000 0.800000 0.800000
4297.941406 0.000000 2905.449951 0.000000 0.381200 0.000000 -0.924493 0.800000 0.800000 0.800000
4297.299805 0.000000 2908.437500 0.000000 0.783991 0.000000 -0.620772 0.800000 0.800000 0.800000
4296.132812 0.000000 2907.540771 0.000000 0.760194 0.000000 -0.649696 0.872033 0.872033 0.872033
4299.054688 0.000000 2890.131104 0.000000 0.132080 0.000000 -0.991239 0.946507 0.946507 0.946507
4296.767090 0.000000 2892.968506 0.000000 0.297792 0.000000 -0.954631 0.929200 0.929200 0.929200
4297.160645 0.000000 2909.869141 0.000000 0.362482 0.000000 0.931991 0.800000 0.800000 0.800000
4298.887695 0.000000 2891.594727 0.000000 0.328527 0.000000 -0.944495 0.925903 0.925903 0.925903
4293.317383 0.000000 2891.345459 0.000000 0.994198 0.000000 0.107565 0.800000 0.800000 0.800000
4296.355957 0.000000 2890.226807 0.000000 0.665141 0.000000 -0.746717 0.800000 0.800000 0.800000
4294.478027 0.000000 2892.193604 0.000000 0.267823 0.000000 -0.963468 0.800000 0.800000 0.800000
4296.487793 0.000000 2906.216064 0.000000 0.335071 0.000000 0.942193 0.674803 0.674803 0.674803
4297.021973 0.000000 2887.747803 0.000000 0.066672 0.000000 0.997775 0.800000 0.800000 0.800000
4294.909180 0.000000 2909.996338 0.000000 0.950962 0.000000 -0.309308 0.832031 0.832031 0.832031
4293.501953 0.000000 2906.658447 0.000000 0.947876 0.000000 0.318640 0.800000 0.800000 0.800000
4295.284180 0.000000 2904.928223 0.000000 0.743460 0.000000 0.668780 0.725381 0.725381 0.725381
4297.733887 0.000000 2892.044434 0.000000 0.507281 0.000000 -0.861781 0.905808 0.905808 0.905808
4298.901367 0.000000 2888.286621 0.000000 0.668429 0.000000 -0.743776 0.885430 0.885430 0.885430
4296.052734 0.000000 2893.964111 0.000000 0.992388 0.000000 0.123148 0.787424 0.787424 0.787424
4294.285645 0.000000 2907.257568 0.000000 0.690320 0.000000 0.723504 0.717610 0.717610 0.717610
4295.584473 0.000000 2905.840088 0.000000 0.384491 0.000000 -0.923129 0.919801 0.919801 0.919801
4298.675781 0.000000 2889.245117 0.000000 0.994125 0.000000 0.108238 0.788953 0.788953 0.788953
4294.281250 0.000000 2906.013428 0.000000 0.999729 0.000000 -0.023282 0.802372 0.802372 0.802372
4288.582520 0.000000 2912.014404 0.000000 0.871615 0.000000 -0.490191 0.852183 0.852183 0.852183
4288.194824 0.000000 2929.812500 0.000000 0.324606 0.000000 -0.945849 0.800000 0.800000 0.800000
4291.864258 0.000000 2912.624512 0.000000 0.587574 0.000000 0.809170 0.703973 0.703973 0.703973
4289.910156 0.000000 2914.213623 0.000000 0.442755 0.000000 -0.896643 0.913280 0.913280 0.913280
4289.485352 0.000000 2931.493896 0.000000 0.026779 0.000000 -0.999641 0.957272 0.957272 0.957272
4293.978027 0.000000 2913.123779 0.000000 0.222106 0.000000 0.975023 0.800000 0.800000 0.800000
4288.099609 0.000000 2914.283447 0.000000 0.024322 0.000000 -0.999704 0.957522 0.957522 0.957522
4290.095215 0.000000 2912.526367 0.000000 0.360220 0.000000 -0.932867 0.922464 0.922464 0.922464
4288.695801 0.000000 2928.138916 0.000000 0.120912 0.000000 0.992663 0.800000 0.800000 0.800000
4291.146484 0.000000 2915.160889 0.000000 0.886892 0.000000 -0.461977 0.800000 0.800000 0.800000
4289.651855 0.000000 2930.049805 0.000000 0.393413 0.000000 -0.919362 0.918814 0.918814 0.918814
4289.005371 0.000000 2913.260254 0.000000 0.920900 0.000000 -0.389798 0.840786 0.840786 0.840786
4293.088867 0.000000 2912.176758 0.000000 0.997349 0.000000 -0.072765 0.800000 0.800000 0.800000
4291.413574 0.000000 2913.888672 0.000000 0.819743 0.000000 0.572732 0.737883 0.737883 0.737883
4288.414551 0.000000 2931.000488 0.000000 0.061007 0.000000 -0.998137 0.953782 0.953782 0.953782
4291.295410 0.000000 2958.797363 0.000000 0.621082 0.000000 -0.783746 0.800000 0.800000 0.800000
4295.399414 0.000000 2957.211670 0.000000 0.999480 0.000000 -0.032253 0.800000 0.800000 0.800000
4292.223145 0.000000 2954.437012 0.000000 0.576011 0.000000 -0.817442 0.897475 0.897475 0.897475
4293.031250 0.000000 2951.261963 0.000000 0.986157 0.000000 -0.165816 0.800000 0.800000 0.800000
4294.121094 0.000000 2959.535889 0.000000 0.957595 0.000000 0.288118 0.800000 0.800000 0.800000
4293.046875 0.000000 2956.696533 0.000000 0.336325 0.000000 -0.941746 0.925061 0.925061 0.925061
4294.634766 0.000000 2954.760742 0.000000 0.948193 0.000000 0.317696 0.767069 0.767069 0.767069
4290.690430 0.000000 2956.464844 0.000000 0.998024 0.000000 -0.062840 0.800000 0.800000 0.800000
4290.969727 0.000000 2952.090576 0.000000 0.445161 0.000000 -0.895451 0.800000 0.800000 0.800000
4292.449707 0.000000 2960.799072 0.000000 0.772555 0.000000 -0.634948 0.800000 0.800000 0.800000
4293.728027 0.000000 2953.091797 0.000000 0.813230 0.000000 0.581943 0.736734 0.736734 0.736734
4294.004883 0.000000 2957.967285 0.000000 0.991634 0.000000 -0.129078 0.800000 0.800000 0.800000
4295.472168 0.000000 2958.815430 0.000000 0.949231 0.000000 0.314580 0.800000 0.800000 0.800000
4292.270996 0.000000 2952.805420 0.000000 0.997218 0.000000 0.074547 0.792400 0.792400 0.792400
4292.779297 0.000000 2958.761719 0.000000 0.412375 0.000000 -0.911014 0.916704 0.916704 0.916704
4291.802734 0.000000 2957.460449 0.000000 0.645124 0.000000 -0.764078 0.800000 0.800000 0.800000
4290.920898 0.000000 2955.072754 0.000000 0.168420 0.000000 -0.985715 0.800000 0.800000 0.800000
4291.356934 0.000000 2950.773193 0.000000 0.946499 0.000000 -0.322706 0.800000 0.800000 0.800000
4293.317383 0.000000 2955.345459 0.000000 0.667232 0.000000 0.744850 0.714407 0.714407 0.714407
4293.890625 0.000000 2960.854004 0.000000 0.980045 0.000000 -0.198775 0.800000 0.800000 0.800000
4294.478027 0.000000 2956.193604 0.000000 0.866788 0.000000 -0.498677 0.800000 0.800000 0.800000
4291.125488 0.000000 2953.553711 0.000000 0.982426 0.000000 0.186651 0.800000 0.800000 0.800000
4291.878418 0.000000 2955.948730 0.000000 0.977965 0.000000 -0.208771 0.800000 0.800000 0.800000
4293.283691 0.000000 2954.150391 0.000000 0.493053 0.000000 -0.869999 0.907482 0.907482 0.907482
4293.017578 0.000000 2959.820557 0.000000 0.811019 0.000000 0.585020 0.736348 0.736348 0.736348
4292.772949 0.000000 2957.647705 0.000000 0.274151 0.000000 -0.961687 0.931713 0.931713 0.931713
4293.993164 0.000000 2956.966064 0.000000 0.999603 0.000000 0.028176 0.797130 0.797130 0.797130
4292.129395 0.000000 2959.401611 0.000000 0.475723 0.000000 -0.879595 0.909500 0.909500 0.909500
4330.484375 0.000000 2973.530273 0.000000 0.942422 0.000000 0.334425 0.765267 0.765267 0.765267
4338.604980 0.000000 2966.964844 0.000000 0.159175 0.000000 -0.987250 0.800000 0.800000 0.800000
4335.261719 0.000000 2971.264648 0.000000 0.963478 0.000000 0.267789 0.800000 0.800000 0.800000
4342.365723 0.000000 2964.740479 0.000000 0.059430 0.000000 0.998232 0.800000 0.800000 0.800000
4337.490723 0.000000 2963.378906 0.000000 0.773964 0.000000 0.633230 0.800000 0.800000 0.800000
4333.086914 0.000000 2972.827637 0.000000 0.902467 0.000000 0.430760 0.754639 0.754639 0.754639
4340.021973 0.000000 2963.723633 0.000000 0.045640 0.000000 -0.998958 0.800000 0.800000 0.800000
4336.394531 0.000000 2965.639893 0.000000 0.717863 0.000000 0.696184 0.800000 0.800000 0.800000
4328.943359 0.000000 2975.228271 0.000000 0.074099 0.000000 -0.997251 0.952445 0.952445 0.952445
4333.745117 0.000000 2969.721191 0.000000 0.957140 0.000000 0.289627 0.800000 0.800000 0.800000
4340.409180 0.000000 2965.745361 0.000000 0.932775 0.000000 0.360459 0.762438 0.762438 0.762438
4331.904785 0.000000 2975.021973 0.000000 0.994752 0.000000 -0.102311 0.810440 0.810440 0.810440
4338.598145 0.000000 2964.992676 0.000000 0.834153 0.000000 -0.551533 0.800000 0.800000 0.800000
4336.729980 0.000000 2967.479980 0.000000 0.281948 0.000000 -0.959430 0.800000 0.800000 0.800000
4343.403809 0.000000 2963.236084 0.000000 0.184886 0.000000 0.982760 0.800000 0.800000 0.800000
4338.942871 0.000000 2962.206787 0.000000 0.699163 0.000000 0.714963 0.800000 0.800000 0.800000
4340.500488 0.000000 2961.786865 0.000000 0.848230 0.000000 -0.529628 0.800000 0.800000 0.800000
4333.342773 0.000000 2971.266113 0.000000 0.551737 0.000000 -0.834018 0.900469 0.900469 0.900469
4341.537109 0.000000 2963.403809 0.000000 0.999924 0.000000 -0.012295 0.800000 0.800000 0.800000
4335.517578 0.000000 2972.790771 0.000000 0.271211 0.000000 -0.962520 0.800000 0.800000 0.800000
4335.311523 0.000000 2969.578857 0.000000 0.665434 0.000000 -0.746456 0.800000 0.800000 0.800000
4329.299805 0.000000 2972.437500 0.000000 0.925925 0.000000 -0.377708 0.800000 0.800000 0.800000
4336.758301 0.000000 2962.150146 0.000000 0.986638 0.000000 0.162925 0.800000 0.800000 0.800000
4331.888184 0.000000 2973.594971 0.000000 0.691155 0.000000 0.722706 0.717727 0.717727 0.717727
4329.160645 0.000000 2973.869141 0.000000 0.594776 0.000000 0.803891 0.800000 0.800000 0.800000
4330.385254 0.000000 2974.940186 0.000000 0.641552 0.000000 0.767079 0.710947 0.710947 0.710947
4339.919922 0.000000 2967.450195 0.000000 0.660371 0.000000 0.750939 0.800000 0.800000 0.800000
4343.594727 0.000000 2965.220947 0.000000 0.791360 0.000000 0.611350 0.800000 0.800000 0.800000
4334.283691 0.000000 2972.206055 0.000000 0.706893 0.000000 0.707320 0.800000 0.800000 0.800000
4332.142090 0.000000 2970.657715 0.000000 0.970101 0.000000 0.242701 0.775029 0.775029 0.775029
4341.007812 0.000000 2964.577393 0.000000 0.916802 0.000000 0.399343 0.758156 0.758156 0.758156
4331.131836 0.000000 2975.998535 0.000000 0.424235 0.000000 -0.905552 0.915374 0.915374 0.915374
4330.426758 0.000000 2972.391846 0.000000 0.513441 0.000000 0.858125 0.694921 0.694921 0.694921
4332.471680 0.000000 2971.883057 0.000000 0.992127 0.000000 -0.125233 0.812790 0.812790 0.812790
4331.120117 0.000000 2974.306641 0.000000 0.981751 0.000000 -0.190172 0.819489 0.819489 0.819489
4341.608887 0.000000 2965.290283 0.000000 0.810642 0.000000 0.585542 0.736282 0.736282 0.736282
4332.886230 0.000000 2970.089844 0.000000 0.038952 0.000000 0.999241 0.643969 0.643969 0.643969
4313.744629 0.000000 3006.195068 0.000000 0.663733 0.000000 -0.747970 0.886071 0.886071 0.886071
4315.452148 0.000000 3006.250244 0.000000 0.926051 0.000000 0.377399 0.800000 0.800000 0.800000
4314.415527 0.000000 3007.482666 0.000000 0.995644 0.000000 -0.093234 0.800000 0.800000 0.800000
4312.884277 0.000000 3007.325195 0.000000 0.488218 0.000000 -0.872721 0.908047 0.908047 0.908047
4312.659668 0.000000 3006.360840 0.000000 0.997989 0.000000 -0.063382 0.806460 0.806460 0.806460
4344.140625 0.000000 2986.975586 0.000000 0.985314 0.000000 0.170755 0.782521 0.782521 0.782521
4347.528809 0.000000 2976.375977 0.000000 0.986782 0.000000 -0.162051 0.800000 0.800000 0.800000
4349.641113 0.000000 2983.481201 0.000000 0.613095 0.000000 0.790010 0.707224 0.707224 0.707224
4339.564941 0.000000 2992.439941 0.000000 0.609737 0.000000 0.792604 0.706792 0.706792 0.706792
4345.374023 0.000000 2981.824219 0.000000 0.990232 0.000000 -0.139430 0.800000 0.800000 0.800000
4335.626953 0.000000 2990.601074 0.000000 0.254248 0.000000 0.967139 0.666185 0.666185 0.666185
4340.550293 0.000000 2988.627441 0.000000 0.915207 0.000000 -0.402983 0.800000 0.800000 0.800000
4347.725098 0.000000 2986.650391 0.000000 0.749656 0.000000 -0.661827 0.800000 0.800000 0.800000
4344.785645 0.000000 2978.484375 0.000000 0.263153 0.000000 0.964754 0.800000 0.800000 0.800000
4334.090332 0.000000 2993.265625 0.000000 0.890636 0.000000 -0.454717 0.800000 0.800000 0.800000
4343.672852 0.000000 2984.133545 0.000000 0.105373 0.000000 0.994433 0.650753 0.650753 0.650753
4346.952148 0.000000 2984.046631 0.000000 0.674246 0.000000 0.738507 0.715370 0.715370 0.715370
4347.257324 0.000000 2979.640137 0.000000 0.376214 0.000000 0.926533 0.800000 0.800000 0.800000
4338.204102 0.000000 2990.129150 0.000000 0.273869 0.000000 0.961767 0.668257 0.668257 0.668257
4340.021973 0.000000 2995.723633 0.000000 0.135527 0.000000 0.990774 0.800000 0.800000 0.800000
4337.028320 0.000000 2992.782715 0.000000 0.428973 0.000000 0.903317 0.800000 0.800000 0.800000
4346.233887 0.000000 2991.915039 0.000000 0.599758 0.000000 -0.800181 0.800000 0.800000 0.800000
4342.208496 0.000000 2982.301270 0.000000 0.863397 0.000000 0.504525 0.800000 0.800000 0.800000
4341.256836 0.000000 2990.834229 0.000000 0.572726 0.000000 0.819747 0.702116 0.702116 0.702116
4348.065918 0.000000 2981.843994 0.000000 0.609322 0.000000 -0.792923 0.800000 0.800000 0.800000
4345.199219 0.000000 2976.287109 0.000000 0.796829 0.000000 -0.604205 0.800000 0.800000 0.800000
4340.409180 0.000000 2997.745361 0.000000 0.857644 0.000000 0.514244 0.800000 0.800000 0.800000
4345.841309 0.000000 2985.852051 0.000000 0.782375 0.000000 -0.622808 0.868483 0.868483 0.868483
4347.875977 0.000000 2990.799561 0.000000 0.940805 0.000000 -0.338949 0.800000 0.800000 0.800000
4351.358887 0.000000 2984.318359 0.000000 0.269719 0.000000 0.962939 0.667818 0.667818 0.667818
4338.670898 0.000000 2988.294678 0.000000 0.000964 0.000000 1.000000 0.800000 0.800000 0.800000
4338.598145 0.000000 2996.992676 0.000000 0.007310 0.000000 0.999973 0.640745 0.640745 0.640745
4333.844238 0.000000 2991.225098 0.000000 0.389575 0.000000 0.920995 0.680761 0.680761 0.680761
4329.716309 0.000000 2976.087891 0.000000 0.995834 0.000000 0.091184 0.790699 0.790699 0.790699
4346.506836 0.000000 2977.893066 0.000000 0.478795 0.000000 0.877927 0.800000 0.800000 0.800000
4338.942871 0.000000 2994.206787 0.000000 0.999990 0.000000 -0.004553 0.800000 0.800000 0.800000
4345.928711 0.000000 2987.692139 0.000000 0.271493 0.000000 -0.962440 0.931994 0.931994 0.931994
4348.641602 0.000000 2985.057373 0.000000 0.012996 0.000000 0.999916 0.641324 0.641324 0.641324
4344.532715 0.000000 2989.734131 0.000000 0.999067 0.000000 0.043192 0.800000 0.800000 0.800000
4349.515625 0.000000 2987.513184 0.000000 0.801462 0.000000 0.598046 0.800000 0.800000 0.800000
4349.640137 0.000000 2981.107666 0.000000 0.620398 0.000000 -0.784287 0.800000 0.800000 0.800000
4345.432129 0.000000 2980.026611 0.000000 0.470272 0.000000 -0.882521 0.800000 0.800000 0.800000
4343.080566 0.000000 2985.710449 0.000000 0.996817 0.000000 -0.079718 0.808129 0.808129 0.808129
4332.396484 0.000000 2993.099121 0.000000 0.922571 0.000000 -0.385827 0.800000 0.800000 0.800000
4345.379395 0.000000 2983.465820 0.000000 0.179992 0.000000 -0.983668 0.800000 0.800000 0.800000
4343.837402 0.000000 2982.360107 0.000000 0.954926 0.000000 0.296845 0.800000 0.800000 0.800000
4339.645996 0.000000 2990.815430 0.000000 0.894003 0.000000 -0.448062 0.847323 0.847323 0.847323
4335.556152 0.000000 2992.201416 0.000000 0.573144 0.000000 -0.819455 0.800000 0.800000 0.800000
4340.500488 0.000000 2993.786865 0.000000 0.687960 0.000000 -0.725749 0.800000 0.800000 0.800000
4341.537109 0.000000 2995.403809 0.000000 0.838504 0.000000 -0.544896 0.800000 0.800000 0.800000
4346.720703 0.000000 2981.085205 0.000000 0.225261 0.000000 -0.974299 0.936857 0.936857 0.936857
4337.057617 0.000000 2991.137207 0.000000 0.192020 0.000000 -0.981391 0.800000 0.800000 0.800000
4342.108887 0.000000 2983.797363 0.000000 0.565033 0.000000 -0.825068 0.800000 0.800000 0.800000
4346.654785 0.000000 2982.568604 0.000000 0.938495 0.000000 -0.345294 0.835911 0.835911 0.835911
4342.787598 0.000000 2987.523682 0.000000 0.996160 0.000000 0.087548 0.800000 0.800000 0.800000
4338.449219 0.000000 2991.571289 0.000000 0.643550 0.000000 0.765404 0.711213 0.711213 0.711213
4348.213379 0.000000 2983.288330 0.000000 0.999985 0.000000 -0.005519 0.800562 0.800562 0.800562
4344.669922 0.000000 2988.330322 0.000000 0.875783 0.000000 -0.482706 0.800000 0.800000 0.800000
4344.550781 0.000000 2985.297119 0.000000 0.196608 0.000000 0.980482 0.660158 0.660158 0.660158
4349.190430 0.000000 2991.343750 0.000000 0.111417 0.000000 -0.993774 0.948627 0.948627 0.948627
4350.946777 0.000000 2983.013428 0.000000 0.992453 0.000000 -0.122627 0.800000 0.800000 0.800000
4348.323730 0.000000 2980.493408 0.000000 0.980026 0.000000 -0.198868 0.800000 0.800000 0.800000
4339.382812 0.000000 2989.428955 0.000000 0.943054 0.000000 0.332639 0.800000 0.800000 0.800000
4347.308105 0.000000 2985.406738 0.000000 0.947547 0.000000 -0.319617 0.833137 0.833137 0.833137
4347.851074 0.000000 2977.918701 0.000000 0.948215 0.000000 0.317629 0.800000 0.800000 0.800000
4349.210449 0.000000 2986.229248 0.000000 0.417003 0.000000 -0.908905 0.800000 0.800000 0.800000
4338.315918 0.000000 2992.920898 0.000000 0.923790 0.000000 -0.382900 0.840024 0.840024 0.840024
4349.917480 0.000000 2984.814697 0.000000 0.818519 0.000000 0.574479 0.737666 0.737666 0.737666
4332.568848 0.000000 2990.986572 0.000000 0.481844 0.000000 0.876257 0.691211 0.691211 0.691211
4328.832031 0.000000 2976.899902 0.000000 0.576484 0.000000 0.817109 0.702584 0.702584 0.702584
4349.316895 0.000000 2982.328369 0.000000 0.620372 0.000000 -0.784308 0.891834 0.891834 0.891834
4345.875488 0.000000 2984.687744 0.000000 0.487806 0.000000 -0.872952 0.908095 0.908095 0.908095
4351.548828 0.000000 2985.534668 0.000000 0.603752 0.000000 -0.797172 0.893975 0.893975 0.893975
4344.737793 0.000000 2984.304688 0.000000 0.352763 0.000000 -0.935713 0.923277 0.923277 0.923277
4347.927734 0.000000 2984.337891 0.000000 0.998432 0.000000 0.055983 0.794295 0.794295 0.794295
4348.929199 0.000000 2984.118652 0.000000 0.243673 0.000000 -0.969858 0.934927 0.934927 0.934927
4346.361816 0.000000 2980.212402 0.000000 0.999834 0.000000 0.018196 0.798146 0.798146 0.798146
4348.284180 0.000000 2985.925293 0.000000 0.996577 0.000000 0.082668 0.791570 0.791570 0.791570
4333.560059 0.000000 2990.341797 0.000000 0.335496 0.000000 0.942042 0.674849 0.674849 0.674849
4340.431641 0.000000 2991.201660 0.000000 0.724719 0.000000 -0.689045 0.877430 0.877430 0.877430
4264.678711 0.000000 3030.482178 0.000000 0.016267 0.000000 -0.999868 0.800000 0.800000 0.800000
4275.564941 0.000000 3024.439941 0.000000 0.496252 0.000000 0.868178 0.692893 0.692893 0.692893
4271.626953 0.000000 3022.601074 0.000000 0.999980 0.000000 -0.006359 0.800000 0.800000 0.800000
4267.641113 0.000000 3033.407471 0.000000 0.692137 0.000000 0.721766 0.717866 0.717866 0.717866
4270.090332 0.000000 3025.265625 0.000000 0.582133 0.000000 0.813093 0.800000 0.800000 0.800000
4267.811035 0.000000 3030.370850 0.000000 0.790269 0.000000 -0.612761 0.867181 0.867181 0.867181
4274.204102 0.000000 3022.129150 0.000000 0.858996 0.000000 0.511982 0.745252 0.745252 0.745252
4273.028320 0.000000 3024.782715 0.000000 0.501120 0.000000 -0.865378 0.906535 0.906535 0.906535
4264.606934 0.000000 3032.800537 0.000000 0.869134 0.000000 -0.494576 0.852697 0.852697 0.852697
4266.366699 0.000000 3031.943359 0.000000 0.270578 0.000000 -0.962698 0.932091 0.932091 0.932091
4274.670898 0.000000 3020.294678 0.000000 0.910490 0.000000 -0.413531 0.800000 0.800000 0.800000
4275.645996 0.000000 3022.815430 0.000000 0.263861 0.000000 0.964561 0.667199 0.667199 0.667199
4271.556152 0.000000 3024.201416 0.000000 0.914437 0.000000 -0.404727 0.800000 0.800000 0.800000
4273.057617 0.000000 3023.137207 0.000000 0.138230 0.000000 0.990400 0.654125 0.654125 0.654125
4265.941406 0.000000 3033.449951 0.000000 0.952064 0.000000 -0.305898 0.831666 0.831666 0.831666
4274.449219 0.000000 3023.571289 0.000000 0.898034 0.000000 -0.439927 0.846399 0.846399 0.846399
4266.451660 0.000000 3030.542480 0.000000 0.459305 0.000000 0.888278 0.688609 0.688609 0.688609
4275.382812 0.000000 3021.428955 0.000000 0.950346 0.000000 0.311195 0.800000 0.800000 0.800000
4274.315918 0.000000 3024.920898 0.000000 0.324438 0.000000 0.945907 0.673656 0.673656 0.673656
4267.564453 0.000000 3032.121338 0.000000 0.704832 0.000000 -0.709374 0.880327 0.880327 0.880327
4266.806641 0.000000 3032.839600 0.000000 0.346345 0.000000 -0.938107 0.923975 0.923975 0.923975
4265.562500 0.000000 3032.487793 0.000000 0.591322 0.000000 0.806435 0.704446 0.704446 0.704446
4267.230469 0.000000 3031.157227 0.000000 0.542249 0.000000 0.840218 0.698377 0.698377 0.698377
4275.594727 0.000000 3025.468750 0.000000 0.977347 0.000000 0.211644 0.778278 0.778278 0.778278
4272.514160 0.000000 3023.946777 0.000000 0.966224 0.000000 -0.257703 0.826549 0.826549 0.826549
4273.665039 0.000000 3024.104492 0.000000 0.774168 0.000000 -0.632980 0.869814 0.869814 0.869814
4315.528809 0.000000 3008.375977 0.000000 0.178411 0.000000 -0.983956 0.941729 0.941729 0.941729
4290.681641 0.000000 3035.806152 0.000000 0.761485 0.000000 0.648183 0.800000 0.800000 0.800000
4303.261719 0.000000 3035.264648 0.000000 0.993130 0.000000 -0.117017 0.811947 0.811947 0.811947
4318.046875 0.000000 3029.620605 0.000000 0.620796 0.000000 -0.783972 0.800000 0.800000 0.800000
4293.585449 0.000000 3038.219971 0.000000 0.047004 0.000000 -0.998895 0.955211 0.955211 0.955211
4306.934570 0.000000 3034.628906 0.000000 0.759957 0.000000 -0.649973 0.800000 0.800000 0.800000
4319.983887 0.000000 3033.194336 0.000000 0.350076 0.000000 -0.936721 0.800000 0.800000 0.800000
4304.670898 0.000000 3037.914551 0.000000 0.980274 0.000000 0.197645 0.800000 0.800000 0.800000
4301.086914 0.000000 3036.827637 0.000000 0.847255 0.000000 -0.531186 0.857041 0.857041 0.857041
4295.940430 0.000000 3037.032715 0.000000 0.778428 0.000000 -0.627733 0.869125 0.869125 0.869125
4293.052734 0.000000 3035.980469 0.000000 0.426721 0.000000 -0.904383 0.800000 0.800000 0.800000
4313.199219 0.000000 3008.287109 0.000000 0.089104 0.000000 -0.996022 0.950912 0.950912 0.950912
4318.097168 0.000000 3032.304688 0.000000 0.985999 0.000000 -0.166750 0.800000 0.800000 0.800000
4319.840820 0.000000 3031.206055 0.000000 0.925993 0.000000 0.377542 0.760566 0.760566 0.760566
4305.138184 0.000000 3035.270508 0.000000 0.994944 0.000000 -0.100429 0.800000 0.800000 0.800000
4314.506836 0.000000 3009.893066 0.000000 0.872703 0.000000 -0.488251 0.851957 0.851957 0.851957
4295.091309 0.000000 3039.415527 0.000000 0.641244 0.000000 0.767337 0.710906 0.710906 0.710906
4292.132812 0.000000 3039.408691 0.000000 0.367989 0.000000 -0.929830 0.921615 0.921615 0.921615
4292.206543 0.000000 3037.353027 0.000000 0.300871 0.000000 -0.953665 0.928871 0.928871 0.928871
4290.979492 0.000000 3034.207031 0.000000 0.988721 0.000000 -0.149769 0.800000 0.800000 0.800000
4301.342773 0.000000 3035.266113 0.000000 0.193212 0.000000 0.981157 0.800000 0.800000 0.800000
4294.683105 0.000000 3036.139160 0.000000 0.801140 0.000000 0.598477 0.734647 0.734647 0.734647
4303.517578 0.000000 3036.790771 0.000000 0.911256 0.000000 -0.411839 0.843236 0.843236 0.843236
4319.543457 0.000000 3029.486084 0.000000 0.404128 0.000000 -0.914702 0.800000 0.800000 0.800000
4293.629883 0.000000 3039.727539 0.000000 0.730388 0.000000 0.683032 0.723412 0.723412 0.723412
4316.811523 0.000000 3032.857422 0.000000 0.779131 0.000000 -0.626861 0.800000 0.800000 0.800000
4318.486816 0.000000 3030.969482 0.000000 0.939364 0.000000 -0.342921 0.835653 0.835653 0.835653
4318.244141 0.000000 3028.268799 0.000000 0.986960 0.000000 -0.160963 0.800000 0.800000 0.800000
4291.937988 0.000000 3035.171631 0.000000 0.349873 0.000000 0.936797 0.800000 0.800000 0.800000
4294.909180 0.000000 3037.996338 0.000000 0.998826 0.000000 0.048435 0.795065 0.795065 0.795065
4302.283691 0.000000 3036.206055 0.000000 0.570733 0.000000 -0.821136 0.898131 0.898131 0.898131
4293.501953 0.000000 3034.658447 0.000000 0.958371 0.000000 -0.285525 0.800000 0.800000 0.800000
4315.851074 0.000000 3009.918701 0.000000 0.241021 0.000000 -0.970520 0.935206 0.935206 0.935206
4300.142090 0.000000 3034.657715 0.000000 0.802251 0.000000 0.596987 0.800000 0.800000 0.800000
4314.351074 0.000000 3008.605957 0.000000 0.495294 0.000000 -0.868725 0.907219 0.907219 0.907219
4293.737305 0.000000 3036.952637 0.000000 0.815098 0.000000 0.579323 0.737061 0.737061 0.737061
4292.519531 0.000000 3038.406006 0.000000 0.099499 0.000000 -0.995038 0.949848 0.949848 0.949848
4302.044922 0.000000 3037.220947 0.000000 0.920971 0.000000 0.389631 0.759233 0.759233 0.759233
4319.289551 0.000000 3030.419678 0.000000 0.969507 0.000000 -0.245065 0.825219 0.825219 0.825219
4344.140625 0.000000 3018.975586 0.000000 0.595959 0.000000 0.803015 0.800000 0.800000 0.800000
4331.488281 0.000000 3023.720703 0.000000 0.612766 0.000000 -0.790264 0.892818 0.892818 0.892818
4320.987305 0.000000 3029.511475 0.000000 0.529910 0.000000 0.848054 0.800000 0.800000 0.800000
4349.500488 0.000000 3021.729248 0.000000 0.039632 0.000000 -0.999214 0.955962 0.955962 0.955962
4326.732910 0.000000 3025.989014 0.000000 0.832593 0.000000 -0.553885 0.800000 0.800000 0.800000
4335.626953 0.000000 3022.601074 0.000000 0.513581 0.000000 -0.858041 0.905062 0.905062 0.905062
4346.269043 0.000000 3021.509033 0.000000 0.962427 0.000000 -0.271539 0.800000 0.800000 0.800000
4348.628906 0.000000 3024.770752 0.000000 0.448771 0.000000 -0.893647 0.912596 0.912596 0.912596
4328.730469 0.000000 3024.014893 0.000000 0.995258 0.000000 -0.097267 0.800000 0.800000 0.800000
4350.498535 0.000000 3018.052246 0.000000 0.431328 0.000000 0.902195 0.800000 0.800000 0.800000
4347.325195 0.000000 3028.877686 0.000000 0.945126 0.000000 -0.326705 0.800000 0.800000 0.800000
4333.002930 0.000000 3021.574463 0.000000 0.564638 0.000000 -0.825339 0.800000 0.800000 0.800000
4326.121094 0.000000 3023.535889 0.000000 0.921396 0.000000 0.388625 0.800000 0.800000 0.800000
4346.233887 0.000000 3023.915039 0.000000 0.456324 0.000000 -0.889814 0.911733 0.911733 0.911733
4323.308105 0.000000 3029.141846 0.000000 0.926480 0.000000 0.376345 0.800000 0.800000 0.800000
4351.150879 0.000000 3020.339600 0.000000 0.411695 0.000000 0.911322 0.800000 0.800000 0.800000
4336.724609 0.000000 3020.526123 0.000000 0.443043 0.000000 0.896500 0.686752 0.686752 0.686752
4322.549805 0.000000 3030.988525 0.000000 0.928117 0.000000 0.372289 0.761143 0.761143 0.761143
4347.875977 0.000000 3022.799561 0.000000 0.933831 0.000000 -0.357714 0.837262 0.837262 0.837262
4348.030762 0.000000 3020.534424 0.000000 0.980489 0.000000 0.196574 0.779846 0.779846 0.779846
4338.670898 0.000000 3020.294678 0.000000 0.690155 0.000000 0.723662 0.717586 0.717586 0.717586
4333.844238 0.000000 3023.225098 0.000000 0.554088 0.000000 -0.832458 0.900181 0.900181 0.900181
4330.488281 0.000000 3025.351807 0.000000 0.841678 0.000000 -0.539979 0.800000 0.800000 0.800000
4320.013672 0.000000 3031.041748 0.000000 0.972333 0.000000 0.233599 0.775984 0.775984 0.775984
4345.928711 0.000000 3019.692139 0.000000 0.932012 0.000000 0.362427 0.800000 0.800000 0.800000
4349.515625 0.000000 3019.513184 0.000000 0.427857 0.000000 -0.903847 0.800000 0.800000 0.800000
4328.954102 0.000000 3022.368164 0.000000 0.738270 0.000000 0.674505 0.724594 0.724594 0.724594
4347.190430 0.000000 3025.447021 0.000000 0.766582 0.000000 0.642146 0.800000 0.800000 0.800000
4327.279785 0.000000 3024.535889 0.000000 0.457374 0.000000 0.889275 0.800000 0.800000 0.800000
4320.066895 0.000000 3028.123291 0.000000 0.736319 0.000000 0.676634 0.800000 0.800000 0.800000
4334.538574 0.000000 3021.278564 0.000000 0.874088 0.000000 0.485768 0.748333 0.748333 0.748333
4327.472168 0.000000 3022.815430 0.000000 0.094565 0.000000 -0.995519 0.800000 0.800000 0.800000
4337.057617 0.000000 3023.137207 0.000000 0.474488 0.000000 -0.880262 0.800000 0.800000 0.800000
4331.394531 0.000000 3022.168945 0.000000 0.999983 0.000000 0.005858 0.799403 0.799403 0.799403
4342.787598 0.000000 3019.523682 0.000000 0.810651 0.000000 0.585530 0.736284 0.736284 0.736284
4333.304199 0.000000 3020.070801 0.000000 0.563167 0.000000 -0.826343 0.800000 0.800000 0.800000
4330.048340 0.000000 3023.299316 0.000000 0.487083 0.000000 -0.873356 0.908179 0.908179 0.908179
4349.190430 0.000000 3023.343750 0.000000 0.671048 0.000000 0.741414 0.714930 0.714930 0.714930
4346.018066 0.000000 3029.348633 0.000000 0.998409 0.000000 0.056389 0.800000 0.800000 0.800000
4339.382812 0.000000 3021.428955 0.000000 0.858740 0.000000 0.512411 0.745201 0.745201 0.745201
4321.274902 0.000000 3031.327637 0.000000 0.651950 0.000000 -0.758262 0.887664 0.887664 0.887664
4349.210449 0.000000 3018.229248 0.000000 0.981214 0.000000 -0.192923 0.800000 0.800000 0.800000
4336.666992 0.000000 3021.835938 0.000000 0.620578 0.000000 -0.784145 0.891807 0.891807 0.891807
4332.568848 0.000000 3022.986572 0.000000 0.973586 0.000000 -0.228320 0.823463 0.823463 0.823463
4323.617188 0.000000 3030.389648 0.000000 0.989921 0.000000 -0.141622 0.814474 0.814474 0.814474
4346.597656 0.000000 3022.780762 0.000000 0.899424 0.000000 0.437076 0.753924 0.753924 0.753924
4349.761230 0.000000 3024.485596 0.000000 0.993141 0.000000 0.116925 0.788063 0.788063 0.788063
4337.746094 0.000000 3021.056396 0.000000 0.116411 0.000000 -0.993201 0.948115 0.948115 0.948115
4349.898438 0.000000 3020.639648 0.000000 0.957589 0.000000 -0.288137 0.829772 0.829772 0.829772
4335.592285 0.000000 3020.828369 0.000000 0.458415 0.000000 -0.888738 0.911493 0.911493 0.911493
4321.929688 0.000000 3030.073242 0.000000 0.125473 0.000000 -0.992097 0.947186 0.947186 0.947186
4348.524414 0.000000 3021.983887 0.000000 0.752904 0.000000 0.658131 0.726831 0.726831 0.726831
4348.971680 0.000000 3020.346436 0.000000 0.758698 0.000000 0.651443 0.727733 0.727733 0.727733
4320.793945 0.000000 3030.455811 0.000000 0.928506 0.000000 -0.371317 0.838750 0.838750 0.838750
4330.239258 0.000000 3022.367188 0.000000 0.433891 0.000000 -0.900965 0.914285 0.914285 0.914285
4348.317871 0.000000 3023.724854 0.000000 0.934153 0.000000 -0.356873 0.837170 0.837170 0.837170
4330.888672 0.000000 3022.984375 0.000000 0.444692 0.000000 -0.895684 0.913060 0.913060 0.913060
4318.169434 0.000000 3043.512451 0.000000 0.208165 0.000000 0.978094 0.800000 0.800000 0.800000
4318.978516 0.000000 3040.691162 0.000000 0.917182 0.000000 0.398468 0.800000 0.800000 0.800000
4319.477051 0.000000 3042.709717 0.000000 0.908313 0.000000 0.418292 0.800000 0.800000 0.800000
4320.582520 0.000000 3040.014404 0.000000 0.329127 0.000000 0.944286 0.800000 0.800000 0.800000
4321.910156 0.000000 3042.213623 0.000000 0.122317 0.000000 0.992491 0.652490 0.652490 0.652490
4320.099609 0.000000 3042.283447 0.000000 0.287123 0.000000 0.957894 0.669664 0.669664 0.669664
4321.005371 0.000000 3041.260254 0.000000 0.910586 0.000000 -0.413319 0.800000 0.800000 0.800000
4321.032227 0.000000 3043.108887 0.000000 0.957316 0.000000 0.289044 0.770132 0.770132 0.770132
4443.528809 0.000000 2816.375977 0.000000 0.897457 0.000000 0.441101 0.800000 0.800000 0.800000
4447.730469 0.000000 2833.468262 0.000000 0.208474 0.000000 0.978028 0.661392 0.661392 0.661392
4444.628906 0.000000 2832.770752 0.000000 0.991693 0.000000 -0.128624 0.813138 0.813138 0.813138
4443.257324 0.000000 2819.640137 0.000000 0.886998 0.000000 -0.461774 0.800000 0.800000 0.800000
4445.387695 0.000000 2835.185791 0.000000 0.091803 0.000000 -0.995777 0.950636 0.950636 0.950636
4447.541992 0.000000 2835.808350 0.000000 0.936725 0.000000 0.350065 0.763571 0.763571 0.763571
4445.141602 0.000000 2817.673584 0.000000 0.073334 0.000000 0.997307 0.800000 0.800000 0.800000
4442.506836 0.000000 2817.893066 0.000000 0.387039 0.000000 -0.922063 0.800000 0.800000 0.800000
4445.324219 0.000000 2816.007324 0.000000 0.640041 0.000000 -0.768341 0.800000 0.800000 0.800000
4446.020020 0.000000 2833.631104 0.000000 0.375020 0.000000 -0.927017 0.920843 0.920843 0.920843
4444.630859 0.000000 2819.099609 0.000000 0.860946 0.000000 0.508696 0.800000 0.800000 0.800000
4445.190430 0.000000 2831.343750 0.000000 0.136660 0.000000 -0.990618 0.946036 0.946036 0.946036
4446.981934 0.000000 2834.557861 0.000000 0.332603 0.000000 0.943067 0.674537 0.674537 0.674537
4443.851074 0.000000 2817.918701 0.000000 0.816532 0.000000 -0.577301 0.800000 0.800000 0.800000
4444.605469 0.000000 2834.131836 0.000000 0.404597 0.000000 0.914495 0.682428 0.682428 0.682428
4445.761230 0.000000 2832.485596 0.000000 0.588405 0.000000 -0.808566 0.895922 0.895922 0.895922
4447.549316 0.000000 2832.192383 0.000000 0.612393 0.000000 -0.790554 0.892866 0.892866 0.892866
4452.206543 0.000000 2845.353027 0.000000 0.711411 0.000000 0.702776 0.720622 0.720622 0.720622
4453.737305 0.000000 2844.952637 0.000000 0.962363 0.000000 -0.271767 0.828035 0.828035 0.828035
4439.577637 0.000000 2879.219971 0.000000 0.057377 0.000000 -0.998353 0.954152 0.954152 0.954152
4437.622070 0.000000 2879.278564 0.000000 0.217021 0.000000 -0.976167 0.800000 0.800000 0.800000
4447.886230 0.000000 2877.193604 0.000000 0.537417 0.000000 0.843317 0.800000 0.800000 0.800000
4438.637207 0.000000 2878.326172 0.000000 0.414741 0.000000 0.909939 0.683561 0.683561 0.683561
4456.678711 0.000000 2870.482178 0.000000 0.628217 0.000000 0.778038 0.709189 0.709189 0.709189
4469.193848 0.000000 2852.141602 0.000000 0.938767 0.000000 0.344553 0.800000 0.800000 0.800000
4450.681641 0.000000 2875.806152 0.000000 0.344335 0.000000 0.938847 0.800000 0.800000 0.800000
4454.732910 0.000000 2865.989014 0.000000 0.960846 0.000000 0.277081 0.800000 0.800000 0.800000
4455.004883 0.000000 2874.616211 0.000000 0.300530 0.000000 -0.953772 0.800000 0.800000 0.800000
4468.712891 0.000000 2856.359619 0.000000 0.877892 0.000000 0.478858 0.749136 0.749136 0.749136
4468.550293 0.000000 2860.627441 0.000000 0.637992 0.000000 0.770043 0.800000 0.800000 0.800000
4451.427246 0.000000 2866.665771 0.000000 0.582616 0.000000 -0.812747 0.800000 0.800000 0.800000
4453.583008 0.000000 2868.467041 0.000000 0.971580 0.000000 -0.236713 0.800000 0.800000 0.800000
4457.595215 0.000000 2874.996582 0.000000 0.160725 0.000000 0.986999 0.656443 0.656443 0.656443
4455.940430 0.000000 2877.032715 0.000000 0.962452 0.000000 -0.271452 0.800000 0.800000 0.800000
4450.792969 0.000000 2878.279297 0.000000 0.089940 0.000000 -0.995947 0.800000 0.800000 0.800000
4467.775879 0.000000 2854.120361 0.000000 0.201898 0.000000 0.979407 0.660707 0.660707 0.660707
4469.661621 0.000000 2858.533447 0.000000 0.935437 0.000000 0.353492 0.763198 0.763198 0.763198
4456.606934 0.000000 2872.800537 0.000000 0.999312 0.000000 0.037096 0.796221 0.796221 0.796221
4451.308105 0.000000 2869.141846 0.000000 0.314773 0.000000 -0.949167 0.800000 0.800000 0.800000
4466.343750 0.000000 2856.453613 0.000000 0.978571 0.000000 -0.205911 0.800000 0.800000 0.800000
4453.052734 0.000000 2875.980469 0.000000 0.583134 0.000000 -0.812376 0.800000 0.800000 0.800000
4467.419434 0.000000 2858.523438 0.000000 0.129318 0.000000 0.991603 0.653209 0.653209 0.653209
4454.794922 0.000000 2871.625977 0.000000 0.981501 0.000000 -0.191457 0.800000 0.800000 0.800000
4467.112305 0.000000 2851.626465 0.000000 0.628538 0.000000 -0.777779 0.800000 0.800000 0.800000
4452.449707 0.000000 2864.799072 0.000000 0.189311 0.000000 0.981917 0.800000 0.800000 0.800000
4466.670898 0.000000 2860.294678 0.000000 0.504218 0.000000 -0.863577 0.800000 0.800000 0.800000
4449.307617 0.000000 2877.162842 0.000000 0.578843 0.000000 -0.815439 0.897121 0.897121 0.897121
4453.084473 0.000000 2866.439941 0.000000 0.707747 0.000000 0.706466 0.720092 0.720092 0.720092
4450.411133 0.000000 2879.850586 0.000000 0.740033 0.000000 0.672571 0.800000 0.800000 0.800000
4452.206543 0.000000 2877.353027 0.000000 0.730954 0.000000 0.682427 0.800000 0.800000 0.800000
4466.383789 0.000000 2853.118652 0.000000 0.853629 0.000000 -0.520882 0.800000 0.800000 0.800000
4454.037109 0.000000 2873.124512 0.000000 0.298573 0.000000 0.954387 0.800000 0.800000 0.800000
4450.979492 0.000000 2874.207031 0.000000 0.658882 0.000000 -0.752246 0.800000 0.800000 0.800000
4454.683105 0.000000 2876.139160 0.000000 0.890718 0.000000 0.454557 0.800000 0.800000 0.800000
4455.279785 0.000000 2864.535889 0.000000 0.459564 0.000000 -0.888145 0.800000 0.800000 0.800000
4457.941406 0.000000 2873.449951 0.000000 0.061056 0.000000 0.998134 0.646223 0.646223 0.646223
4452.715332 0.000000 2869.678467 0.000000 0.196131 0.000000 0.980578 0.800000 0.800000 0.800000
4466.576660 0.000000 2854.986572 0.000000 0.959595 0.000000 0.281385 0.770946 0.770946 0.770946
4457.299805 0.000000 2876.437500 0.000000 0.411251 0.000000 0.911522 0.800000 0.800000 0.800000
4456.132812 0.000000 2875.540771 0.000000 0.999948 0.000000 -0.010160 0.801035 0.801035 0.801035
4468.843262 0.000000 2850.792236 0.000000 0.125342 0.000000 0.992114 0.652801 0.652801 0.652801
4454.658691 0.000000 2867.520996 0.000000 0.909343 0.000000 -0.416048 0.843707 0.843707 0.843707
4452.275879 0.000000 2867.835449 0.000000 0.295596 0.000000 0.955313 0.670566 0.670566 0.670566
4468.943848 0.000000 2854.841797 0.000000 0.219754 0.000000 0.975555 0.662568 0.662568 0.662568
4457.160645 0.000000 2877.869141 0.000000 0.357354 0.000000 0.933969 0.800000 0.800000 0.800000
4453.890625 0.000000 2864.854004 0.000000 0.491646 0.000000 0.870795 0.800000 0.800000 0.800000
4467.382812 0.000000 2861.428955 0.000000 0.548706 0.000000 0.836015 0.800000 0.800000 0.800000
4456.487793 0.000000 2874.216064 0.000000 0.944795 0.000000 -0.327662 0.834003 0.834003 0.834003
4466.159668 0.000000 2857.871094 0.000000 0.682409 0.000000 0.730971 0.800000 0.800000 0.800000
4451.937988 0.000000 2875.171631 0.000000 0.500930 0.000000 0.865488 0.800000 0.800000 0.800000
4454.909180 0.000000 2877.996338 0.000000 0.103571 0.000000 0.994622 0.800000 0.800000 0.800000
4468.555176 0.000000 2857.725342 0.000000 0.705279 0.000000 -0.708930 0.880263 0.880263 0.880263
4468.023438 0.000000 2852.805176 0.000000 0.852077 0.000000 -0.523416 0.800000 0.800000 0.800000
4453.501953 0.000000 2874.658447 0.000000 0.205482 0.000000 0.978661 0.800000 0.800000 0.800000
4469.898438 0.000000 2857.118652 0.000000 0.730225 0.000000 -0.683207 0.876613 0.876613 0.876613
4450.788086 0.000000 2867.918701 0.000000 0.332195 0.000000 -0.943211 0.800000 0.800000 0.800000
4469.207520 0.000000 2853.473389 0.000000 0.533203 0.000000 -0.845987 0.800000 0.800000 0.800000
4468.528320 0.000000 2859.285400 0.000000 0.988782 0.000000 0.149363 0.784729 0.784729 0.784729
4467.571289 0.000000 2855.770264 0.000000 0.874042 0.000000 0.485851 0.748323 0.748323 0.748323
4466.085449 0.000000 2859.174805 0.000000 0.381449 0.000000 0.924390 0.679864 0.679864 0.679864
4455.733398 0.000000 2866.870361 0.000000 0.406603 0.000000 -0.913605 0.917348 0.917348 0.917348
4456.086914 0.000000 2871.611572 0.000000 0.886437 0.000000 -0.462849 0.849015 0.849015 0.849015
4450.576660 0.000000 2877.073242 0.000000 0.997991 0.000000 0.063358 0.793542 0.793542 0.793542
4457.305664 0.000000 2871.462891 0.000000 0.621686 0.000000 -0.783267 0.891663 0.891663 0.891663
4451.727539 0.000000 2876.328857 0.000000 0.555534 0.000000 -0.831494 0.900004 0.900004 0.900004
4449.589355 0.000000 2876.103760 0.000000 0.995219 0.000000 -0.097669 0.809964 0.809964 0.809964
4467.639160 0.000000 2859.943115 0.000000 0.029561 0.000000 -0.999563 0.956988 0.956988 0.956988
4448.382812 0.000000 2877.668457 0.000000 0.519575 0.000000 0.854425 0.695651 0.695651 0.695651
4453.269043 0.000000 2867.452148 0.000000 0.440275 0.000000 0.897863 0.686438 0.686438 0.686438
4457.562500 0.000000 2872.487793 0.000000 0.190834 0.000000 -0.981622 0.940442 0.940442 0.940442
4448.388184 0.000000 2876.711670 0.000000 0.591476 0.000000 -0.806322 0.895535 0.895535 0.895535
4466.986816 0.000000 2859.327881 0.000000 0.956496 0.000000 0.291744 0.769845 0.769845 0.769845
4376.140625 0.000000 2922.975586 0.000000 0.788289 0.000000 0.615305 0.800000 0.800000 0.800000
4381.500488 0.000000 2925.729248 0.000000 0.971483 0.000000 0.237109 0.775616 0.775616 0.775616
4383.730469 0.000000 2929.468262 0.000000 0.473468 0.000000 0.880811 0.690239 0.690239 0.690239
4379.725098 0.000000 2922.650391 0.000000 0.115629 0.000000 0.993292 0.651804 0.651804 0.651804
4378.269043 0.000000 2925.509033 0.000000 0.804909 0.000000 0.593398 0.800000 0.800000 0.800000
4380.628906 0.000000 2928.770752 0.000000 0.825156 0.000000 -0.564905 0.800000 0.800000 0.800000
4374.093262 0.000000 2929.928223 0.000000 0.750303 0.000000 -0.661095 0.873570 0.873570 0.873570
4382.498535 0.000000 2922.052246 0.000000 0.174531 0.000000 0.984652 0.657869 0.657869 0.657869
4372.021973 0.000000 2931.723633 0.000000 0.940433 0.000000 -0.339979 0.800000 0.800000 0.800000
4378.233887 0.000000 2927.915039 0.000000 0.344729 0.000000 0.938702 0.800000 0.800000 0.800000
4382.534180 0.000000 2927.646729 0.000000 0.845406 0.000000 0.534125 0.800000 0.800000 0.800000
4383.150879 0.000000 2924.339600 0.000000 0.536044 0.000000 -0.844190 0.800000 0.800000 0.800000
4379.875977 0.000000 2926.799561 0.000000 0.233142 0.000000 -0.972443 0.800000 0.800000 0.800000
4383.358887 0.000000 2920.318359 0.000000 0.133908 0.000000 -0.990994 0.800000 0.800000 0.800000
4380.030762 0.000000 2924.534424 0.000000 0.809350 0.000000 -0.587326 0.863942 0.863942 0.863942
4375.403809 0.000000 2931.236084 0.000000 0.119025 0.000000 0.992891 0.652153 0.652153 0.652153
4377.928711 0.000000 2923.692139 0.000000 0.879914 0.000000 0.475133 0.800000 0.800000 0.800000
4381.515625 0.000000 2923.513184 0.000000 0.608045 0.000000 0.793903 0.706575 0.706575 0.706575
4374.055664 0.000000 2928.229248 0.000000 0.922213 0.000000 -0.386682 0.840441 0.840441 0.840441
4382.020020 0.000000 2929.631104 0.000000 0.910049 0.000000 -0.414500 0.843534 0.843534 0.843534
4372.500488 0.000000 2929.786865 0.000000 0.789871 0.000000 0.613273 0.800000 0.800000 0.800000
4379.190430 0.000000 2929.447021 0.000000 0.934742 0.000000 0.355326 0.800000 0.800000 0.800000
4373.537109 0.000000 2931.403809 0.000000 0.695314 0.000000 0.718706 0.800000 0.800000 0.800000
4383.019531 0.000000 2926.162109 0.000000 0.927275 0.000000 0.374382 0.800000 0.800000 0.800000
4381.190430 0.000000 2927.343750 0.000000 0.996001 0.000000 0.089347 0.800000 0.800000 0.800000
4381.210449 0.000000 2922.229248 0.000000 0.217937 0.000000 0.975963 0.662378 0.662378 0.662378
4383.338379 0.000000 2923.040771 0.000000 0.686662 0.000000 -0.726977 0.882904 0.882904 0.882904
4375.010742 0.000000 2928.991699 0.000000 0.591166 0.000000 -0.806550 0.895574 0.895574 0.895574
4379.155273 0.000000 2923.737305 0.000000 0.126006 0.000000 -0.992029 0.947131 0.947131 0.947131
4381.898438 0.000000 2924.639648 0.000000 0.687940 0.000000 0.725768 0.717275 0.717275 0.717275
4378.583496 0.000000 2922.720947 0.000000 0.969179 0.000000 0.246359 0.774645 0.774645 0.774645
4375.869629 0.000000 2928.563232 0.000000 0.204136 0.000000 -0.978943 0.939060 0.939060 0.939060
4409.374023 0.000000 2917.824219 0.000000 0.999906 0.000000 -0.013683 0.800000 0.800000 0.800000
4399.626953 0.000000 2926.601074 0.000000 0.980958 0.000000 0.194222 0.780090 0.780090 0.780090
4388.223145 0.000000 2922.437012 0.000000 0.911495 0.000000 -0.411312 0.800000 0.800000 0.800000
4414.857910 0.000000 2942.204834 0.000000 0.662976 0.000000 -0.748640 0.886174 0.886174 0.886174
4384.374512 0.000000 2923.903809 0.000000 0.508689 0.000000 -0.860950 0.905642 0.905642 0.905642
4384.194824 0.000000 2929.812500 0.000000 0.829407 0.000000 0.558645 0.800000 0.800000 0.800000
4408.785645 0.000000 2914.484375 0.000000 0.225375 0.000000 0.974272 0.800000 0.800000 0.800000
4412.365723 0.000000 2940.956299 0.000000 0.999455 0.000000 0.033005 0.796638 0.796638 0.796638
4384.165039 0.000000 2926.609863 0.000000 0.806594 0.000000 0.591106 0.800000 0.800000 0.800000
4385.856445 0.000000 2922.018311 0.000000 0.102412 0.000000 -0.994742 0.949550 0.949550 0.949550
4412.752441 0.000000 2943.208008 0.000000 0.953796 0.000000 -0.300454 0.831084 0.831084 0.831084
4407.553223 0.000000 2916.525635 0.000000 0.054424 0.000000 -0.998518 0.954454 0.954454 0.954454
4386.969727 0.000000 2920.090576 0.000000 0.662588 0.000000 -0.748984 0.800000 0.800000 0.800000
4406.643555 0.000000 2914.654785 0.000000 0.423141 0.000000 -0.906064 0.915497 0.915497 0.915497
4397.844238 0.000000 2927.225098 0.000000 0.283148 0.000000 -0.959076 0.930759 0.930759 0.930759
4384.088867 0.000000 2922.001709 0.000000 0.999464 0.000000 -0.032725 0.803334 0.803334 0.803334
4409.432129 0.000000 2916.026611 0.000000 0.809925 0.000000 -0.586534 0.800000 0.800000 0.800000
4384.695801 0.000000 2928.138916 0.000000 0.999994 0.000000 -0.003516 0.800000 0.800000 0.800000
4413.937012 0.000000 2940.963867 0.000000 0.988334 0.000000 0.152302 0.784426 0.784426 0.784426
4398.538574 0.000000 2925.278564 0.000000 0.593937 0.000000 0.804511 0.704777 0.704777 0.704777
4415.886230 0.000000 2941.193604 0.000000 0.693283 0.000000 -0.720665 0.800000 0.800000 0.800000
4386.920898 0.000000 2923.072754 0.000000 0.197995 0.000000 -0.980203 0.939698 0.939698 0.939698
4389.317383 0.000000 2923.345459 0.000000 0.974421 0.000000 -0.224730 0.800000 0.800000 0.800000
4385.858887 0.000000 2927.321289 0.000000 0.584844 0.000000 -0.811145 0.800000 0.800000 0.800000
4387.125488 0.000000 2921.553711 0.000000 0.984644 0.000000 -0.174577 0.800000 0.800000 0.800000
4385.641113 0.000000 2923.508301 0.000000 0.238244 0.000000 -0.971205 0.935497 0.935497 0.935497
4387.878418 0.000000 2923.948730 0.000000 0.301693 0.000000 0.953405 0.671217 0.671217 0.671217
4396.568848 0.000000 2926.986572 0.000000 0.935593 0.000000 0.353079 0.763243 0.763243 0.763243
4414.209473 0.000000 2943.337891 0.000000 0.921215 0.000000 -0.389054 0.840703 0.840703 0.840703
4413.574219 0.000000 2942.200928 0.000000 0.701057 0.000000 -0.713105 0.880868 0.880868 0.880868
4406.296387 0.000000 2916.784424 0.000000 0.536179 0.000000 -0.844105 0.902358 0.902358 0.902358
4407.925781 0.000000 2915.371826 0.000000 0.112101 0.000000 0.993697 0.651443 0.651443 0.651443
4415.463379 0.000000 2943.586426 0.000000 0.065197 0.000000 0.997872 0.646646 0.646646 0.646646
4399.592285 0.000000 2924.828369 0.000000 0.860730 0.000000 0.509062 0.745598 0.745598 0.745598
4406.768555 0.000000 2915.741455 0.000000 0.708032 0.000000 -0.706180 0.879867 0.879867 0.879867
4407.101074 0.000000 2917.539551 0.000000 0.415500 0.000000 0.909593 0.683646 0.683646 0.683646
4384.925293 0.000000 2922.695801 0.000000 0.212670 0.000000 0.977124 0.661829 0.661829 0.661829
4407.692383 0.000000 2914.273926 0.000000 0.926886 0.000000 0.375343 0.760808 0.760808 0.760808
4398.558105 0.000000 2926.436523 0.000000 0.677731 0.000000 -0.735310 0.884148 0.884148 0.884148
4412.564941 0.000000 2941.982178 0.000000 0.833801 0.000000 -0.552065 0.859571 0.859571 0.859571
4398.986328 0.000000 2927.371582 0.000000 0.961470 0.000000 -0.274911 0.828368 0.828368 0.828368
4444.322754 0.000000 2906.183594 0.000000 0.846561 0.000000 -0.532291 0.857174 0.857174 0.857174
4422.732910 0.000000 2897.989014 0.000000 0.413477 0.000000 -0.910514 0.916580 0.916580 0.916580
4425.388672 0.000000 2884.416260 0.000000 0.029181 0.000000 0.999574 0.800000 0.800000 0.800000
4423.399414 0.000000 2893.211670 0.000000 0.592222 0.000000 0.805775 0.704560 0.704560 0.704560
4438.344727 0.000000 2880.282715 0.000000 0.528532 0.000000 0.848914 0.696722 0.696722 0.696722
4433.279785 0.000000 2886.307373 0.000000 0.999213 0.000000 0.039678 0.800000 0.800000 0.800000
4447.983887 0.000000 2905.194336 0.000000 0.880167 0.000000 0.474663 0.800000 0.800000 0.800000
4438.640625 0.000000 2909.116699 0.000000 0.069607 0.000000 -0.997575 0.800000 0.800000 0.800000
4444.365723 0.000000 2908.956299 0.000000 0.987342 0.000000 -0.158604 0.816224 0.816224 0.816224
4443.325195 0.000000 2900.877686 0.000000 0.547117 0.000000 0.837056 0.800000 0.800000 0.800000
4436.116211 0.000000 2881.561279 0.000000 0.981248 0.000000 0.192749 0.800000 0.800000 0.800000
4427.909180 0.000000 2884.884033 0.000000 0.327728 0.000000 -0.944772 0.925989 0.925989 0.925989
4422.121094 0.000000 2895.535889 0.000000 0.981354 0.000000 -0.192208 0.819701 0.819701 0.819701
4444.129883 0.000000 2903.536133 0.000000 0.981727 0.000000 0.190293 0.780498 0.780498 0.780498
4434.343750 0.000000 2888.453613 0.000000 0.435611 0.000000 0.900135 0.800000 0.800000 0.800000
4422.634766 0.000000 2890.760742 0.000000 0.996121 0.000000 0.087989 0.800000 0.800000 0.800000
4425.231445 0.000000 2882.016357 0.000000 0.603071 0.000000 0.797688 0.705938 0.705938 0.705938
4436.506348 0.000000 2908.297363 0.000000 0.421586 0.000000 -0.906788 0.800000 0.800000 0.800000
4439.577637 0.000000 2911.219971 0.000000 0.205788 0.000000 -0.978597 0.800000 0.800000 0.800000
4444.752441 0.000000 2911.208008 0.000000 0.471429 0.000000 -0.881904 0.909996 0.909996 0.909996
4442.333008 0.000000 2905.201416 0.000000 0.990608 0.000000 0.136733 0.800000 0.800000 0.800000
4420.449707 0.000000 2896.799072 0.000000 0.295769 0.000000 0.955260 0.670584 0.670584 0.670584
4446.097168 0.000000 2904.304688 0.000000 0.183949 0.000000 0.982936 0.800000 0.800000 0.800000
4447.840820 0.000000 2903.206055 0.000000 0.934955 0.000000 0.354766 0.800000 0.800000 0.800000
4427.022461 0.000000 2883.128906 0.000000 0.120245 0.000000 -0.992744 0.947722 0.947722 0.947722
4437.622070 0.000000 2911.278564 0.000000 0.940318 0.000000 -0.340296 0.800000 0.800000 0.800000
4429.404297 0.000000 2885.707520 0.000000 0.568264 0.000000 -0.822846 0.898437 0.898437 0.898437
4421.084473 0.000000 2898.439941 0.000000 0.017181 0.000000 0.999852 0.641750 0.641750 0.641750
4439.774902 0.000000 2881.188232 0.000000 0.873415 0.000000 -0.486977 0.851808 0.851808 0.851808
4424.954102 0.000000 2894.368164 0.000000 0.585833 0.000000 0.810432 0.800000 0.800000 0.800000
4445.208496 0.000000 2907.582031 0.000000 0.631600 0.000000 -0.775294 0.890368 0.890368 0.890368
4444.509277 0.000000 2901.961182 0.000000 0.562349 0.000000 0.826900 0.800000 0.800000 0.800000
4422.004883 0.000000 2893.967285 0.000000 0.197034 0.000000 -0.980397 0.939798 0.939798 0.939798
4436.407227 0.000000 2880.043457 0.000000 0.692445 0.000000 0.721471 0.800000 0.800000 0.800000
4437.174805 0.000000 2909.702393 0.000000 0.311396 0.000000 -0.950280 0.800000 0.800000 0.800000
4423.279785 0.000000 2896.535889 0.000000 0.844108 0.000000 -0.536173 0.857642 0.857642 0.857642
4445.937012 0.000000 2908.963867 0.000000 0.192200 0.000000 0.981356 0.659700 0.659700 0.659700
4423.472168 0.000000 2894.815430 0.000000 0.607554 0.000000 0.794279 0.706512 0.706512 0.706512
4426.373047 0.000000 2885.573242 0.000000 0.996230 0.000000 0.086753 0.791152 0.791152 0.791152
4442.967285 0.000000 2902.413818 0.000000 0.371001 0.000000 -0.928633 0.800000 0.800000 0.800000
4420.779297 0.000000 2894.761719 0.000000 0.874376 0.000000 0.485249 0.800000 0.800000 0.800000
4437.584473 0.000000 2881.576416 0.000000 0.969298 0.000000 0.245890 0.800000 0.800000 0.800000
4444.750977 0.000000 2900.538330 0.000000 0.551011 0.000000 -0.834498 0.800000 0.800000 0.800000
4433.093750 0.000000 2887.772949 0.000000 0.927053 0.000000 -0.374930 0.800000 0.800000 0.800000
4420.275879 0.000000 2899.835449 0.000000 0.478083 0.000000 -0.878314 0.909226 0.909226 0.909226
4444.811523 0.000000 2904.857422 0.000000 0.260194 0.000000 0.965556 0.666812 0.666812 0.666812
4446.486816 0.000000 2902.969482 0.000000 0.346716 0.000000 0.937970 0.800000 0.800000 0.800000
4424.767090 0.000000 2892.968506 0.000000 0.477878 0.000000 0.878426 0.800000 0.800000 0.800000
4442.018066 0.000000 2901.348633 0.000000 0.942186 0.000000 -0.335091 0.800000 0.800000 0.800000
4421.890625 0.000000 2896.854004 0.000000 0.909217 0.000000 0.416321 0.756262 0.756262 0.756262
4422.478027 0.000000 2892.193604 0.000000 0.908332 0.000000 -0.418249 0.843954 0.843954 0.843954
4433.028809 0.000000 2889.145508 0.000000 0.738833 0.000000 -0.673889 0.875321 0.875321 0.875321
4434.159668 0.000000 2889.871094 0.000000 0.962504 0.000000 0.271269 0.800000 0.800000 0.800000
4439.783691 0.000000 2909.881836 0.000000 0.999979 0.000000 0.006404 0.800000 0.800000 0.800000
4424.317383 0.000000 2882.921875 0.000000 0.397749 0.000000 0.917494 0.681667 0.681667 0.681667
4442.864746 0.000000 2903.992188 0.000000 0.484154 0.000000 -0.874983 0.800000 0.800000 0.800000
4445.574219 0.000000 2910.200928 0.000000 0.580808 0.000000 -0.814040 0.896876 0.896876 0.896876
4426.750488 0.000000 2884.358154 0.000000 0.039118 0.000000 -0.999235 0.956015 0.956015 0.956015
4425.760254 0.000000 2883.160645 0.000000 0.494738 0.000000 0.869042 0.692715 0.692715 0.692715
4445.302246 0.000000 2902.902344 0.000000 0.721378 0.000000 0.692542 0.722077 0.722077 0.722077
4439.989746 0.000000 2880.038818 0.000000 0.028920 0.000000 0.999582 0.642946 0.642946 0.642946
4429.141602 0.000000 2884.603760 0.000000 0.992910 0.000000 -0.118868 0.812137 0.812137 0.812137
4423.764648 0.000000 2897.565430 0.000000 0.672416 0.000000 0.740173 0.715118 0.715118 0.715118
4444.143555 0.000000 2907.829834 0.000000 0.891927 0.000000 -0.452178 0.847793 0.847793 0.847793
4438.704102 0.000000 2881.313477 0.000000 0.131729 0.000000 0.991286 0.653457 0.653457 0.653457
4421.269043 0.000000 2899.452148 0.000000 0.892226 0.000000 0.451590 0.752274 0.752274 0.752274
4444.564941 0.000000 2909.982178 0.000000 0.912164 0.000000 0.409826 0.756989 0.756989 0.756989
4427.400879 0.000000 2885.863037 0.000000 0.409645 0.000000 0.912245 0.682991 0.682991 0.682991
4420.177734 0.000000 2897.937012 0.000000 0.858989 0.000000 -0.511994 0.854750 0.854750 0.854750
4445.180176 0.000000 2903.915283 0.000000 0.178087 0.000000 -0.984015 0.941763 0.941763 0.941763
4428.425781 0.000000 2885.708252 0.000000 0.805862 0.000000 0.592103 0.735455 0.735455 0.735455
4423.771973 0.000000 2895.711914 0.000000 0.900470 0.000000 -0.434919 0.845831 0.845831 0.845831
4421.833496 0.000000 2897.770752 0.000000 0.782021 0.000000 -0.623253 0.868541 0.868541 0.868541
4424.687988 0.000000 2883.815674 0.000000 0.009040 0.000000 0.999959 0.640921 0.640921 0.640921
4445.810547 0.000000 2905.191650 0.000000 0.939994 0.000000 -0.341192 0.835466 0.835466 0.835466
4422.888672 0.000000 2894.138916 0.000000 0.670472 0.000000 -0.741935 0.885149 0.885149 0.885149
4423.955566 0.000000 2892.507812 0.000000 0.989011 0.000000 0.147844 0.784885 0.784885 0.784885
4456.025879 0.000000 2888.900635 0.000000 0.839707 0.000000 -0.543040 0.858473 0.858473 0.858473
4455.399414 0.000000 2893.211670 0.000000 0.751676 0.000000 0.659533 0.800000 0.800000 0.800000
4452.715332 0.000000 2903.164795 0.000000 0.709503 0.000000 -0.704703 0.879654 0.879654 0.879654
4453.585449 0.000000 2910.219971 0.000000 0.672010 0.000000 -0.740542 0.884938 0.884938 0.884938
4453.031250 0.000000 2887.261963 0.000000 0.922564 0.000000 0.385843 0.800000 0.800000 0.800000
4453.583008 0.000000 2900.467041 0.000000 0.724443 0.000000 0.689335 0.722529 0.722529 0.722529
4454.121094 0.000000 2895.535889 0.000000 0.953451 0.000000 0.301547 0.800000 0.800000 0.800000
4449.910156 0.000000 2882.213623 0.000000 0.743292 0.000000 0.668967 0.800000 0.800000 0.800000
4453.046875 0.000000 2892.696533 0.000000 0.953244 0.000000 -0.302203 0.831271 0.831271 0.831271
4451.308105 0.000000 2901.141846 0.000000 0.176597 0.000000 -0.984283 0.800000 0.800000 0.800000
4456.943359 0.000000 2911.228271 0.000000 0.237925 0.000000 0.971283 0.800000 0.800000 0.800000
4450.690430 0.000000 2892.464844 0.000000 0.994688 0.000000 -0.102932 0.810503 0.810503 0.810503
4450.549805 0.000000 2902.988525 0.000000 0.184011 0.000000 -0.982924 0.941149 0.941149 0.941149
4456.813477 0.000000 2886.346436 0.000000 0.111053 0.000000 -0.993815 0.800000 0.800000 0.800000
4453.728027 0.000000 2889.091797 0.000000 0.894634 0.000000 -0.446799 0.800000 0.800000 0.800000
4448.099609 0.000000 2882.283447 0.000000 0.310710 0.000000 0.950505 0.800000 0.800000 0.800000
4455.091309 0.000000 2911.415527 0.000000 0.672788 0.000000 -0.739835 0.884831 0.884831 0.884831
4457.841797 0.000000 2888.814941 0.000000 0.144425 0.000000 0.989516 0.654763 0.654763 0.654763
4454.800293 0.000000 2887.549316 0.000000 0.583641 0.000000 -0.812012 0.800000 0.800000 0.800000
4452.132812 0.000000 2911.408691 0.000000 0.940043 0.000000 -0.341055 0.835451 0.835451 0.835451
4449.769531 0.000000 2893.905029 0.000000 0.027294 0.000000 -0.999627 0.800000 0.800000 0.800000
4451.132812 0.000000 2904.600098 0.000000 0.299768 0.000000 0.954012 0.671011 0.671011 0.671011
4454.004883 0.000000 2893.967285 0.000000 0.632086 0.000000 0.774899 0.800000 0.800000 0.800000
4455.472168 0.000000 2894.815430 0.000000 0.882163 0.000000 -0.470944 0.800000 0.800000 0.800000
4452.270996 0.000000 2888.805420 0.000000 0.986181 0.000000 0.165671 0.800000 0.800000 0.800000
4451.146484 0.000000 2883.160889 0.000000 0.393657 0.000000 0.919258 0.681213 0.681213 0.681213
4452.715332 0.000000 2901.678467 0.000000 0.654458 0.000000 -0.756099 0.887327 0.887327 0.887327
4452.779297 0.000000 2894.761719 0.000000 0.031873 0.000000 0.999492 0.800000 0.800000 0.800000
4453.629883 0.000000 2911.727539 0.000000 0.792000 0.000000 -0.610521 0.866893 0.866893 0.866893
4451.802734 0.000000 2893.460449 0.000000 0.740690 0.000000 0.671847 0.724960 0.724960 0.724960
4448.576172 0.000000 2893.288574 0.000000 0.467145 0.000000 -0.884180 0.800000 0.800000 0.800000
4454.478027 0.000000 2892.193604 0.000000 0.657143 0.000000 0.753766 0.800000 0.800000 0.800000
4451.937988 0.000000 2907.171631 0.000000 0.911135 0.000000 -0.412107 0.800000 0.800000 0.800000
4457.021973 0.000000 2887.747803 0.000000 0.259183 0.000000 0.965828 0.800000 0.800000 0.800000
4453.958496 0.000000 2902.570068 0.000000 0.519358 0.000000 0.854557 0.695625 0.695625 0.695625
4454.928223 0.000000 2889.527344 0.000000 0.859053 0.000000 -0.511887 0.854737 0.854737 0.854737
4451.617188 0.000000 2902.389648 0.000000 0.915532 0.000000 -0.402244 0.842166 0.842166 0.842166
4451.645020 0.000000 2903.593750 0.000000 0.208848 0.000000 0.977948 0.661431 0.661431 0.661431
4450.041992 0.000000 2905.681152 0.000000 0.977539 0.000000 -0.210753 0.821629 0.821629 0.821629
4453.720215 0.000000 2903.634033 0.000000 0.479116 0.000000 0.877751 0.690894 0.690894 0.690894
4450.121094 0.000000 2903.972900 0.000000 0.766570 0.000000 -0.642161 0.871028 0.871028 0.871028
4450.775879 0.000000 2893.561035 0.000000 0.945920 0.000000 0.324399 0.766348 0.766348 0.766348
4452.772949 0.000000 2893.647705 0.000000 0.824068 0.000000 0.566491 0.738656 0.738656 0.738656
4454.683105 0.000000 2888.563477 0.000000 0.999851 0.000000 0.017267 0.798241 0.798241 0.798241
4452.282227 0.000000 2900.809082 0.000000 0.970671 0.000000 0.240411 0.775270 0.775270 0.775270
4451.576660 0.000000 2905.463135 0.000000 0.390310 0.000000 0.920683 0.680842 0.680842 0.680842
4453.993164 0.000000 2892.966064 0.000000 0.960918 0.000000 -0.276835 0.828571 0.828571 0.828571
4424.678711 0.000000 2934.482178 0.000000 0.992473 0.000000 -0.122463 0.812505 0.812505 0.812505
4428.227051 0.000000 2923.086914 0.000000 0.562834 0.000000 0.826570 0.800000 0.800000 0.800000
4446.169434 0.000000 2915.512451 0.000000 0.893139 0.000000 0.449780 0.800000 0.800000 0.800000
4426.452637 0.000000 2931.263672 0.000000 0.988499 0.000000 -0.151226 0.815463 0.815463 0.815463
4430.090332 0.000000 2929.265625 0.000000 0.988623 0.000000 -0.150417 0.800000 0.800000 0.800000
4429.002930 0.000000 2925.574463 0.000000 0.698856 0.000000 0.715262 0.718818 0.718818 0.718818
4430.793945 0.000000 2923.786133 0.000000 0.456338 0.000000 0.889807 0.800000 0.800000 0.800000
4424.606934 0.000000 2936.800537 0.000000 0.524640 0.000000 -0.851324 0.903744 0.903744 0.903744
4447.286621 0.000000 2917.688477 0.000000 0.681807 0.000000 -0.731533 0.800000 0.800000 0.800000
4422.794922 0.000000 2935.625977 0.000000 0.268125 0.000000 -0.963384 0.800000 0.800000 0.800000
4428.557617 0.000000 2930.748535 0.000000 0.472908 0.000000 0.881112 0.690175 0.690175 0.690175
4431.460938 0.000000 2930.784424 0.000000 0.004230 0.000000 0.999991 0.800000 0.800000 0.800000
4422.037109 0.000000 2937.124512 0.000000 0.939951 0.000000 -0.341310 0.800000 0.800000 0.800000
4431.556152 0.000000 2928.201416 0.000000 0.960534 0.000000 -0.278162 0.800000 0.800000 0.800000
4447.477051 0.000000 2914.709717 0.000000 0.999274 0.000000 0.038105 0.800000 0.800000 0.800000
4430.538574 0.000000 2925.278564 0.000000 0.740255 0.000000 0.672326 0.724894 0.724894 0.724894
4425.941406 0.000000 2937.449951 0.000000 0.631396 0.000000 0.775461 0.709606 0.709606 0.709606
4429.304199 0.000000 2924.070801 0.000000 0.503911 0.000000 -0.863755 0.906206 0.906206 0.906206
4429.906738 0.000000 2931.101074 0.000000 0.761517 0.000000 0.648145 0.728174 0.728174 0.728174
4427.434082 0.000000 2930.162598 0.000000 0.837622 0.000000 -0.546251 0.858863 0.858863 0.858863
4424.086914 0.000000 2935.611572 0.000000 0.977064 0.000000 0.212947 0.778142 0.778142 0.778142
4428.971680 0.000000 2931.848633 0.000000 0.456375 0.000000 0.889787 0.688273 0.688273 0.688273
4425.305664 0.000000 2935.462891 0.000000 0.328549 0.000000 -0.944487 0.925901 0.925901 0.925901
4431.592285 0.000000 2924.828369 0.000000 0.916317 0.000000 -0.400455 0.841967 0.841967 0.841967
4429.678711 0.000000 2924.903564 0.000000 0.272200 0.000000 0.962241 0.668080 0.668080 0.668080
4431.450195 0.000000 2925.717041 0.000000 0.977615 0.000000 -0.210401 0.821593 0.821593 0.821593
4428.054688 0.000000 2925.512207 0.000000 0.354667 0.000000 0.934993 0.676930 0.676930 0.676930
4448.750488 0.000000 2919.931396 0.000000 0.420901 0.000000 -0.907106 0.800000 0.800000 0.800000
4455.825195 0.000000 2912.071533 0.000000 0.474924 0.000000 0.880027 0.690408 0.690408 0.690408
4452.372559 0.000000 2915.959717 0.000000 0.999949 0.000000 0.010083 0.798973 0.798973 0.798973
4448.253906 0.000000 2916.108398 0.000000 0.867593 0.000000 -0.497275 0.853013 0.853013 0.853013
4451.864258 0.000000 2912.624512 0.000000 0.973379 0.000000 -0.229203 0.800000 0.800000 0.800000
4450.424805 0.000000 2917.752441 0.000000 0.185765 0.000000 -0.982594 0.940968 0.940968 0.940968
4449.910156 0.000000 2914.213623 0.000000 0.527182 0.000000 0.849753 0.800000 0.800000 0.800000
4453.978027 0.000000 2913.123779 0.000000 0.195510 0.000000 0.980702 0.660044 0.660044 0.660044
4448.085449 0.000000 2918.143555 0.000000 0.905593 0.000000 0.424148 0.800000 0.800000 0.800000
4457.716309 0.000000 2912.087891 0.000000 0.489801 0.000000 -0.871834 0.800000 0.800000 0.800000
4448.099609 0.000000 2914.283447 0.000000 0.774379 0.000000 -0.632722 0.800000 0.800000 0.800000
4449.994629 0.000000 2916.045898 0.000000 0.404632 0.000000 -0.914480 0.917568 0.917568 0.917568
4452.650391 0.000000 2914.273438 0.000000 0.408118 0.000000 0.912929 0.682821 0.682821 0.682821
4450.095215 0.000000 2912.526367 0.000000 0.762115 0.000000 0.647441 0.800000 0.800000 0.800000
4451.146484 0.000000 2915.160889 0.000000 0.891463 0.000000 0.453094 0.752102 0.752102 0.752102
4455.705078 0.000000 2913.487549 0.000000 0.451426 0.000000 0.892309 0.687707 0.687707 0.687707
4449.936035 0.000000 2919.123535 0.000000 0.232164 0.000000 -0.972677 0.800000 0.800000 0.800000
4451.356934 0.000000 2918.773193 0.000000 0.897211 0.000000 -0.441602 0.846589 0.846589 0.846589
4449.121582 0.000000 2917.165771 0.000000 0.195772 0.000000 -0.980649 0.939929 0.939929 0.939929
4451.266113 0.000000 2916.687256 0.000000 0.556829 0.000000 0.830627 0.700154 0.700154 0.700154
4453.088867 0.000000 2912.176758 0.000000 0.779013 0.000000 -0.627008 0.869031 0.869031 0.869031
4453.750977 0.000000 2915.010254 0.000000 0.133743 0.000000 0.991016 0.653664 0.653664 0.653664
4454.551758 0.000000 2912.014648 0.000000 0.009971 0.000000 0.999950 0.641016 0.641016 0.641016
4452.826660 0.000000 2913.200439 0.000000 0.884848 0.000000 -0.465879 0.849364 0.849364 0.849364
4448.084961 0.000000 2917.102295 0.000000 0.586541 0.000000 0.809919 0.703844 0.703844 0.703844
4549.031250 0.000000 2823.261963 0.000000 0.854548 0.000000 0.519372 0.800000 0.800000 0.800000
4546.969727 0.000000 2824.090576 0.000000 0.610340 0.000000 -0.792140 0.893131 0.893131 0.893131
4549.728027 0.000000 2825.091797 0.000000 0.682331 0.000000 0.731044 0.800000 0.800000 0.800000
4548.270996 0.000000 2824.805420 0.000000 0.641178 0.000000 0.767393 0.800000 0.800000 0.800000
4547.356934 0.000000 2822.773193 0.000000 0.058211 0.000000 0.998304 0.800000 0.800000 0.800000
4547.125488 0.000000 2825.553711 0.000000 0.118692 0.000000 -0.992931 0.947882 0.947882 0.947882
4578.681641 0.000000 2875.806152 0.000000 0.754906 0.000000 -0.655833 0.872858 0.872858 0.872858
4577.410156 0.000000 2872.737793 0.000000 0.910491 0.000000 0.413528 0.800000 0.800000 0.800000
4576.136719 0.000000 2875.778564 0.000000 0.383560 0.000000 0.923516 0.800000 0.800000 0.800000
4577.317871 0.000000 2874.482666 0.000000 0.653520 0.000000 0.756910 0.800000 0.800000 0.800000
4579.132812 0.000000 2872.600098 0.000000 0.989198 0.000000 0.146588 0.800000 0.800000 0.800000
4578.979492 0.000000 2874.207031 0.000000 0.921822 0.000000 -0.387613 0.840544 0.840544 0.840544
4576.043457 0.000000 2873.542969 0.000000 0.007141 0.000000 -0.999974 0.800000 0.800000 0.800000
4579.937988 0.000000 2875.171631 0.000000 0.971758 0.000000 -0.235982 0.824266 0.824266 0.824266
4492.227051 0.000000 2891.086914 0.000000 0.173116 0.000000 0.984901 0.657723 0.657723 0.657723
4486.732910 0.000000 2897.989014 0.000000 0.915434 0.000000 -0.402467 0.842191 0.842191 0.842191
4497.279785 0.000000 2886.307373 0.000000 0.972286 0.000000 0.233794 0.800000 0.800000 0.800000
4483.427246 0.000000 2898.665771 0.000000 0.077616 0.000000 0.996983 0.647914 0.647914 0.647914
4488.730469 0.000000 2896.014893 0.000000 0.739257 0.000000 0.673423 0.724743 0.724743 0.724743
4493.002930 0.000000 2893.574463 0.000000 0.718724 0.000000 -0.695295 0.878312 0.878312 0.878312
4494.793945 0.000000 2891.786133 0.000000 0.993475 0.000000 0.114054 0.788357 0.788357 0.788357
4486.121094 0.000000 2895.535889 0.000000 0.078541 0.000000 0.996911 0.800000 0.800000 0.800000
4495.752441 0.000000 2888.400391 0.000000 0.041299 0.000000 0.999147 0.644208 0.644208 0.644208
4495.149414 0.000000 2886.040283 0.000000 0.553295 0.000000 0.832986 0.800000 0.800000 0.800000
4493.948730 0.000000 2889.685547 0.000000 0.410044 0.000000 0.912066 0.800000 0.800000 0.800000
4484.449707 0.000000 2896.799072 0.000000 0.137107 0.000000 -0.990556 0.800000 0.800000 0.800000
4485.084473 0.000000 2898.439941 0.000000 0.512209 0.000000 -0.858861 0.905225 0.905225 0.905225
4488.954102 0.000000 2894.368164 0.000000 0.658866 0.000000 0.752260 0.800000 0.800000 0.800000
4487.279785 0.000000 2896.535889 0.000000 0.829827 0.000000 0.558021 0.739700 0.739700 0.739700
4495.504883 0.000000 2889.930908 0.000000 0.341316 0.000000 -0.939949 0.924521 0.924521 0.924521
4487.472168 0.000000 2894.815430 0.000000 0.931049 0.000000 0.364895 0.800000 0.800000 0.800000
4493.304199 0.000000 2892.070801 0.000000 0.471959 0.000000 0.881620 0.690065 0.690065 0.690065
4497.093750 0.000000 2887.772949 0.000000 0.110403 0.000000 -0.993887 0.800000 0.800000 0.800000
4486.658691 0.000000 2899.520996 0.000000 0.032521 0.000000 -0.999471 0.800000 0.800000 0.800000
4484.275879 0.000000 2899.835449 0.000000 0.173520 0.000000 -0.984830 0.942235 0.942235 0.942235
4485.890625 0.000000 2896.854004 0.000000 0.521349 0.000000 -0.853343 0.800000 0.800000 0.800000
4497.028809 0.000000 2889.145508 0.000000 0.419975 0.000000 -0.907536 0.800000 0.800000 0.800000
4494.892090 0.000000 2887.335938 0.000000 0.909719 0.000000 0.415224 0.800000 0.800000 0.800000
4482.788086 0.000000 2899.918701 0.000000 0.957702 0.000000 -0.287762 0.829732 0.829732 0.829732
4494.370117 0.000000 2888.517090 0.000000 0.999999 0.000000 0.001721 0.799825 0.799825 0.799825
4489.469238 0.000000 2896.868164 0.000000 0.052130 0.000000 0.998640 0.645312 0.645312 0.645312
4482.366699 0.000000 2898.832520 0.000000 0.993801 0.000000 0.111174 0.788652 0.788652 0.788652
4485.269043 0.000000 2899.452148 0.000000 0.708204 0.000000 -0.706008 0.879842 0.879842 0.879842
4591.261719 0.000000 2907.264648 0.000000 0.009114 0.000000 -0.999958 0.800000 0.800000 0.800000
4592.790039 0.000000 2905.376221 0.000000 0.765251 0.000000 -0.643732 0.871237 0.871237 0.871237
4595.272949 0.000000 2904.730713 0.000000 0.531057 0.000000 -0.847336 0.800000 0.800000 0.800000
4593.138184 0.000000 2907.270508 0.000000 0.724756 0.000000 -0.689006 0.877425 0.877425 0.877425
4591.311523 0.000000 2905.578857 0.000000 0.764621 0.000000 0.644480 0.800000 0.800000 0.800000
4593.899414 0.000000 2904.325195 0.000000 0.995817 0.000000 0.091370 0.790680 0.790680 0.790680
4352.750488 0.000000 2951.931396 0.000000 0.999967 0.000000 0.008080 0.800000 0.800000 0.800000
4355.295410 0.000000 2958.797363 0.000000 0.961907 0.000000 0.273376 0.771795 0.771795 0.771795
4381.641113 0.000000 2951.481201 0.000000 0.800189 0.000000 0.599748 0.734486 0.734486 0.734486
4356.223145 0.000000 2954.437012 0.000000 0.278891 0.000000 0.960323 0.668789 0.668789 0.668789
4352.374512 0.000000 2955.903809 0.000000 0.990117 0.000000 -0.140241 0.800000 0.800000 0.800000
4352.253906 0.000000 2948.108398 0.000000 0.115720 0.000000 0.993282 0.800000 0.800000 0.800000
4365.525879 0.000000 2951.489746 0.000000 0.550278 0.000000 0.834982 0.800000 0.800000 0.800000
4363.314453 0.000000 2945.086914 0.000000 0.785531 0.000000 -0.618823 0.800000 0.800000 0.800000
4357.031250 0.000000 2951.261963 0.000000 0.919094 0.000000 0.394039 0.800000 0.800000 0.800000
4362.603516 0.000000 2951.180908 0.000000 0.866956 0.000000 -0.498384 0.800000 0.800000 0.800000
4352.165039 0.000000 2958.609863 0.000000 0.773886 0.000000 0.633324 0.730141 0.730141 0.730141
4354.424805 0.000000 2949.752441 0.000000 0.648217 0.000000 0.761455 0.800000 0.800000 0.800000
4363.909180 0.000000 2948.884033 0.000000 0.638822 0.000000 -0.769355 0.889415 0.889415 0.889415
4380.129883 0.000000 2967.536133 0.000000 0.557045 0.000000 0.830482 0.700181 0.700181 0.700181
4368.790039 0.000000 2969.376221 0.000000 0.734239 0.000000 0.678891 0.800000 0.800000 0.800000
4353.856445 0.000000 2954.018311 0.000000 0.294349 0.000000 0.955698 0.800000 0.800000 0.800000
4380.065918 0.000000 2949.843994 0.000000 0.773578 0.000000 -0.633701 0.800000 0.800000 0.800000
4354.690430 0.000000 2956.464844 0.000000 0.712637 0.000000 0.701533 0.720800 0.720800 0.720800
4354.969727 0.000000 2952.090576 0.000000 0.717597 0.000000 0.696459 0.721523 0.721523 0.721523
4365.063965 0.000000 2946.168945 0.000000 0.942830 0.000000 0.333273 0.765391 0.765391 0.765391
4363.022461 0.000000 2947.128906 0.000000 0.245331 0.000000 0.969439 0.800000 0.800000 0.800000
4365.092285 0.000000 2944.144287 0.000000 0.567857 0.000000 -0.823127 0.800000 0.800000 0.800000
4383.358887 0.000000 2952.318359 0.000000 0.222014 0.000000 0.975043 0.800000 0.800000 0.800000
4357.728027 0.000000 2953.091797 0.000000 0.341960 0.000000 -0.939715 0.924451 0.924451 0.924451
4352.085449 0.000000 2950.143555 0.000000 0.343429 0.000000 -0.939179 0.800000 0.800000 0.800000
4368.729980 0.000000 2967.479980 0.000000 0.240508 0.000000 0.970647 0.800000 0.800000 0.800000
4353.994629 0.000000 2948.045898 0.000000 0.920333 0.000000 -0.391136 0.800000 0.800000 0.800000
4352.088867 0.000000 2954.001709 0.000000 0.316881 0.000000 -0.948465 0.800000 0.800000 0.800000
4365.404297 0.000000 2949.707520 0.000000 0.174672 0.000000 0.984627 0.657884 0.657884 0.657884
4353.769531 0.000000 2957.905029 0.000000 0.381711 0.000000 0.924282 0.679893 0.679893 0.679893
4381.640137 0.000000 2949.107666 0.000000 0.153770 0.000000 -0.988107 0.800000 0.800000 0.800000
4364.095703 0.000000 2950.644043 0.000000 0.957698 0.000000 0.287776 0.800000 0.800000 0.800000
4378.720703 0.000000 2949.085205 0.000000 0.996648 0.000000 0.081815 0.800000 0.800000 0.800000
4362.373047 0.000000 2949.573242 0.000000 0.853456 0.000000 -0.521165 0.855841 0.855841 0.855841
4356.270996 0.000000 2952.805420 0.000000 0.991938 0.000000 0.126728 0.787057 0.787057 0.787057
4378.967285 0.000000 2966.413818 0.000000 0.299185 0.000000 -0.954195 0.929051 0.929051 0.929051
4378.654785 0.000000 2950.568604 0.000000 0.980093 0.000000 0.198537 0.800000 0.800000 0.800000
4364.598633 0.000000 2947.608154 0.000000 0.408953 0.000000 0.912555 0.682914 0.682914 0.682914
4355.802734 0.000000 2957.460449 0.000000 0.589240 0.000000 -0.807958 0.895817 0.895817 0.895817
4369.899414 0.000000 2968.325195 0.000000 0.510469 0.000000 -0.859896 0.800000 0.800000 0.800000
4353.936035 0.000000 2951.123535 0.000000 0.320257 0.000000 -0.947331 0.800000 0.800000 0.800000
4380.213379 0.000000 2951.288330 0.000000 0.741146 0.000000 0.671344 0.725030 0.725030 0.725030
4354.920898 0.000000 2955.072754 0.000000 0.139161 0.000000 -0.990270 0.945779 0.945779 0.945779
4380.811523 0.000000 2968.857422 0.000000 0.713504 0.000000 0.700651 0.800000 0.800000 0.800000
4355.356934 0.000000 2950.773193 0.000000 0.632576 0.000000 0.774498 0.800000 0.800000 0.800000
4353.121582 0.000000 2949.165771 0.000000 0.102137 0.000000 -0.994770 0.800000 0.800000 0.800000
4357.317383 0.000000 2955.345459 0.000000 0.689027 0.000000 0.724736 0.717428 0.717428 0.717428
4353.858887 0.000000 2959.321289 0.000000 0.133897 0.000000 -0.990995 0.946320 0.946320 0.946320
4352.576172 0.000000 2957.288574 0.000000 0.353712 0.000000 0.935355 0.676826 0.676826 0.676826
4380.323730 0.000000 2948.493408 0.000000 0.851610 0.000000 0.524176 0.800000 0.800000 0.800000
4355.125488 0.000000 2953.553711 0.000000 0.843633 0.000000 -0.536920 0.857732 0.857732 0.857732
4355.266113 0.000000 2948.687256 0.000000 0.843547 0.000000 -0.537055 0.800000 0.800000 0.800000
4353.641113 0.000000 2955.508301 0.000000 0.978956 0.000000 -0.204073 0.800000 0.800000 0.800000
4378.864746 0.000000 2967.992188 0.000000 0.517102 0.000000 0.855924 0.695356 0.695356 0.695356
4355.878418 0.000000 2955.948730 0.000000 0.438057 0.000000 0.898947 0.686187 0.686187 0.686187
4362.750488 0.000000 2948.358154 0.000000 0.869455 0.000000 -0.494012 0.852630 0.852630 0.852630
4381.302246 0.000000 2966.902344 0.000000 0.745082 0.000000 -0.666973 0.874371 0.874371 0.874371
4381.316895 0.000000 2950.328369 0.000000 0.182642 0.000000 -0.983179 0.941291 0.941291 0.941291
4365.141602 0.000000 2948.603760 0.000000 0.969765 0.000000 0.244042 0.774888 0.774888 0.774888
4357.283691 0.000000 2954.150391 0.000000 0.232595 0.000000 0.972574 0.663911 0.663911 0.663911
4354.775879 0.000000 2957.561035 0.000000 0.484786 0.000000 -0.874633 0.908447 0.908447 0.908447
4363.400879 0.000000 2949.863037 0.000000 0.820983 0.000000 0.570953 0.738104 0.738104 0.738104
4365.487305 0.000000 2947.117676 0.000000 0.990435 0.000000 -0.137983 0.814100 0.814100 0.814100
4381.180176 0.000000 2967.915283 0.000000 0.896403 0.000000 0.443241 0.753225 0.753225 0.753225
4364.425781 0.000000 2949.708252 0.000000 0.793557 0.000000 0.608496 0.733367 0.733367 0.733367
4379.834473 0.000000 2966.636719 0.000000 0.862356 0.000000 0.506303 0.745924 0.745924 0.745924
4392.678711 0.000000 2966.482178 0.000000 0.994647 0.000000 -0.103333 0.800000 0.800000 0.800000
4390.732910 0.000000 2961.989014 0.000000 0.737448 0.000000 -0.675404 0.800000 0.800000 0.800000
4391.004883 0.000000 2970.616211 0.000000 0.131980 0.000000 -0.991252 0.800000 0.800000 0.800000
4395.641113 0.000000 2969.407471 0.000000 0.882696 0.000000 -0.469944 0.849832 0.849832 0.849832
4394.452637 0.000000 2963.263672 0.000000 0.760191 0.000000 0.649699 0.800000 0.800000 0.800000
4395.811035 0.000000 2966.370850 0.000000 0.868361 0.000000 0.495934 0.800000 0.800000 0.800000
4392.730469 0.000000 2960.014893 0.000000 0.863178 0.000000 -0.504901 0.853911 0.853911 0.853911
4388.546387 0.000000 2969.718994 0.000000 0.203119 0.000000 -0.979154 0.800000 0.800000 0.800000
4392.606934 0.000000 2968.800537 0.000000 0.747277 0.000000 0.664513 0.725965 0.725965 0.725965
4389.052734 0.000000 2971.980469 0.000000 0.589218 0.000000 0.807974 0.704181 0.704181 0.704181
4392.741699 0.000000 2962.063965 0.000000 0.096121 0.000000 0.995370 0.649806 0.649806 0.649806
4394.366699 0.000000 2967.943359 0.000000 0.003393 0.000000 -0.999994 0.800000 0.800000 0.800000
4394.488281 0.000000 2961.351807 0.000000 0.144489 0.000000 0.989506 0.800000 0.800000 0.800000
4390.037109 0.000000 2969.124512 0.000000 0.977122 0.000000 0.212680 0.800000 0.800000 0.800000
4391.279785 0.000000 2960.535889 0.000000 0.652817 0.000000 -0.757516 0.800000 0.800000 0.800000
4393.941406 0.000000 2969.449951 0.000000 0.963397 0.000000 0.268077 0.772356 0.772356 0.772356
4390.658691 0.000000 2963.520996 0.000000 0.461390 0.000000 0.887197 0.800000 0.800000 0.800000
4394.451660 0.000000 2966.542480 0.000000 0.917375 0.000000 0.398025 0.800000 0.800000 0.800000
4389.501953 0.000000 2970.658447 0.000000 0.161141 0.000000 0.986931 0.656486 0.656486 0.656486
4385.788574 0.000000 2952.716064 0.000000 0.250525 0.000000 -0.968110 0.934207 0.934207 0.934207
4393.382812 0.000000 2963.967529 0.000000 0.913931 0.000000 -0.405870 0.842570 0.842570 0.842570
4395.564453 0.000000 2968.121338 0.000000 0.083994 0.000000 0.996466 0.648566 0.648566 0.648566
4393.469238 0.000000 2960.868164 0.000000 0.243858 0.000000 0.969811 0.665092 0.665092 0.665092
4393.879395 0.000000 2962.285889 0.000000 0.242706 0.000000 0.970100 0.664971 0.664971 0.664971
4392.789551 0.000000 2963.118408 0.000000 0.671425 0.000000 0.741072 0.714982 0.714982 0.714982
4394.806641 0.000000 2968.839600 0.000000 0.385021 0.000000 0.922908 0.680258 0.680258 0.680258
4392.462891 0.000000 2960.914551 0.000000 0.042497 0.000000 0.999097 0.644330 0.644330 0.644330
4362.484375 0.000000 3005.530273 0.000000 0.851476 0.000000 0.524393 0.743774 0.743774 0.743774
4359.825195 0.000000 2976.071533 0.000000 0.748007 0.000000 -0.663691 0.800000 0.800000 0.800000
4371.564941 0.000000 2992.439941 0.000000 0.054021 0.000000 0.998540 0.800000 0.800000 0.800000
4359.004883 0.000000 3002.616211 0.000000 0.764559 0.000000 -0.644554 0.871346 0.871346 0.871346
4372.712891 0.000000 2984.359619 0.000000 0.993495 0.000000 0.113878 0.788375 0.788375 0.788375
4372.550293 0.000000 2988.627441 0.000000 0.487936 0.000000 -0.872879 0.908080 0.908080 0.908080
4352.253906 0.000000 2980.108398 0.000000 0.590222 0.000000 -0.807241 0.800000 0.800000 0.800000
4357.031250 0.000000 2983.261963 0.000000 0.777812 0.000000 -0.628497 0.800000 0.800000 0.800000
4358.954102 0.000000 2978.892090 0.000000 0.314845 0.000000 -0.949143 0.800000 0.800000 0.800000
4365.086914 0.000000 3004.827637 0.000000 0.132754 0.000000 0.991149 0.800000 0.800000 0.800000
4354.424805 0.000000 2981.752441 0.000000 0.672984 0.000000 0.739657 0.715196 0.715196 0.715196
4372.021973 0.000000 2995.723633 0.000000 0.525286 0.000000 -0.850926 0.800000 0.800000 0.800000
4358.988281 0.000000 2981.618164 0.000000 0.674905 0.000000 0.737905 0.715461 0.715461 0.715461
4373.661621 0.000000 2986.533447 0.000000 0.744564 0.000000 0.667551 0.725550 0.725550 0.725550
4370.343750 0.000000 2984.453613 0.000000 0.824595 0.000000 0.565724 0.800000 0.800000 0.800000
4361.231445 0.000000 2978.016357 0.000000 0.772589 0.000000 -0.634906 0.800000 0.800000 0.800000
4357.052734 0.000000 3003.980469 0.000000 0.683410 0.000000 -0.730035 0.800000 0.800000 0.800000
4371.419434 0.000000 2986.523438 0.000000 0.659343 0.000000 0.751842 0.800000 0.800000 0.800000
4365.745117 0.000000 3001.721191 0.000000 0.869017 0.000000 -0.494782 0.800000 0.800000 0.800000
4372.409180 0.000000 2997.745361 0.000000 0.988531 0.000000 -0.151021 0.800000 0.800000 0.800000
4363.431641 0.000000 3003.744873 0.000000 0.280011 0.000000 -0.959997 0.800000 0.800000 0.800000
4370.670898 0.000000 2988.294678 0.000000 0.965357 0.000000 -0.260931 0.826889 0.826889 0.826889
4370.598145 0.000000 2996.992676 0.000000 0.892664 0.000000 -0.450723 0.800000 0.800000 0.800000
4361.716309 0.000000 2976.087891 0.000000 0.330254 0.000000 -0.943892 0.800000 0.800000 0.800000
4358.800293 0.000000 2983.549316 0.000000 0.688533 0.000000 -0.725205 0.882642 0.882642 0.882642
4353.994629 0.000000 2980.045898 0.000000 0.315695 0.000000 0.948861 0.800000 0.800000 0.800000
4356.238770 0.000000 2981.706787 0.000000 0.695121 0.000000 0.718892 0.800000 0.800000 0.800000
4360.954102 0.000000 2990.368164 0.000000 0.978581 0.000000 0.205862 0.800000 0.800000 0.800000
4357.989258 0.000000 2980.228760 0.000000 0.733775 0.000000 -0.679393 0.800000 0.800000 0.800000
4365.342773 0.000000 3003.266113 0.000000 0.419316 0.000000 0.907840 0.684074 0.684074 0.684074
4373.537109 0.000000 2995.403809 0.000000 0.728398 0.000000 0.685154 0.800000 0.800000 0.800000
4359.845215 0.000000 2980.212891 0.000000 0.906536 0.000000 -0.422128 0.844389 0.844389 0.844389
4359.705078 0.000000 2977.487549 0.000000 0.053879 0.000000 0.998547 0.800000 0.800000 0.800000
4363.888184 0.000000 3005.594971 0.000000 0.993087 0.000000 0.117380 0.788016 0.788016 0.788016
4372.943848 0.000000 2982.841797 0.000000 0.510621 0.000000 -0.859806 0.800000 0.800000 0.800000
4353.121582 0.000000 2981.165771 0.000000 0.355325 0.000000 0.934743 0.800000 0.800000 0.800000
4371.382812 0.000000 2989.428955 0.000000 0.963256 0.000000 -0.268584 0.827698 0.827698 0.827698
4362.851074 0.000000 3002.534668 0.000000 0.692012 0.000000 0.721886 0.800000 0.800000 0.800000
4370.159668 0.000000 2985.871094 0.000000 0.256136 0.000000 -0.966641 0.800000 0.800000 0.800000
4372.555176 0.000000 2985.725342 0.000000 0.842594 0.000000 -0.538550 0.857929 0.857929 0.857929
4355.266113 0.000000 2980.687256 0.000000 0.570756 0.000000 -0.821120 0.898128 0.898128 0.898128
4357.501953 0.000000 3002.658447 0.000000 0.850699 0.000000 -0.525652 0.800000 0.800000 0.800000
4373.898438 0.000000 2985.118652 0.000000 0.986363 0.000000 -0.164581 0.816841 0.816841 0.816841
4357.715820 0.000000 2981.962158 0.000000 0.974208 0.000000 0.225654 0.800000 0.800000 0.800000
4364.142090 0.000000 3002.657715 0.000000 0.647973 0.000000 -0.761663 0.888197 0.888197 0.888197
4360.317383 0.000000 2978.921875 0.000000 0.603196 0.000000 -0.797593 0.800000 0.800000 0.800000
4372.528320 0.000000 2987.285400 0.000000 0.884222 0.000000 -0.467067 0.849501 0.849501 0.849501
4370.315918 0.000000 2992.920898 0.000000 0.546656 0.000000 0.837357 0.800000 0.800000 0.800000
4373.635254 0.000000 2989.374756 0.000000 0.306192 0.000000 0.951970 0.671698 0.671698 0.671698
4373.627441 0.000000 2988.024170 0.000000 0.777573 0.000000 0.628792 0.730736 0.730736 0.730736
4359.649902 0.000000 2982.716797 0.000000 0.939216 0.000000 -0.343328 0.835697 0.835697 0.835697
4372.487793 0.000000 2989.906006 0.000000 0.617960 0.000000 -0.786210 0.892147 0.892147 0.892147
4359.849609 0.000000 2983.838379 0.000000 0.231294 0.000000 -0.972884 0.936225 0.936225 0.936225
4364.471680 0.000000 3003.883057 0.000000 0.919982 0.000000 0.391961 0.758975 0.758975 0.758975
4358.559082 0.000000 2982.539795 0.000000 0.761602 0.000000 0.648045 0.728188 0.728188 0.728188
4358.931152 0.000000 2980.607666 0.000000 0.346190 0.000000 0.938164 0.676008 0.676008 0.676008
4364.886230 0.000000 3002.089844 0.000000 0.977116 0.000000 -0.212709 0.821833 0.821833 0.821833
4438.093262 0.000000 2993.928223 0.000000 0.372680 0.000000 0.927960 0.678900 0.678900 0.678900
4440.093750 0.000000 2993.496338 0.000000 0.094110 0.000000 0.995562 0.649600 0.649600 0.649600
4438.055664 0.000000 2992.229248 0.000000 0.388551 0.000000 -0.921427 0.919352 0.919352 0.919352
4440.767090 0.000000 2992.208496 0.000000 0.146292 0.000000 0.989241 0.654955 0.654955 0.654955
4441.734863 0.000000 2993.158447 0.000000 0.491804 0.000000 0.870706 0.692372 0.692372 0.692372
4439.010742 0.000000 2992.991699 0.000000 0.804579 0.000000 0.593846 0.735235 0.735235 0.735235
4439.869629 0.000000 2992.563232 0.000000 0.037848 0.000000 -0.999283 0.956144 0.956144 0.956144
4458.484375 0.000000 3005.530273 0.000000 0.805706 0.000000 0.592316 0.800000 0.800000 0.800000
4457.595215 0.000000 3002.996582 0.000000 0.965554 0.000000 -0.260202 0.800000 0.800000 0.800000
4459.431641 0.000000 3003.744873 0.000000 0.996689 0.000000 0.081304 0.800000 0.800000 0.800000
4457.299805 0.000000 3004.437500 0.000000 0.512664 0.000000 -0.858590 0.905171 0.905171 0.905171
4456.132812 0.000000 3003.540771 0.000000 0.990633 0.000000 -0.136552 0.800000 0.800000 0.800000
4459.888184 0.000000 3005.594971 0.000000 0.819682 0.000000 0.572818 0.800000 0.800000 0.800000
4457.160645 0.000000 3005.869141 0.000000 0.568473 0.000000 0.822702 0.701589 0.701589 0.701589
4458.851074 0.000000 3002.534668 0.000000 0.952912 0.000000 -0.303246 0.800000 0.800000 0.800000
4456.487793 0.000000 3002.216064 0.000000 0.783931 0.000000 -0.620848 0.800000 0.800000 0.800000
4352.750488 0.000000 3015.931396 0.000000 0.670215 0.000000 -0.742167 0.800000 0.800000 0.800000
4359.825195 0.000000 3008.071533 0.000000 0.941940 0.000000 0.335782 0.765120 0.765120 0.765120
4356.372559 0.000000 3011.959717 0.000000 0.988220 0.000000 0.153038 0.784350 0.784350 0.784350
4357.031250 0.000000 3015.261963 0.000000 0.658233 0.000000 -0.752814 0.886817 0.886817 0.886817
4358.954102 0.000000 3010.892090 0.000000 0.229751 0.000000 -0.973250 0.936387 0.936387 0.936387
4354.424805 0.000000 3013.752441 0.000000 0.543422 0.000000 0.839460 0.698519 0.698519 0.698519
4358.988281 0.000000 3013.618164 0.000000 0.437364 0.000000 -0.899284 0.913892 0.913892 0.913892
4357.978027 0.000000 3009.123779 0.000000 0.572214 0.000000 -0.820104 0.800000 0.800000 0.800000
4352.085449 0.000000 3014.143555 0.000000 0.951408 0.000000 -0.307934 0.800000 0.800000 0.800000
4356.238770 0.000000 3013.706787 0.000000 0.734152 0.000000 0.678985 0.723974 0.723974 0.723974
4356.650391 0.000000 3010.273438 0.000000 0.568683 0.000000 -0.822557 0.898385 0.898385 0.898385
4357.989258 0.000000 3012.228760 0.000000 0.864069 0.000000 0.503373 0.746269 0.746269 0.746269
4359.845215 0.000000 3012.212891 0.000000 0.704053 0.000000 -0.710148 0.880439 0.880439 0.880439
4359.705078 0.000000 3009.487549 0.000000 0.454996 0.000000 0.890494 0.688115 0.688115 0.688115
4353.936035 0.000000 3015.123535 0.000000 0.966587 0.000000 0.256339 0.800000 0.800000 0.800000
4355.356934 0.000000 3014.773193 0.000000 0.671203 0.000000 -0.741273 0.800000 0.800000 0.800000
4355.266113 0.000000 3012.687256 0.000000 0.907269 0.000000 -0.420551 0.844212 0.844212 0.844212
4357.715820 0.000000 3013.962158 0.000000 0.183714 0.000000 -0.982980 0.941180 0.941180 0.941180
4357.088867 0.000000 3008.176758 0.000000 0.883174 0.000000 -0.469045 0.800000 0.800000 0.800000
4357.750977 0.000000 3011.010254 0.000000 0.388364 0.000000 0.921506 0.680627 0.680627 0.680627
4358.551758 0.000000 3008.014648 0.000000 0.359937 0.000000 -0.932977 0.922495 0.922495 0.922495
4357.067383 0.000000 3012.911133 0.000000 0.651802 0.000000 -0.758390 0.887684 0.887684 0.887684
4356.020020 0.000000 3015.666016 0.000000 0.559843 0.000000 0.828599 0.700524 0.700524 0.700524
4357.822754 0.000000 3015.981689 0.000000 0.744059 0.000000 0.668114 0.725473 0.725473 0.725473
4358.277344 0.000000 3010.090820 0.000000 0.139492 0.000000 -0.990223 0.945745 0.945745 0.945745
4380.322754 0.000000 3066.183594 0.000000 0.670296 0.000000 -0.742094 0.800000 0.800000 0.800000
4380.365723 0.000000 3068.956299 0.000000 0.476064 0.000000 -0.879411 0.909460 0.909460 0.909460
4378.643555 0.000000 3068.721924 0.000000 0.558712 0.000000 -0.829362 0.800000 0.800000 0.800000
4381.208496 0.000000 3067.582031 0.000000 0.423253 0.000000 0.906011 0.800000 0.800000 0.800000
4379.168457 0.000000 3067.249268 0.000000 0.997732 0.000000 0.067317 0.800000 0.800000 0.800000
4381.937012 0.000000 3068.963867 0.000000 0.589937 0.000000 -0.807449 0.895729 0.895729 0.895729
4380.564941 0.000000 3069.982178 0.000000 0.159882 0.000000 0.987136 0.656356 0.656356 0.656356
4395.314453 0.000000 3041.086914 0.000000 0.987535 0.000000 0.157401 0.800000 0.800000 0.800000
4397.063965 0.000000 3042.168945 0.000000 0.216433 0.000000 0.976297 0.800000 0.800000 0.800000
4395.022461 0.000000 3043.128906 0.000000 0.198180 0.000000 -0.980166 0.800000 0.800000 0.800000
4397.092285 0.000000 3040.144287 0.000000 0.356337 0.000000 0.934358 0.800000 0.800000 0.800000
4396.598633 0.000000 3043.608154 0.000000 0.846782 0.000000 -0.531941 0.800000 0.800000 0.800000
4435.844727 0.000000 3070.519531 0.000000 0.850186 0.000000 -0.526483 0.800000 0.800000 0.800000
4434.084961 0.000000 3071.367432 0.000000 0.357562 0.000000 -0.933889 0.800000 0.800000 0.800000
4432.211914 0.000000 3071.600098 0.000000 0.676798 0.000000 -0.736169 0.800000 0.800000 0.800000
4434.573730 0.000000 3070.010986 0.000000 0.098900 0.000000 -0.995097 0.800000 0.800000 0.800000
4460.227051 0.000000 3051.086914 0.000000 0.980114 0.000000 -0.198435 0.820347 0.820347 0.820347
4452.715332 0.000000 3063.164795 0.000000 0.357822 0.000000 -0.933790 0.800000 0.800000 0.800000
4452.546387 0.000000 3065.718994 0.000000 0.969319 0.000000 -0.245804 0.800000 0.800000 0.800000
4459.893555 0.000000 3048.931152 0.000000 0.711811 0.000000 -0.702371 0.800000 0.800000 0.800000
4461.948730 0.000000 3049.685547 0.000000 0.989048 0.000000 -0.147597 0.800000 0.800000 0.800000
4450.549805 0.000000 3062.988525 0.000000 0.854708 0.000000 -0.519109 0.800000 0.800000 0.800000
4451.132812 0.000000 3064.600098 0.000000 0.622432 0.000000 -0.782674 0.800000 0.800000 0.800000
4459.054688 0.000000 3050.131104 0.000000 0.810088 0.000000 -0.586308 0.800000 0.800000 0.800000
4458.887695 0.000000 3051.594727 0.000000 0.107104 0.000000 -0.994248 0.800000 0.800000 0.800000
4517.031250 0.000000 2983.261963 0.000000 0.790671 0.000000 -0.612241 0.800000 0.800000 0.800000
4518.988281 0.000000 2981.618164 0.000000 0.253812 0.000000 -0.967254 0.800000 0.800000 0.800000
4518.800293 0.000000 2983.549316 0.000000 0.228710 0.000000 0.973495 0.800000 0.800000 0.800000
4516.238770 0.000000 2981.706787 0.000000 0.617980 0.000000 0.786194 0.800000 0.800000 0.800000
4517.989258 0.000000 2980.228760 0.000000 0.126559 0.000000 0.991959 0.800000 0.800000 0.800000
4519.845215 0.000000 2980.212891 0.000000 0.808451 0.000000 0.588563 0.800000 0.800000 0.800000
4517.715820 0.000000 2981.962158 0.000000 0.072661 0.000000 -0.997357 0.800000 0.800000 0.800000
4558.090332 0.000000 2961.265625 0.000000 0.669720 0.000000 -0.742614 0.800000 0.800000 0.800000
4570.952148 0.000000 2952.046631 0.000000 0.920648 0.000000 0.390393 0.800000 0.800000 0.800000
4559.460938 0.000000 2962.784424 0.000000 0.970840 0.000000 -0.239729 0.824659 0.824659 0.824659
4572.641602 0.000000 2953.057373 0.000000 0.638657 0.000000 -0.769491 0.889437 0.889437 0.889437
4559.556152 0.000000 2960.201416 0.000000 0.665617 0.000000 0.746294 0.800000 0.800000 0.800000
4571.308105 0.000000 2953.406738 0.000000 0.900990 0.000000 -0.433841 0.800000 0.800000 0.800000
4573.917480 0.000000 2952.814697 0.000000 0.719970 0.000000 0.694005 0.721870 0.721870 0.721870
4562.934570 0.000000 3002.628906 0.000000 0.997035 0.000000 -0.076952 0.800000 0.800000 0.800000
4562.362793 0.000000 3004.705566 0.000000 0.507938 0.000000 -0.861393 0.905730 0.905730 0.905730
4563.664062 0.000000 3005.209229 0.000000 0.929947 0.000000 -0.367692 0.838353 0.838353 0.838353
4604.365723 0.000000 3004.956299 0.000000 0.932965 0.000000 0.359967 0.800000 0.800000 0.800000
4605.937012 0.000000 3004.963867 0.000000 0.237874 0.000000 0.971296 0.800000 0.800000 0.800000
4607.886230 0.000000 3005.193604 0.000000 0.787636 0.000000 -0.616141 0.867618 0.867618 0.867618
4606.965332 0.000000 3004.668945 0.000000 0.405789 0.000000 -0.913967 0.917439 0.917439 0.917439
4527.261719 0.000000 3067.264648 0.000000 0.318502 0.000000 0.947922 0.800000 0.800000 0.800000
4528.670898 0.000000 3069.914551 0.000000 0.796220 0.000000 -0.605007 0.800000 0.800000 0.800000
4514.549805 0.000000 3062.988525 0.000000 0.695400 0.000000 -0.718623 0.881673 0.881673 0.881673
4529.138184 0.000000 3067.270508 0.000000 0.941307 0.000000 -0.337553 0.800000 0.800000 0.800000
4515.132812 0.000000 3064.600098 0.000000 0.589665 0.000000 0.807648 0.800000 0.800000 0.800000
4527.517578 0.000000 3068.790771 0.000000 0.849376 0.000000 0.527789 0.800000 0.800000 0.800000
4526.283691 0.000000 3068.206055 0.000000 0.950133 0.000000 0.311846 0.800000 0.800000 0.800000
4555.488281 0.000000 3023.720703 0.000000 0.980154 0.000000 0.198237 0.800000 0.800000 0.800000
4557.844238 0.000000 3023.225098 0.000000 0.322168 0.000000 0.946683 0.673412 0.673412 0.673412
4555.394531 0.000000 3022.168945 0.000000 0.583734 0.000000 -0.811945 0.800000 0.800000 0.800000
4554.048340 0.000000 3023.299316 0.000000 0.857083 0.000000 -0.515178 0.800000 0.800000 0.800000
4556.568848 0.000000 3022.986572 0.000000 0.150015 0.000000 -0.988684 0.944662 0.944662 0.944662
4605.500488 0.000000 3021.729248 0.000000 0.393760 0.000000 -0.919213 0.800000 0.800000 0.800000
4606.534180 0.000000 3023.646729 0.000000 0.039646 0.000000 0.999214 0.800000 0.800000 0.800000
4607.150879 0.000000 3020.339600 0.000000 0.881478 0.000000 0.472226 0.800000 0.800000 0.800000
4604.030762 0.000000 3020.534424 0.000000 0.970600 0.000000 0.240699 0.800000 0.800000 0.800000
4607.019531 0.000000 3022.162109 0.000000 0.996028 0.000000 -0.089046 0.800000 0.800000 0.800000
4605.190430 0.000000 3023.343750 0.000000 0.803523 0.000000 0.595273 0.800000 0.800000 0.800000
4558.855957 0.000000 3063.860352 0.000000 0.775195 0.000000 -0.631722 0.800000 0.800000 0.800000
4560.790039 0.000000 3065.376221 0.000000 0.999213 0.000000 -0.039660 0.804041 0.804041 0.804041
4560.729980 0.000000 3063.479980 0.000000 0.999165 0.000000 -0.040847 0.800000 0.800000 0.800000
4559.311523 0.000000 3065.578857 0.000000 0.004074 0.000000 -0.999992 0.800000 0.800000 0.800000
4559.123535 0.000000 3062.408203 0.000000 0.812273 0.000000 0.583278 0.800000 0.800000 0.800000
4561.899414 0.000000 3064.325195 0.000000 0.026484 0.000000 0.999649 0.642698 0.642698 0.642698
4713.388672 0.000000 2756.416260 0.000000 0.731568 0.000000 0.681769 0.800000 0.800000 0.800000
4714.603516 0.000000 2759.180908 0.000000 0.829818 0.000000 -0.558035 0.860302 0.860302 0.860302
4718.793945 0.000000 2763.786133 0.000000 0.536017 0.000000 -0.844207 0.902377 0.902377 0.902377
4715.909180 0.000000 2756.884033 0.000000 0.278389 0.000000 0.960468 0.668736 0.668736 0.668736
4719.752441 0.000000 2760.400391 0.000000 0.309804 0.000000 0.950800 0.800000 0.800000 0.800000
4712.813477 0.000000 2758.346436 0.000000 0.757632 0.000000 -0.652682 0.800000 0.800000 0.800000
4719.504883 0.000000 2761.930908 0.000000 0.491653 0.000000 0.870791 0.800000 0.800000 0.800000
4718.538574 0.000000 2765.278564 0.000000 0.984184 0.000000 0.177151 0.781860 0.781860 0.781860
4714.373047 0.000000 2757.573242 0.000000 0.043003 0.000000 0.999075 0.644382 0.644382 0.644382
4713.021973 0.000000 2759.747803 0.000000 0.583306 0.000000 -0.812253 0.800000 0.800000 0.800000
4714.750488 0.000000 2756.358154 0.000000 0.902065 0.000000 -0.431601 0.845456 0.845456 0.845456
4715.972656 0.000000 2759.777832 0.000000 0.943649 0.000000 0.330949 0.765642 0.765642 0.765642
4627.564941 0.000000 2832.439941 0.000000 0.194188 0.000000 -0.980964 0.800000 0.800000 0.800000
4626.942871 0.000000 2834.206787 0.000000 0.542938 0.000000 0.839773 0.800000 0.800000 0.800000
4626.315918 0.000000 2832.920898 0.000000 0.482056 0.000000 0.876140 0.800000 0.800000 0.800000
4700.322754 0.000000 2842.183594 0.000000 0.539927 0.000000 0.841712 0.698095 0.698095 0.698095
4701.641113 0.000000 2823.481201 0.000000 0.845364 0.000000 0.534191 0.800000 0.800000 0.800000
4697.374023 0.000000 2821.824219 0.000000 0.420161 0.000000 0.907449 0.800000 0.800000 0.800000
4702.169434 0.000000 2819.512451 0.000000 0.367524 0.000000 0.930014 0.800000 0.800000 0.800000
4703.983887 0.000000 2841.194336 0.000000 0.989683 0.000000 0.143274 0.800000 0.800000 0.800000
4696.785645 0.000000 2818.484375 0.000000 0.078095 0.000000 0.996946 0.800000 0.800000 0.800000
4699.257324 0.000000 2819.640137 0.000000 0.694593 0.000000 -0.719403 0.800000 0.800000 0.800000
4685.002930 0.000000 2829.574463 0.000000 0.370863 0.000000 0.928688 0.678700 0.678700 0.678700
4702.908203 0.000000 2843.572510 0.000000 0.185417 0.000000 -0.982660 0.941004 0.941004 0.941004
4700.065918 0.000000 2821.843994 0.000000 0.998264 0.000000 -0.058896 0.806003 0.806003 0.806003
4703.286621 0.000000 2821.688477 0.000000 0.691525 0.000000 -0.722353 0.882221 0.882221 0.882221
4702.097168 0.000000 2840.304688 0.000000 0.768201 0.000000 -0.640209 0.800000 0.800000 0.800000
4702.001465 0.000000 2842.108643 0.000000 0.369963 0.000000 0.929046 0.678602 0.678602 0.678602
4701.640137 0.000000 2821.107666 0.000000 0.974924 0.000000 0.222537 0.777141 0.777141 0.777141
4697.432129 0.000000 2820.026611 0.000000 0.923034 0.000000 -0.384718 0.800000 0.800000 0.800000
4701.208496 0.000000 2843.582031 0.000000 0.444661 0.000000 0.895699 0.686936 0.686936 0.686936
4703.477051 0.000000 2818.709717 0.000000 0.712031 0.000000 0.702148 0.800000 0.800000 0.800000
4698.720703 0.000000 2821.085205 0.000000 0.983814 0.000000 0.179191 0.781649 0.781649 0.781649
4700.630859 0.000000 2819.099609 0.000000 0.335615 0.000000 -0.941999 0.800000 0.800000 0.800000
4685.304199 0.000000 2828.070801 0.000000 0.881351 0.000000 0.472462 0.749877 0.749877 0.749877
4703.886230 0.000000 2845.193604 0.000000 0.701931 0.000000 -0.712245 0.800000 0.800000 0.800000
4700.213379 0.000000 2823.288330 0.000000 0.951825 0.000000 0.306641 0.800000 0.800000 0.800000
4702.946777 0.000000 2823.013428 0.000000 0.644204 0.000000 0.764854 0.800000 0.800000 0.800000
4700.323730 0.000000 2820.493408 0.000000 0.808851 0.000000 0.588014 0.735971 0.735971 0.735971
4703.259277 0.000000 2820.276367 0.000000 0.654135 0.000000 -0.756378 0.887371 0.887371 0.887371
4703.326660 0.000000 2842.330078 0.000000 0.371223 0.000000 -0.928544 0.921260 0.921260 0.921260
4701.313477 0.000000 2820.109619 0.000000 0.558880 0.000000 -0.829248 0.899594 0.899594 0.899594
4702.031738 0.000000 2843.080811 0.000000 0.647673 0.000000 0.761919 0.711762 0.711762 0.711762
4702.543457 0.000000 2820.892090 0.000000 0.937373 0.000000 0.348326 0.763760 0.763760 0.763760
4722.604980 0.000000 2838.964844 0.000000 0.988964 0.000000 0.148156 0.784853 0.784853 0.784853
4729.993164 0.000000 2834.484131 0.000000 0.717059 0.000000 -0.697012 0.800000 0.800000 0.800000
4712.025879 0.000000 2824.900635 0.000000 0.799324 0.000000 0.600901 0.734339 0.734339 0.734339
4718.161133 0.000000 2836.472412 0.000000 0.210154 0.000000 0.977668 0.661567 0.661567 0.661567
4727.549805 0.000000 2831.383057 0.000000 0.714348 0.000000 -0.699791 0.878952 0.878952 0.878952
4704.253906 0.000000 2820.108398 0.000000 0.987512 0.000000 0.157542 0.800000 0.800000 0.800000
4717.525879 0.000000 2823.489746 0.000000 0.260368 0.000000 0.965509 0.800000 0.800000 0.800000
4718.855957 0.000000 2839.860352 0.000000 0.648478 0.000000 0.761234 0.800000 0.800000 0.800000
4705.410156 0.000000 2840.737793 0.000000 0.223613 0.000000 -0.974678 0.800000 0.800000 0.800000
4732.628906 0.000000 2832.770752 0.000000 0.299422 0.000000 0.954121 0.800000 0.800000 0.800000
4714.603516 0.000000 2823.180908 0.000000 0.992829 0.000000 0.119542 0.800000 0.800000 0.800000
4726.093262 0.000000 2833.928223 0.000000 0.230845 0.000000 -0.972990 0.800000 0.800000 0.800000
4725.311523 0.000000 2839.662354 0.000000 0.184263 0.000000 0.982877 0.800000 0.800000 0.800000
4724.021973 0.000000 2835.723633 0.000000 0.134519 0.000000 0.990911 0.653744 0.653744 0.653744
4704.136719 0.000000 2843.778564 0.000000 0.405524 0.000000 0.914085 0.682531 0.682531 0.682531
4733.387695 0.000000 2835.185791 0.000000 0.740216 0.000000 -0.672369 0.800000 0.800000 0.800000
4720.394531 0.000000 2837.639893 0.000000 0.577280 0.000000 0.816546 0.702684 0.702684 0.702684
4705.910156 0.000000 2818.213623 0.000000 0.444460 0.000000 -0.895799 0.800000 0.800000 0.800000
4712.099121 0.000000 2836.056641 0.000000 0.499217 0.000000 -0.866477 0.800000 0.800000 0.800000
4725.256836 0.000000 2830.834229 0.000000 0.078297 0.000000 -0.996930 0.800000 0.800000 0.800000
4710.794922 0.000000 2839.625977 0.000000 0.278579 0.000000 0.960413 0.668756 0.668756 0.668756
4719.149414 0.000000 2822.040283 0.000000 0.512622 0.000000 -0.858614 0.800000 0.800000 0.800000
4724.888672 0.000000 2841.684082 0.000000 0.069572 0.000000 0.997577 0.800000 0.800000 0.800000
4728.093750 0.000000 2833.496338 0.000000 0.639970 0.000000 0.768400 0.800000 0.800000 0.800000
4712.813477 0.000000 2822.346436 0.000000 0.295616 0.000000 -0.955307 0.929432 0.929432 0.929432
4712.741699 0.000000 2834.063965 0.000000 0.925051 0.000000 -0.379842 0.839687 0.839687 0.839687
4723.272949 0.000000 2840.730713 0.000000 0.865183 0.000000 0.501456 0.746495 0.746495 0.746495
4720.729980 0.000000 2839.479980 0.000000 0.990133 0.000000 0.140128 0.800000 0.800000 0.800000
4727.403809 0.000000 2835.236084 0.000000 0.515423 0.000000 -0.856936 0.800000 0.800000 0.800000
4704.099609 0.000000 2818.283447 0.000000 0.729418 0.000000 -0.684068 0.800000 0.800000 0.800000
4720.193848 0.000000 2820.557861 0.000000 0.997002 0.000000 -0.077380 0.807890 0.807890 0.807890
4710.976562 0.000000 2837.799316 0.000000 0.769943 0.000000 0.638113 0.729509 0.729509 0.729509
4705.307617 0.000000 2845.162842 0.000000 0.986012 0.000000 -0.166677 0.800000 0.800000 0.800000
4713.841797 0.000000 2824.814941 0.000000 0.999041 0.000000 -0.043789 0.804462 0.804462 0.804462
4710.800293 0.000000 2823.549316 0.000000 0.890443 0.000000 0.455094 0.800000 0.800000 0.800000
4705.317871 0.000000 2842.482666 0.000000 0.744175 0.000000 -0.667985 0.874510 0.874510 0.874510
4705.994629 0.000000 2820.045898 0.000000 0.987830 0.000000 -0.155539 0.800000 0.800000 0.800000
4731.681152 0.000000 2835.062500 0.000000 0.996122 0.000000 0.087982 0.791027 0.791027 0.791027
4717.404297 0.000000 2821.707520 0.000000 0.999996 0.000000 -0.002954 0.800000 0.800000 0.800000
4726.055664 0.000000 2832.229248 0.000000 0.999203 0.000000 0.039926 0.800000 0.800000 0.800000
4724.500488 0.000000 2833.786865 0.000000 0.461524 0.000000 0.887128 0.688863 0.688863 0.688863
4731.190430 0.000000 2833.447021 0.000000 0.949276 0.000000 -0.314443 0.800000 0.800000 0.800000
4725.537109 0.000000 2835.403809 0.000000 0.956591 0.000000 0.291433 0.769878 0.769878 0.769878
4716.095703 0.000000 2822.644043 0.000000 0.146340 0.000000 -0.989234 0.800000 0.800000 0.800000
4725.855957 0.000000 2838.177979 0.000000 0.316299 0.000000 -0.948660 0.800000 0.800000 0.800000
4704.043457 0.000000 2841.542969 0.000000 0.306053 0.000000 -0.952015 0.800000 0.800000 0.800000
4719.780273 0.000000 2836.291992 0.000000 0.462273 0.000000 0.886738 0.688949 0.688949 0.688949
4728.767090 0.000000 2832.208496 0.000000 0.745618 0.000000 -0.666373 0.800000 0.800000 0.800000
4719.123535 0.000000 2838.408203 0.000000 0.916663 0.000000 -0.399661 0.800000 0.800000 0.800000
4710.658691 0.000000 2835.520996 0.000000 0.843585 0.000000 0.536996 0.800000 0.800000 0.800000
4730.395996 0.000000 2835.837158 0.000000 0.850010 0.000000 0.526767 0.743489 0.743489 0.743489
4705.121582 0.000000 2821.165771 0.000000 0.195167 0.000000 0.980770 0.800000 0.800000 0.800000
4723.919922 0.000000 2839.450195 0.000000 0.485108 0.000000 -0.874454 0.908410 0.908410 0.908410
4728.734375 0.000000 2835.037598 0.000000 0.758615 0.000000 0.651540 0.800000 0.800000 0.800000
4713.021973 0.000000 2823.747803 0.000000 0.078071 0.000000 0.996948 0.647960 0.647960 0.647960
4726.524414 0.000000 2830.308350 0.000000 0.012093 0.000000 0.999927 0.641232 0.641232 0.641232
4718.892090 0.000000 2823.335938 0.000000 0.215901 0.000000 0.976415 0.800000 0.800000 0.800000
4729.734863 0.000000 2833.158447 0.000000 0.243521 0.000000 0.969896 0.800000 0.800000 0.800000
4732.605469 0.000000 2834.131836 0.000000 0.927440 0.000000 0.373972 0.800000 0.800000 0.800000
4721.218750 0.000000 2836.648926 0.000000 0.736475 0.000000 0.676464 0.724324 0.724324 0.724324
4713.382812 0.000000 2835.967529 0.000000 0.985958 0.000000 0.166991 0.782910 0.782910 0.782910
4722.134766 0.000000 2841.582764 0.000000 0.859104 0.000000 0.511801 0.745273 0.745273 0.745273
4724.791016 0.000000 2832.011719 0.000000 0.948463 0.000000 -0.316887 0.832844 0.832844 0.832844
4721.719727 0.000000 2820.006348 0.000000 0.714821 0.000000 -0.699308 0.878883 0.878883 0.878883
4718.674316 0.000000 2820.935303 0.000000 0.911141 0.000000 0.412095 0.756735 0.756735 0.756735
4711.036621 0.000000 2836.594482 0.000000 0.142546 0.000000 0.989788 0.654569 0.654569 0.654569
4719.086426 0.000000 2837.221191 0.000000 0.987546 0.000000 -0.157329 0.816092 0.816092 0.816092
4721.199707 0.000000 2821.051758 0.000000 0.879288 0.000000 0.476291 0.749434 0.749434 0.749434
4723.309082 0.000000 2838.062988 0.000000 0.921137 0.000000 -0.389239 0.840724 0.840724 0.840724
4720.284180 0.000000 2821.708496 0.000000 0.827528 0.000000 -0.561425 0.860719 0.860719 0.860719
4723.763184 0.000000 2841.858887 0.000000 0.160558 0.000000 0.987026 0.656425 0.656425 0.656425
4725.395508 0.000000 2833.069824 0.000000 0.802570 0.000000 -0.596558 0.865109 0.865109 0.865109
4710.008301 0.000000 2837.430664 0.000000 0.018761 0.000000 0.999824 0.641911 0.641911 0.641911
4713.646973 0.000000 2822.932861 0.000000 0.262900 0.000000 -0.964823 0.932903 0.932903 0.932903
4725.224609 0.000000 2834.441650 0.000000 0.977341 0.000000 -0.211671 0.821725 0.821725 0.821725
4711.922363 0.000000 2837.726318 0.000000 0.456911 0.000000 -0.889512 0.911666 0.911666 0.911666
4722.998535 0.000000 2839.836182 0.000000 0.992644 0.000000 -0.121070 0.812362 0.812362 0.812362
4713.978516 0.000000 2823.906982 0.000000 0.903197 0.000000 0.429226 0.754812 0.754812 0.754812
4724.412598 0.000000 2832.871826 0.000000 0.487944 0.000000 0.872875 0.691921 0.691921 0.691921
4719.538086 0.000000 2821.248779 0.000000 0.999880 0.000000 0.015512 0.798420 0.798420 0.798420
4700.322754 0.000000 2874.183594 0.000000 0.970467 0.000000 0.241232 0.800000 0.800000 0.800000
4691.564941 0.000000 2864.439941 0.000000 0.838969 0.000000 0.544180 0.741389 0.741389 0.741389
4679.004883 0.000000 2874.616211 0.000000 0.754458 0.000000 0.656348 0.727072 0.727072 0.727072
4682.452637 0.000000 2867.263672 0.000000 0.608140 0.000000 0.793829 0.800000 0.800000 0.800000
4689.490723 0.000000 2867.378906 0.000000 0.059451 0.000000 -0.998231 0.953941 0.953941 0.953941
4694.640625 0.000000 2877.116699 0.000000 0.811186 0.000000 -0.584788 0.800000 0.800000 0.800000
4686.090332 0.000000 2865.265625 0.000000 0.252798 0.000000 -0.967519 0.800000 0.800000 0.800000
4697.621094 0.000000 2875.281982 0.000000 0.999400 0.000000 -0.034635 0.803529 0.803529 0.803529
4676.546387 0.000000 2873.718994 0.000000 0.999137 0.000000 -0.041537 0.800000 0.800000 0.800000
4689.028320 0.000000 2864.782715 0.000000 0.850053 0.000000 0.526697 0.743498 0.743498 0.743498
4677.052734 0.000000 2875.980469 0.000000 0.997614 0.000000 -0.069036 0.807038 0.807038 0.807038
4684.557617 0.000000 2866.748535 0.000000 0.348759 0.000000 -0.937212 0.923713 0.923713 0.923713
4687.460938 0.000000 2866.784424 0.000000 0.991763 0.000000 -0.128090 0.813083 0.813083 0.813083
4696.537109 0.000000 2876.790039 0.000000 0.960641 0.000000 -0.277793 0.800000 0.800000 0.800000
4694.019043 0.000000 2875.503418 0.000000 0.762877 0.000000 0.646544 0.800000 0.800000 0.800000
4696.017090 0.000000 2875.195312 0.000000 0.007025 0.000000 0.999975 0.640716 0.640716 0.640716
4678.037109 0.000000 2873.124512 0.000000 0.672093 0.000000 -0.740467 0.800000 0.800000 0.800000
4701.208496 0.000000 2875.582031 0.000000 0.385969 0.000000 -0.922512 0.800000 0.800000 0.800000
4687.556152 0.000000 2864.201416 0.000000 0.871693 0.000000 0.490053 0.800000 0.800000 0.800000
4699.168457 0.000000 2875.249268 0.000000 0.435838 0.000000 -0.900025 0.914065 0.914065 0.914065
4685.906738 0.000000 2867.101074 0.000000 0.682124 0.000000 0.731237 0.716462 0.716462 0.716462
4688.758301 0.000000 2866.150146 0.000000 0.020759 0.000000 -0.999785 0.957885 0.957885 0.957885
4695.783691 0.000000 2877.881836 0.000000 0.793847 0.000000 0.608117 0.800000 0.800000 0.800000
4677.501953 0.000000 2874.658447 0.000000 0.783522 0.000000 0.621364 0.731705 0.731705 0.731705
4690.315918 0.000000 2864.920898 0.000000 0.949075 0.000000 0.315051 0.767353 0.767353 0.767353
4684.971680 0.000000 2867.848633 0.000000 0.831435 0.000000 -0.555623 0.860006 0.860006 0.860006
4698.337402 0.000000 2874.353027 0.000000 0.693826 0.000000 -0.720142 0.881896 0.881896 0.881896
4689.835938 0.000000 2866.339355 0.000000 0.941873 0.000000 0.335968 0.765100 0.765100 0.765100
4685.411133 0.000000 2866.111084 0.000000 0.414709 0.000000 -0.909954 0.916443 0.916443 0.916443
4688.413086 0.000000 2867.275391 0.000000 0.949427 0.000000 -0.313987 0.832533 0.832533 0.832533
4686.868164 0.000000 2867.653076 0.000000 0.166155 0.000000 0.986100 0.657003 0.657003 0.657003
4686.573242 0.000000 2866.239990 0.000000 0.560445 0.000000 -0.828192 0.899402 0.899402 0.899402
4699.322754 0.000000 2874.092041 0.000000 0.254053 0.000000 -0.967190 0.933836 0.933836 0.933836
4678.285645 0.000000 2875.257568 0.000000 0.522855 0.000000 0.852422 0.696043 0.696043 0.696043
4696.793945 0.000000 2875.841553 0.000000 0.111818 0.000000 0.993729 0.651414 0.651414 0.651414
4678.281250 0.000000 2874.013428 0.000000 0.633192 0.000000 0.773994 0.709842 0.709842 0.709842
4698.383789 0.000000 2875.806885 0.000000 0.764141 0.000000 -0.645049 0.871412 0.871412 0.871412
4723.844727 0.000000 2878.519531 0.000000 0.580337 0.000000 -0.814377 0.896935 0.896935 0.896935
4720.959961 0.000000 2858.489014 0.000000 0.412473 0.000000 -0.910970 0.916693 0.916693 0.916693
4706.681641 0.000000 2875.806152 0.000000 0.096844 0.000000 0.995300 0.649880 0.649880 0.649880
4717.705078 0.000000 2879.897949 0.000000 0.266925 0.000000 -0.963717 0.800000 0.800000 0.800000
4729.621094 0.000000 2875.281982 0.000000 0.836474 0.000000 0.548007 0.800000 0.800000 0.800000
4714.603516 0.000000 2855.180908 0.000000 0.849363 0.000000 -0.527809 0.800000 0.800000 0.800000
4708.546387 0.000000 2873.718994 0.000000 0.608703 0.000000 -0.793398 0.800000 0.800000 0.800000
4704.136719 0.000000 2875.778564 0.000000 0.988486 0.000000 0.151310 0.800000 0.800000 0.800000
4718.793945 0.000000 2859.786133 0.000000 0.524948 0.000000 0.851134 0.800000 0.800000 0.800000
4706.792969 0.000000 2878.279297 0.000000 0.156935 0.000000 -0.987609 0.800000 0.800000 0.800000
4719.752441 0.000000 2856.400391 0.000000 0.310710 0.000000 -0.950505 0.800000 0.800000 0.800000
4722.343750 0.000000 2856.453613 0.000000 0.273009 0.000000 -0.962011 0.931834 0.931834 0.931834
4724.506348 0.000000 2876.297363 0.000000 0.311243 0.000000 -0.950330 0.927761 0.927761 0.927761
4709.052734 0.000000 2875.980469 0.000000 0.923049 0.000000 -0.384683 0.800000 0.800000 0.800000
4715.893555 0.000000 2856.931152 0.000000 0.940206 0.000000 0.340607 0.764598 0.764598 0.764598
4722.362793 0.000000 2876.705566 0.000000 0.039502 0.000000 0.999219 0.644025 0.644025 0.644025
4722.084961 0.000000 2879.367432 0.000000 0.850061 0.000000 0.526684 0.743499 0.743499 0.743499
4725.622070 0.000000 2879.278564 0.000000 0.726881 0.000000 0.686763 0.800000 0.800000 0.800000
4705.307617 0.000000 2877.162842 0.000000 0.405719 0.000000 -0.913998 0.800000 0.800000 0.800000
4705.317871 0.000000 2874.482666 0.000000 0.897281 0.000000 0.441459 0.800000 0.800000 0.800000
4707.132812 0.000000 2872.600098 0.000000 0.992527 0.000000 0.122021 0.800000 0.800000 0.800000
4706.411133 0.000000 2879.850586 0.000000 0.731857 0.000000 0.681459 0.800000 0.800000 0.800000
4728.017090 0.000000 2875.195312 0.000000 0.966422 0.000000 0.256962 0.800000 0.800000 0.800000
4706.979492 0.000000 2874.207031 0.000000 0.054957 0.000000 0.998489 0.645601 0.645601 0.645601
4725.174805 0.000000 2877.702393 0.000000 0.484459 0.000000 -0.874814 0.908485 0.908485 0.908485
4731.168457 0.000000 2875.249268 0.000000 0.672999 0.000000 -0.739644 0.884802 0.884802 0.884802
4719.504883 0.000000 2857.930908 0.000000 0.572444 0.000000 0.819944 0.800000 0.800000 0.800000
4717.214844 0.000000 2878.393555 0.000000 0.311582 0.000000 -0.950219 0.800000 0.800000 0.800000
4715.054688 0.000000 2858.131104 0.000000 0.629198 0.000000 -0.777245 0.890683 0.890683 0.890683
4714.887695 0.000000 2859.594727 0.000000 0.325863 0.000000 -0.945417 0.926190 0.926190 0.926190
4721.028809 0.000000 2857.145508 0.000000 0.527235 0.000000 -0.849719 0.903433 0.903433 0.903433
4722.159668 0.000000 2857.871094 0.000000 0.786456 0.000000 0.617646 0.732188 0.732188 0.732188
4707.937988 0.000000 2875.171631 0.000000 0.051452 0.000000 -0.998675 0.954757 0.954757 0.954757
4709.501953 0.000000 2874.658447 0.000000 0.868424 0.000000 -0.495822 0.800000 0.800000 0.800000
4722.573730 0.000000 2878.010986 0.000000 0.274435 0.000000 -0.961606 0.931683 0.931683 0.931683
4720.092773 0.000000 2859.413818 0.000000 0.957656 0.000000 -0.287914 0.829748 0.829748 0.829748
4723.451172 0.000000 2857.102539 0.000000 0.996394 0.000000 -0.084849 0.808653 0.808653 0.808653
4723.664062 0.000000 2877.209229 0.000000 0.081064 0.000000 -0.996709 0.951734 0.951734 0.951734
4706.576660 0.000000 2877.073242 0.000000 0.636122 0.000000 0.771589 0.710228 0.710228 0.710228
4723.366699 0.000000 2879.605713 0.000000 0.494965 0.000000 0.868913 0.692742 0.692742 0.692742
4730.337402 0.000000 2874.353027 0.000000 0.156016 0.000000 -0.987755 0.944043 0.944043 0.944043
4725.606934 0.000000 2876.599854 0.000000 0.997995 0.000000 -0.063298 0.806452 0.806452 0.806452
4714.901367 0.000000 2856.286621 0.000000 0.998603 0.000000 -0.052844 0.805385 0.805385 0.805385
4707.727539 0.000000 2876.328857 0.000000 0.966545 0.000000 -0.256498 0.826422 0.826422 0.826422
4714.675781 0.000000 2857.245117 0.000000 0.814161 0.000000 -0.580639 0.863103 0.863103 0.863103
4722.853027 0.000000 2878.872803 0.000000 0.240146 0.000000 0.970737 0.664703 0.664703 0.664703
4626.934570 0.000000 2906.628906 0.000000 0.900341 0.000000 0.435185 0.800000 0.800000 0.800000
4624.790039 0.000000 2905.376221 0.000000 0.512618 0.000000 -0.858617 0.800000 0.800000 0.800000
4610.969727 0.000000 2888.090576 0.000000 0.879924 0.000000 0.475114 0.749570 0.749570 0.749570
4627.272949 0.000000 2904.730713 0.000000 0.641659 0.000000 0.766990 0.800000 0.800000 0.800000
4625.138184 0.000000 2907.270508 0.000000 0.866071 0.000000 0.499921 0.800000 0.800000 0.800000
4625.899414 0.000000 2904.325195 0.000000 0.385606 0.000000 0.922664 0.800000 0.800000 0.800000
4611.356934 0.000000 2886.773193 0.000000 0.889129 0.000000 0.457656 0.800000 0.800000 0.800000
4611.125488 0.000000 2889.553711 0.000000 0.981857 0.000000 -0.189624 0.819433 0.819433 0.819433
4692.712891 0.000000 2888.359619 0.000000 0.728667 0.000000 -0.684868 0.800000 0.800000 0.800000
4689.279785 0.000000 2886.307373 0.000000 0.450069 0.000000 0.892994 0.800000 0.800000 0.800000
4691.775879 0.000000 2886.120361 0.000000 0.735275 0.000000 0.677769 0.724143 0.724143 0.724143
4690.343750 0.000000 2888.453613 0.000000 0.077869 0.000000 -0.996964 0.800000 0.800000 0.800000
4688.193848 0.000000 2884.557861 0.000000 0.983365 0.000000 -0.181640 0.800000 0.800000 0.800000
4678.800293 0.000000 2887.549316 0.000000 0.251252 0.000000 0.967922 0.665870 0.665870 0.665870
4690.383789 0.000000 2885.118652 0.000000 0.679833 0.000000 0.733367 0.716143 0.716143 0.716143
4690.576660 0.000000 2886.986572 0.000000 0.860186 0.000000 0.509980 0.745489 0.745489 0.745489
4689.093750 0.000000 2887.772949 0.000000 0.323793 0.000000 0.946128 0.800000 0.800000 0.800000
4692.943848 0.000000 2886.841797 0.000000 0.027198 0.000000 -0.999630 0.800000 0.800000 0.800000
4690.159668 0.000000 2889.871094 0.000000 0.365304 0.000000 -0.930888 0.800000 0.800000 0.800000
4692.555176 0.000000 2889.725342 0.000000 0.939364 0.000000 0.342921 0.800000 0.800000 0.800000
4693.898438 0.000000 2889.118652 0.000000 0.857905 0.000000 0.513809 0.800000 0.800000 0.800000
4691.571289 0.000000 2887.770264 0.000000 0.705578 0.000000 0.708633 0.719780 0.719780 0.719780
4679.649902 0.000000 2886.716797 0.000000 0.339765 0.000000 0.940510 0.675311 0.675311 0.675311
4690.760742 0.000000 2886.071045 0.000000 0.333547 0.000000 0.942733 0.674639 0.674639 0.674639
4725.193848 0.000000 2884.141602 0.000000 0.900827 0.000000 -0.434178 0.800000 0.800000 0.800000
4714.603516 0.000000 2887.180908 0.000000 0.414093 0.000000 -0.910235 0.800000 0.800000 0.800000
4727.553223 0.000000 2884.525635 0.000000 0.479729 0.000000 0.877417 0.800000 0.800000 0.800000
4715.893555 0.000000 2888.931152 0.000000 0.517756 0.000000 -0.855528 0.904566 0.904566 0.904566
4717.948730 0.000000 2889.685547 0.000000 0.804697 0.000000 0.593686 0.800000 0.800000 0.800000
4717.092285 0.000000 2880.144287 0.000000 0.999832 0.000000 0.018310 0.798135 0.798135 0.798135
4724.843262 0.000000 2882.792236 0.000000 0.650903 0.000000 0.759161 0.800000 0.800000 0.800000
4724.023438 0.000000 2884.805176 0.000000 0.916641 0.000000 0.399711 0.800000 0.800000 0.800000
4725.207520 0.000000 2885.473389 0.000000 0.879540 0.000000 -0.475825 0.800000 0.800000 0.800000
4717.811523 0.000000 2881.138428 0.000000 0.760916 0.000000 0.648850 0.728080 0.728080 0.728080
4714.901367 0.000000 2888.286621 0.000000 0.978720 0.000000 -0.205198 0.821051 0.821051 0.821051
4714.675781 0.000000 2889.245117 0.000000 0.983779 0.000000 0.179383 0.781629 0.781629 0.781629
4697.374023 0.000000 2917.824219 0.000000 0.705273 0.000000 -0.708936 0.800000 0.800000 0.800000
4694.208496 0.000000 2918.301270 0.000000 0.627176 0.000000 0.778878 0.800000 0.800000 0.800000
4695.553223 0.000000 2916.525635 0.000000 0.610547 0.000000 0.791980 0.800000 0.800000 0.800000
4697.432129 0.000000 2916.026611 0.000000 0.420511 0.000000 0.907288 0.800000 0.800000 0.800000
4697.379395 0.000000 2919.465820 0.000000 0.986502 0.000000 0.163751 0.800000 0.800000 0.800000
4695.837402 0.000000 2918.360107 0.000000 0.283112 0.000000 -0.959087 0.800000 0.800000 0.800000
4694.108887 0.000000 2919.797363 0.000000 0.897056 0.000000 0.441917 0.800000 0.800000 0.800000
4719.752441 0.000000 2920.400391 0.000000 0.949169 0.000000 -0.314768 0.800000 0.800000 0.800000
4719.504883 0.000000 2921.930908 0.000000 0.941103 0.000000 -0.338120 0.800000 0.800000 0.800000
4721.028809 0.000000 2921.145508 0.000000 0.958583 0.000000 0.284814 0.770582 0.770582 0.770582
4760.140625 0.000000 2890.975586 0.000000 0.063140 0.000000 -0.998005 0.953564 0.953564 0.953564
4752.959961 0.000000 2890.489014 0.000000 0.307405 0.000000 -0.951579 0.928173 0.928173 0.928173
4742.732910 0.000000 2897.989014 0.000000 0.675560 0.000000 0.737305 0.800000 0.800000 0.800000
4766.857910 0.000000 2910.204834 0.000000 0.649281 0.000000 0.760548 0.800000 0.800000 0.800000
4736.194824 0.000000 2897.812500 0.000000 0.188633 0.000000 0.982048 0.800000 0.800000 0.800000
4739.427246 0.000000 2898.665771 0.000000 0.063116 0.000000 0.998006 0.800000 0.800000 0.800000
4758.856934 0.000000 2893.007080 0.000000 0.769675 0.000000 0.638436 0.800000 0.800000 0.800000
4754.343750 0.000000 2888.453613 0.000000 0.264475 0.000000 0.964393 0.800000 0.800000 0.800000
4755.419434 0.000000 2890.523438 0.000000 0.332158 0.000000 -0.943224 0.925511 0.925511 0.925511
4738.279297 0.000000 2896.670898 0.000000 0.496225 0.000000 -0.868194 0.907110 0.907110 0.907110
4740.449707 0.000000 2896.799072 0.000000 0.515471 0.000000 -0.856907 0.800000 0.800000 0.800000
4737.485352 0.000000 2899.493896 0.000000 0.958974 0.000000 -0.283496 0.800000 0.800000 0.800000
4752.724609 0.000000 2892.526123 0.000000 0.988621 0.000000 -0.150426 0.815381 0.815381 0.815381
4754.670898 0.000000 2892.294678 0.000000 0.276938 0.000000 -0.960888 0.800000 0.800000 0.800000
4761.928711 0.000000 2891.692139 0.000000 0.796158 0.000000 0.605089 0.733804 0.733804 0.733804
4760.532715 0.000000 2893.734131 0.000000 0.593438 0.000000 0.804880 0.704714 0.704714 0.704714
4741.084473 0.000000 2898.439941 0.000000 0.976918 0.000000 0.213613 0.778073 0.778073 0.778073
4736.695801 0.000000 2896.138916 0.000000 0.921995 0.000000 -0.387202 0.800000 0.800000 0.800000
4743.279785 0.000000 2896.535889 0.000000 0.636230 0.000000 0.771499 0.800000 0.800000 0.800000
4737.651855 0.000000 2898.049805 0.000000 0.979944 0.000000 -0.199275 0.800000 0.800000 0.800000
4758.787598 0.000000 2891.523682 0.000000 0.959512 0.000000 0.281669 0.800000 0.800000 0.800000
4742.658691 0.000000 2899.520996 0.000000 0.585718 0.000000 0.810515 0.800000 0.800000 0.800000
4760.669922 0.000000 2892.330322 0.000000 0.394286 0.000000 -0.918988 0.918718 0.918718 0.918718
4740.275879 0.000000 2899.835449 0.000000 0.998491 0.000000 -0.054918 0.805597 0.805597 0.805597
4741.890625 0.000000 2896.854004 0.000000 0.621676 0.000000 0.783274 0.800000 0.800000 0.800000
4755.382812 0.000000 2893.428955 0.000000 0.999673 0.000000 -0.025579 0.800000 0.800000 0.800000
4754.159668 0.000000 2889.871094 0.000000 0.466328 0.000000 -0.884612 0.800000 0.800000 0.800000
4738.788086 0.000000 2899.918701 0.000000 0.999908 0.000000 -0.013540 0.800000 0.800000 0.800000
4752.666992 0.000000 2893.835938 0.000000 0.755092 0.000000 0.655619 0.727171 0.727171 0.727171
4752.092773 0.000000 2891.413818 0.000000 0.609671 0.000000 -0.792655 0.893217 0.893217 0.893217
4754.085449 0.000000 2891.174805 0.000000 0.986666 0.000000 -0.162760 0.816653 0.816653 0.816653
4739.463379 0.000000 2896.063477 0.000000 0.089397 0.000000 0.995996 0.649118 0.649118 0.649118
4739.355469 0.000000 2897.322998 0.000000 0.992075 0.000000 0.125649 0.787168 0.787168 0.787168
4753.746094 0.000000 2893.056396 0.000000 0.834061 0.000000 -0.551673 0.859523 0.859523 0.859523
4761.355957 0.000000 2890.815186 0.000000 0.874650 0.000000 0.484755 0.748451 0.748451 0.748451
4755.639160 0.000000 2891.943115 0.000000 0.988224 0.000000 -0.153012 0.815647 0.815647 0.815647
4741.269043 0.000000 2899.452148 0.000000 0.280761 0.000000 0.959778 0.668988 0.668988 0.668988
4760.001953 0.000000 2890.059082 0.000000 0.108532 0.000000 0.994093 0.651077 0.651077 0.651077
4754.986816 0.000000 2891.327881 0.000000 0.575262 0.000000 -0.817969 0.897568 0.897568 0.897568
4787.564941 0.000000 2896.439941 0.000000 0.120668 0.000000 -0.992693 0.800000 0.800000 0.800000
4783.261719 0.000000 2907.264648 0.000000 0.363766 0.000000 0.931490 0.800000 0.800000 0.800000
4782.161133 0.000000 2900.472412 0.000000 0.955635 0.000000 -0.294555 0.800000 0.800000 0.800000
4774.732910 0.000000 2897.989014 0.000000 0.488365 0.000000 -0.872640 0.800000 0.800000 0.800000
4790.365723 0.000000 2900.740479 0.000000 0.984722 0.000000 0.174132 0.782172 0.782172 0.782172
4781.705078 0.000000 2911.897949 0.000000 0.994701 0.000000 0.102814 0.800000 0.800000 0.800000
4773.585449 0.000000 2910.219971 0.000000 0.853583 0.000000 0.520956 0.744184 0.744184 0.744184
4778.452637 0.000000 2899.263672 0.000000 0.360301 0.000000 0.932836 0.677544 0.677544 0.677544
4768.324219 0.000000 2910.699219 0.000000 0.692756 0.000000 -0.721172 0.800000 0.800000 0.800000
4776.730469 0.000000 2896.014893 0.000000 0.657604 0.000000 0.753364 0.800000 0.800000 0.800000
4788.021973 0.000000 2899.723633 0.000000 0.879383 0.000000 -0.476116 0.850546 0.850546 0.850546
4770.792969 0.000000 2910.279297 0.000000 0.195518 0.000000 -0.980700 0.939956 0.939956 0.939956
4776.099121 0.000000 2900.056641 0.000000 0.032373 0.000000 -0.999476 0.800000 0.800000 0.800000
4780.557617 0.000000 2898.748535 0.000000 0.387490 0.000000 -0.921874 0.919470 0.919470 0.919470
4788.409180 0.000000 2901.745361 0.000000 0.806345 0.000000 -0.591446 0.864462 0.864462 0.864462
4783.460938 0.000000 2898.784424 0.000000 0.022956 0.000000 -0.999736 0.800000 0.800000 0.800000
4782.667480 0.000000 2910.092285 0.000000 0.717284 0.000000 0.696781 0.721477 0.721477 0.721477
4776.741699 0.000000 2898.063965 0.000000 0.969249 0.000000 0.246081 0.774674 0.774674 0.774674
4778.085938 0.000000 2901.116455 0.000000 0.426383 0.000000 -0.904543 0.800000 0.800000 0.800000
4778.488281 0.000000 2897.351807 0.000000 0.267936 0.000000 -0.963437 0.800000 0.800000 0.800000
4791.403809 0.000000 2899.236084 0.000000 0.882451 0.000000 -0.470405 0.800000 0.800000 0.800000
4779.844727 0.000000 2900.453125 0.000000 0.188572 0.000000 0.982059 0.800000 0.800000 0.800000
4786.942871 0.000000 2898.206787 0.000000 0.798408 0.000000 -0.602116 0.865816 0.865816 0.865816
4774.976562 0.000000 2901.799316 0.000000 0.617650 0.000000 0.786453 0.800000 0.800000 0.800000
4772.132812 0.000000 2911.408691 0.000000 0.562587 0.000000 0.826738 0.700862 0.700862 0.700862
4780.396484 0.000000 2897.099121 0.000000 0.641189 0.000000 -0.767383 0.800000 0.800000 0.800000
4770.411133 0.000000 2911.850586 0.000000 0.700648 0.000000 -0.713507 0.880926 0.880926 0.880926
4788.500488 0.000000 2897.786865 0.000000 0.956081 0.000000 -0.293104 0.800000 0.800000 0.800000
4789.537109 0.000000 2899.403809 0.000000 0.032557 0.000000 0.999470 0.643317 0.643317 0.643317
4783.517578 0.000000 2908.790771 0.000000 0.070242 0.000000 -0.997530 0.952839 0.952839 0.952839
4775.279785 0.000000 2896.535889 0.000000 0.631504 0.000000 -0.775373 0.800000 0.800000 0.800000
4783.780273 0.000000 2900.291992 0.000000 0.927513 0.000000 -0.373790 0.800000 0.800000 0.800000
4781.214844 0.000000 2910.393555 0.000000 0.977445 0.000000 0.211188 0.800000 0.800000 0.800000
4773.629883 0.000000 2911.727539 0.000000 0.268152 0.000000 -0.963377 0.932348 0.932348 0.932348
4774.658691 0.000000 2899.520996 0.000000 0.916339 0.000000 -0.400404 0.841962 0.841962 0.841962
4781.906738 0.000000 2899.101074 0.000000 0.895520 0.000000 0.445022 0.753023 0.753023 0.753023
4791.594727 0.000000 2901.220947 0.000000 0.171621 0.000000 -0.985163 0.942432 0.942432 0.942432
4782.283691 0.000000 2908.206055 0.000000 0.800078 0.000000 0.599896 0.734467 0.734467 0.734467
4786.315918 0.000000 2896.920898 0.000000 0.334534 0.000000 0.942384 0.800000 0.800000 0.800000
4789.007812 0.000000 2900.577393 0.000000 0.693058 0.000000 0.720882 0.717996 0.717996 0.717996
4780.984375 0.000000 2901.040527 0.000000 0.374993 0.000000 0.927028 0.679154 0.679154 0.679154
4777.382812 0.000000 2899.967529 0.000000 0.072214 0.000000 -0.997389 0.952638 0.952638 0.952638
4782.965332 0.000000 2911.367188 0.000000 0.234716 0.000000 0.972064 0.664133 0.664133 0.664133
4779.434082 0.000000 2898.162598 0.000000 0.937956 0.000000 -0.346755 0.836069 0.836069 0.836069
4775.733398 0.000000 2898.870361 0.000000 0.453506 0.000000 -0.891253 0.912055 0.912055 0.912055
4786.684570 0.000000 2899.610107 0.000000 0.644861 0.000000 -0.764300 0.888613 0.888613 0.888613
4780.971680 0.000000 2899.848633 0.000000 0.809120 0.000000 0.587643 0.736018 0.736018 0.736018
4779.579590 0.000000 2899.348145 0.000000 0.868536 0.000000 0.495625 0.747180 0.747180 0.747180
4783.706543 0.000000 2910.516602 0.000000 0.949918 0.000000 -0.312498 0.832373 0.832373 0.832373
4777.879395 0.000000 2898.285889 0.000000 0.306185 0.000000 -0.951972 0.928303 0.928303 0.928303
4781.411133 0.000000 2898.111084 0.000000 0.599113 0.000000 0.800665 0.705434 0.705434 0.705434
4787.875977 0.000000 2898.651855 0.000000 0.886834 0.000000 -0.462088 0.848928 0.848928 0.848928
4791.860352 0.000000 2900.171875 0.000000 0.806949 0.000000 0.590621 0.735642 0.735642 0.735642
4782.044922 0.000000 2909.220947 0.000000 0.999999 0.000000 -0.001625 0.800166 0.800166 0.800166
4776.789551 0.000000 2899.118408 0.000000 0.407613 0.000000 -0.913155 0.917236 0.917236 0.917236
4782.014160 0.000000 2910.952393 0.000000 0.459417 0.000000 -0.888220 0.911379 0.911379 0.911379
4790.829590 0.000000 2901.899170 0.000000 0.954884 0.000000 0.296979 0.769287 0.769287 0.769287
4774.033203 0.000000 2898.769287 0.000000 0.494770 0.000000 -0.869024 0.907281 0.907281 0.907281
4789.224609 0.000000 2898.441650 0.000000 0.986355 0.000000 0.164630 0.783154 0.783154 0.783154
4789.608887 0.000000 2901.290283 0.000000 0.577606 0.000000 0.816315 0.702724 0.702724 0.702724
4766.978516 0.000000 2912.691162 0.000000 0.248812 0.000000 -0.968552 0.934387 0.934387 0.934387
4765.141602 0.000000 2913.673584 0.000000 0.821420 0.000000 0.570323 0.800000 0.800000 0.800000
4765.324219 0.000000 2912.007324 0.000000 0.169575 0.000000 -0.985517 0.800000 0.800000 0.800000
4766.437988 0.000000 2913.881348 0.000000 0.653337 0.000000 -0.757067 0.887478 0.887478 0.887478
4767.505859 0.000000 2913.610840 0.000000 0.814016 0.000000 0.580843 0.736871 0.736871 0.736871
4766.258789 0.000000 2912.109375 0.000000 0.870859 0.000000 0.491533 0.747660 0.747660 0.747660
4768.582520 0.000000 2912.014404 0.000000 0.735716 0.000000 -0.677290 0.875791 0.875791 0.875791
4771.864258 0.000000 2912.624512 0.000000 0.885999 0.000000 0.463687 0.750888 0.750888 0.750888
4783.014160 0.000000 2912.879883 0.000000 0.955403 0.000000 -0.295306 0.830535 0.830535 0.830535
4769.910156 0.000000 2914.213623 0.000000 0.995957 0.000000 0.089833 0.800000 0.800000 0.800000
4773.978027 0.000000 2913.123779 0.000000 0.545286 0.000000 -0.838250 0.800000 0.800000 0.800000
4781.092285 0.000000 2912.144287 0.000000 0.924977 0.000000 0.380023 0.800000 0.800000 0.800000
4768.099609 0.000000 2914.283447 0.000000 0.020199 0.000000 0.999796 0.800000 0.800000 0.800000
4770.095215 0.000000 2912.526367 0.000000 0.445631 0.000000 0.895217 0.687047 0.687047 0.687047
4769.005371 0.000000 2913.260254 0.000000 0.308745 0.000000 0.951145 0.671971 0.671971 0.671971
4773.088867 0.000000 2912.176758 0.000000 0.835601 0.000000 -0.549337 0.800000 0.800000 0.800000
4771.413574 0.000000 2913.888672 0.000000 0.548753 0.000000 -0.835985 0.900833 0.900833 0.900833
4770.960938 0.000000 2913.017822 0.000000 0.996543 0.000000 -0.083082 0.808472 0.808472 0.808472
4768.108887 0.000000 2912.851318 0.000000 0.047826 0.000000 0.998856 0.644873 0.644873 0.644873
4814.161133 0.000000 2900.472412 0.000000 0.896870 0.000000 -0.442294 0.846667 0.846667 0.846667
4817.490723 0.000000 2899.378906 0.000000 0.255629 0.000000 0.966775 0.800000 0.800000 0.800000
4814.090332 0.000000 2897.265625 0.000000 0.173625 0.000000 -0.984812 0.800000 0.800000 0.800000
4816.394531 0.000000 2901.639893 0.000000 0.609287 0.000000 -0.792950 0.800000 0.800000 0.800000
4812.557617 0.000000 2898.748535 0.000000 0.610735 0.000000 -0.791835 0.800000 0.800000 0.800000
4815.460938 0.000000 2898.784424 0.000000 0.923455 0.000000 -0.383706 0.840113 0.840113 0.840113
4812.396484 0.000000 2897.099121 0.000000 0.783617 0.000000 -0.621244 0.800000 0.800000 0.800000
4815.556152 0.000000 2896.201416 0.000000 0.958283 0.000000 -0.285819 0.800000 0.800000 0.800000
4815.780273 0.000000 2900.291992 0.000000 0.928780 0.000000 0.370632 0.761325 0.761325 0.761325
4813.906738 0.000000 2899.101074 0.000000 0.979110 0.000000 0.203331 0.800000 0.800000 0.800000
4816.758301 0.000000 2898.150146 0.000000 0.049681 0.000000 0.998765 0.800000 0.800000 0.800000
4815.086426 0.000000 2901.221191 0.000000 0.875489 0.000000 0.483238 0.748627 0.748627 0.748627
4814.868164 0.000000 2899.653076 0.000000 0.953029 0.000000 -0.302878 0.831343 0.831343 0.831343
4814.573242 0.000000 2898.239990 0.000000 0.198498 0.000000 0.980101 0.660354 0.660354 0.660354
4824.140625 0.000000 2922.975586 0.000000 0.999980 0.000000 0.006319 0.800000 0.800000 0.800000
4818.604980 0.000000 2934.964844 0.000000 0.400097 0.000000 0.916473 0.800000 0.800000 0.800000
4815.626953 0.000000 2926.601074 0.000000 0.135323 0.000000 -0.990802 0.946174 0.946174 0.946174
4827.725098 0.000000 2922.650391 0.000000 0.119054 0.000000 0.992888 0.800000 0.800000 0.800000
4826.269043 0.000000 2925.509033 0.000000 0.859429 0.000000 -0.511256 0.800000 0.800000 0.800000
4821.311523 0.000000 2935.662354 0.000000 0.062404 0.000000 -0.998051 0.800000 0.800000 0.800000
4820.409180 0.000000 2933.745361 0.000000 0.989745 0.000000 -0.142845 0.814600 0.814600 0.814600
4816.724609 0.000000 2924.526123 0.000000 0.574229 0.000000 -0.818695 0.800000 0.800000 0.800000
4818.598145 0.000000 2932.992676 0.000000 0.029169 0.000000 -0.999574 0.800000 0.800000 0.800000
4825.928711 0.000000 2923.692139 0.000000 0.617907 0.000000 0.786251 0.800000 0.800000 0.800000
4824.532715 0.000000 2925.734131 0.000000 0.762273 0.000000 -0.647255 0.800000 0.800000 0.800000
4821.855957 0.000000 2934.177979 0.000000 0.596270 0.000000 -0.802784 0.800000 0.800000 0.800000
4814.538574 0.000000 2925.278564 0.000000 0.883259 0.000000 -0.468885 0.800000 0.800000 0.800000
4817.057617 0.000000 2927.137207 0.000000 0.406561 0.000000 0.913624 0.682647 0.682647 0.682647
4824.669922 0.000000 2924.330322 0.000000 0.641757 0.000000 0.766908 0.800000 0.800000 0.800000
4819.919922 0.000000 2935.450195 0.000000 0.763593 0.000000 -0.645698 0.800000 0.800000 0.800000
4821.007812 0.000000 2932.577393 0.000000 0.894087 0.000000 0.447894 0.752696 0.752696 0.752696
4816.514160 0.000000 2927.946777 0.000000 0.974587 0.000000 0.224008 0.776987 0.776987 0.776987
4847.261719 0.000000 2939.264648 0.000000 0.072802 0.000000 0.997346 0.647422 0.647422 0.647422
4857.621094 0.000000 2939.281982 0.000000 0.377940 0.000000 -0.925830 0.800000 0.800000 0.800000
4845.086914 0.000000 2940.827637 0.000000 0.971112 0.000000 0.238625 0.800000 0.800000 0.800000
4858.333008 0.000000 2937.201416 0.000000 0.508168 0.000000 0.861258 0.800000 0.800000 0.800000
4856.397461 0.000000 2936.639404 0.000000 0.996962 0.000000 -0.077886 0.800000 0.800000 0.800000
4849.138184 0.000000 2939.270508 0.000000 0.990431 0.000000 -0.138012 0.800000 0.800000 0.800000
4856.017090 0.000000 2939.195312 0.000000 0.992747 0.000000 -0.120224 0.800000 0.800000 0.800000
4845.342773 0.000000 2939.266113 0.000000 0.131909 0.000000 -0.991262 0.800000 0.800000 0.800000
4847.517578 0.000000 2940.790771 0.000000 0.490637 0.000000 0.871364 0.800000 0.800000 0.800000
4859.168457 0.000000 2939.249268 0.000000 0.950177 0.000000 0.311711 0.767711 0.767711 0.767711
4847.311523 0.000000 2937.578857 0.000000 0.999983 0.000000 0.005759 0.800000 0.800000 0.800000
4857.089355 0.000000 2937.942871 0.000000 0.811210 0.000000 -0.584754 0.800000 0.800000 0.800000
4846.283691 0.000000 2940.206055 0.000000 0.024539 0.000000 -0.999699 0.800000 0.800000 0.800000
4844.142090 0.000000 2938.657715 0.000000 0.995520 0.000000 0.094547 0.800000 0.800000 0.800000
4846.317871 0.000000 2938.708496 0.000000 0.510345 0.000000 -0.859970 0.905446 0.905446 0.905446
4612.372559 0.000000 2947.959717 0.000000 0.703337 0.000000 0.710857 0.800000 0.800000 0.800000
4612.238770 0.000000 2949.706787 0.000000 0.074852 0.000000 -0.997195 0.952368 0.952368 0.952368
4612.650391 0.000000 2946.273438 0.000000 0.945810 0.000000 -0.324719 0.800000 0.800000 0.800000
4613.989258 0.000000 2948.228760 0.000000 0.512200 0.000000 -0.858866 0.905226 0.905226 0.905226
4613.715820 0.000000 2949.962158 0.000000 0.923192 0.000000 -0.384338 0.840182 0.840182 0.840182
4613.067383 0.000000 2948.911133 0.000000 0.536609 0.000000 -0.843831 0.902306 0.902306 0.902306
4670.046875 0.000000 2965.620605 0.000000 0.979042 0.000000 -0.203657 0.800000 0.800000 0.800000
4650.452637 0.000000 2963.263672 0.000000 0.583990 0.000000 -0.811761 0.800000 0.800000 0.800000
4652.557617 0.000000 2962.748535 0.000000 0.328334 0.000000 0.944562 0.674076 0.674076 0.674076
4671.840820 0.000000 2967.206055 0.000000 0.234797 0.000000 -0.972044 0.935858 0.935858 0.935858
4650.488281 0.000000 2961.351807 0.000000 0.984783 0.000000 -0.173787 0.800000 0.800000 0.800000
4652.396484 0.000000 2961.099121 0.000000 0.307968 0.000000 -0.951397 0.800000 0.800000 0.800000
4671.543457 0.000000 2965.486084 0.000000 0.936350 0.000000 0.351068 0.800000 0.800000 0.800000
4653.906738 0.000000 2963.101074 0.000000 0.394474 0.000000 -0.918907 0.918697 0.918697 0.918697
4670.486816 0.000000 2966.969482 0.000000 0.879383 0.000000 0.476115 0.749454 0.749454 0.749454
4670.244141 0.000000 2964.268799 0.000000 0.350688 0.000000 0.936492 0.800000 0.800000 0.800000
4638.498535 0.000000 2986.052246 0.000000 0.886558 0.000000 0.462618 0.751011 0.751011 0.751011
4639.358887 0.000000 2984.318359 0.000000 0.902198 0.000000 -0.431322 0.800000 0.800000 0.800000
4639.338379 0.000000 2987.040771 0.000000 0.769999 0.000000 -0.638045 0.870482 0.870482 0.870482
4652.227051 0.000000 2987.086914 0.000000 0.402745 0.000000 -0.915312 0.800000 0.800000 0.800000
4654.793945 0.000000 2987.786133 0.000000 0.669717 0.000000 0.742617 0.714747 0.714747 0.714747
4655.752441 0.000000 2984.400391 0.000000 0.541113 0.000000 0.840950 0.800000 0.800000 0.800000
4653.948730 0.000000 2985.685547 0.000000 0.757398 0.000000 0.652954 0.800000 0.800000 0.800000
4655.504883 0.000000 2985.930908 0.000000 0.802852 0.000000 -0.596178 0.800000 0.800000 0.800000
4654.778320 0.000000 2986.668457 0.000000 0.864556 0.000000 -0.502536 0.853632 0.853632 0.853632
4676.223145 0.000000 2954.437012 0.000000 0.942538 0.000000 -0.334098 0.834698 0.834698 0.834698
4674.920898 0.000000 2955.072754 0.000000 0.921794 0.000000 0.387679 0.800000 0.800000 0.800000
4677.317383 0.000000 2955.345459 0.000000 0.247959 0.000000 -0.968771 0.934477 0.934477 0.934477
4675.878418 0.000000 2955.948730 0.000000 0.276590 0.000000 -0.960988 0.800000 0.800000 0.800000
4686.161133 0.000000 2996.472412 0.000000 0.336229 0.000000 -0.941780 0.800000 0.800000 0.800000
4688.394531 0.000000 2997.639893 0.000000 0.197346 0.000000 -0.980334 0.800000 0.800000 0.800000
4687.780273 0.000000 2996.291992 0.000000 0.729461 0.000000 0.684022 0.800000 0.800000 0.800000
4635.325195 0.000000 3028.877686 0.000000 0.440629 0.000000 -0.897690 0.800000 0.800000 0.800000
4637.387695 0.000000 3027.185791 0.000000 0.982457 0.000000 -0.186492 0.800000 0.800000 0.800000
4635.681152 0.000000 3027.062500 0.000000 0.584757 0.000000 0.811208 0.800000 0.800000 0.800000
4636.509277 0.000000 3029.961182 0.000000 0.926850 0.000000 -0.375431 0.800000 0.800000 0.800000
4636.750977 0.000000 3028.538330 0.000000 0.953770 0.000000 -0.300538 0.800000 0.800000 0.800000
4634.395996 0.000000 3027.837158 0.000000 0.078166 0.000000 0.996940 0.800000 0.800000 0.800000
4634.018066 0.000000 3029.348633 0.000000 0.049517 0.000000 -0.998773 0.800000 0.800000 0.800000
4636.605469 0.000000 3026.131836 0.000000 0.976131 0.000000 -0.217183 0.800000 0.800000 0.800000
4661.193848 0.000000 3012.141602 0.000000 0.296206 0.000000 0.955124 0.670631 0.670631 0.670631
4662.365723 0.000000 3028.740479 0.000000 0.852791 0.000000 -0.522253 0.800000 0.800000 0.800000
4644.223145 0.000000 3018.437012 0.000000 0.740965 0.000000 -0.671544 0.800000 0.800000 0.800000
4664.868164 0.000000 3028.541504 0.000000 0.625296 0.000000 -0.780387 0.800000 0.800000 0.800000
4646.634766 0.000000 3018.760742 0.000000 0.523651 0.000000 -0.851933 0.800000 0.800000 0.800000
4645.728027 0.000000 3017.091797 0.000000 0.338872 0.000000 -0.940832 0.800000 0.800000 0.800000
4658.383789 0.000000 3013.118652 0.000000 0.862859 0.000000 0.505445 0.800000 0.800000 0.800000
4644.270996 0.000000 3016.805420 0.000000 0.771104 0.000000 0.636710 0.800000 0.800000 0.800000
4660.843262 0.000000 3010.792236 0.000000 0.759585 0.000000 -0.650409 0.800000 0.800000 0.800000
4645.317383 0.000000 3019.345459 0.000000 0.999272 0.000000 0.038144 0.800000 0.800000 0.800000
4660.023438 0.000000 3012.805176 0.000000 0.499221 0.000000 -0.866475 0.906758 0.906758 0.906758
4663.594727 0.000000 3029.220947 0.000000 0.396524 0.000000 0.918024 0.800000 0.800000 0.800000
4661.207520 0.000000 3013.473389 0.000000 0.178667 0.000000 0.983910 0.658297 0.658297 0.658297
4686.674316 0.000000 3012.935303 0.000000 0.989816 0.000000 -0.142351 0.814549 0.814549 0.814549
4711.399414 0.000000 3021.211670 0.000000 0.352320 0.000000 -0.935880 0.800000 0.800000 0.800000
4710.121094 0.000000 3023.535889 0.000000 0.916538 0.000000 0.399949 0.758089 0.758089 0.758089
4713.796875 0.000000 3018.737061 0.000000 0.477425 0.000000 0.878672 0.800000 0.800000 0.800000
4709.046875 0.000000 3020.696533 0.000000 0.718293 0.000000 -0.695741 0.800000 0.800000 0.800000
4710.634766 0.000000 3018.760742 0.000000 0.008376 0.000000 -0.999965 0.800000 0.800000 0.800000
4727.577637 0.000000 3039.219971 0.000000 0.667967 0.000000 -0.744191 0.800000 0.800000 0.800000
4725.622070 0.000000 3039.278564 0.000000 0.325841 0.000000 0.945425 0.800000 0.800000 0.800000
4712.255859 0.000000 3019.618652 0.000000 0.102304 0.000000 0.994753 0.800000 0.800000 0.800000
4710.004883 0.000000 3021.967285 0.000000 0.635094 0.000000 0.772434 0.800000 0.800000 0.800000
4711.472168 0.000000 3022.815430 0.000000 0.478088 0.000000 0.878312 0.690774 0.690774 0.690774
4708.779297 0.000000 3022.761719 0.000000 0.998429 0.000000 -0.056037 0.800000 0.800000 0.800000
4712.767090 0.000000 3020.968506 0.000000 0.908480 0.000000 -0.417929 0.843918 0.843918 0.843918
4712.355957 0.000000 3018.226807 0.000000 0.707579 0.000000 -0.706634 0.800000 0.800000 0.800000
4710.478027 0.000000 3020.193604 0.000000 0.592002 0.000000 0.805937 0.800000 0.800000 0.800000
4700.628906 0.000000 3056.770752 0.000000 0.989341 0.000000 -0.145615 0.814885 0.814885 0.814885
4701.387695 0.000000 3059.185791 0.000000 0.458753 0.000000 0.888564 0.800000 0.800000 0.800000
4699.681152 0.000000 3059.062500 0.000000 0.677473 0.000000 -0.735548 0.800000 0.800000 0.800000
4698.395996 0.000000 3059.837158 0.000000 0.677182 0.000000 0.735816 0.800000 0.800000 0.800000
4700.605469 0.000000 3058.131836 0.000000 0.665315 0.000000 -0.746563 0.800000 0.800000 0.800000
4726.344727 0.000000 3040.282715 0.000000 0.440551 0.000000 -0.897728 0.800000 0.800000 0.800000
4721.032715 0.000000 3042.937988 0.000000 0.244383 0.000000 0.969679 0.800000 0.800000 0.800000
4724.116211 0.000000 3041.561279 0.000000 0.171339 0.000000 -0.985212 0.942461 0.942461 0.942461
4723.112305 0.000000 3043.626465 0.000000 0.960609 0.000000 0.277903 0.771315 0.771315 0.771315
4727.774902 0.000000 3041.188232 0.000000 0.663467 0.000000 -0.748205 0.800000 0.800000 0.800000
4724.407227 0.000000 3040.043457 0.000000 0.583665 0.000000 -0.811994 0.896518 0.896518 0.896518
4725.584473 0.000000 3041.576416 0.000000 0.245119 0.000000 0.969493 0.665225 0.665225 0.665225
4723.414062 0.000000 3042.489258 0.000000 0.692073 0.000000 -0.721827 0.882143 0.882143 0.882143
4722.210938 0.000000 3042.992920 0.000000 0.668182 0.000000 0.743998 0.714537 0.714537 0.714537
4899.295410 0.000000 2926.797363 0.000000 0.761011 0.000000 0.648739 0.800000 0.800000 0.800000
4898.690430 0.000000 2924.464844 0.000000 0.635705 0.000000 0.771932 0.710173 0.710173 0.710173
4899.802734 0.000000 2925.460449 0.000000 0.461540 0.000000 -0.887119 0.911135 0.911135 0.911135
4407.549805 0.000000 3087.383057 0.000000 0.824617 0.000000 0.565692 0.800000 0.800000 0.800000
4406.093262 0.000000 3089.928223 0.000000 0.473422 0.000000 0.880836 0.800000 0.800000 0.800000
4405.256836 0.000000 3086.834229 0.000000 0.318854 0.000000 -0.947804 0.800000 0.800000 0.800000
4406.055664 0.000000 3088.229248 0.000000 0.997976 0.000000 -0.063585 0.800000 0.800000 0.800000
4404.500488 0.000000 3089.786865 0.000000 0.825646 0.000000 0.564188 0.800000 0.800000 0.800000
4406.524414 0.000000 3086.308350 0.000000 0.238749 0.000000 0.971081 0.800000 0.800000 0.800000
4424.678711 0.000000 3094.482178 0.000000 0.323347 0.000000 -0.946280 0.800000 0.800000 0.800000
4433.862793 0.000000 3072.124512 0.000000 0.353504 0.000000 -0.935433 0.923197 0.923197 0.923197
4424.606934 0.000000 3096.800537 0.000000 0.951262 0.000000 -0.308385 0.831932 0.831932 0.831932
4422.794922 0.000000 3095.625977 0.000000 0.572703 0.000000 -0.819763 0.800000 0.800000 0.800000
4434.375977 0.000000 3073.871338 0.000000 0.991854 0.000000 0.127380 0.800000 0.800000 0.800000
4429.404297 0.000000 3077.707520 0.000000 0.127063 0.000000 0.991895 0.800000 0.800000 0.800000
4432.692871 0.000000 3073.314697 0.000000 0.341088 0.000000 -0.940031 0.924545 0.924545 0.924545
4422.037109 0.000000 3097.124512 0.000000 0.874484 0.000000 -0.485054 0.800000 0.800000 0.800000
4425.941406 0.000000 3097.449951 0.000000 0.016382 0.000000 -0.999866 0.958331 0.958331 0.958331
4432.229492 0.000000 3072.020264 0.000000 0.842608 0.000000 -0.538528 0.857926 0.857926 0.857926
4435.165527 0.000000 3072.566895 0.000000 0.092910 0.000000 -0.995674 0.800000 0.800000 0.800000
4430.674316 0.000000 3076.935303 0.000000 0.786327 0.000000 -0.617811 0.867834 0.867834 0.867834
4450.681641 0.000000 3099.806152 0.000000 0.513332 0.000000 0.858190 0.800000 0.800000 0.800000
4477.641113 0.000000 3079.481201 0.000000 0.881739 0.000000 0.471737 0.800000 0.800000 0.800000
4452.546387 0.000000 3097.718994 0.000000 0.913647 0.000000 -0.406508 0.800000 0.800000 0.800000
4453.052734 0.000000 3099.980469 0.000000 0.999250 0.000000 -0.038727 0.800000 0.800000 0.800000
4479.358887 0.000000 3080.318359 0.000000 0.096733 0.000000 0.995310 0.800000 0.800000 0.800000
4476.641602 0.000000 3081.057373 0.000000 0.424185 0.000000 0.905575 0.800000 0.800000 0.800000
4451.132812 0.000000 3096.600098 0.000000 0.905434 0.000000 0.424487 0.800000 0.800000 0.800000
4450.979492 0.000000 3098.207031 0.000000 0.998675 0.000000 -0.051470 0.800000 0.800000 0.800000
4476.213379 0.000000 3079.288330 0.000000 0.572068 0.000000 -0.820206 0.800000 0.800000 0.800000
4478.946777 0.000000 3079.013428 0.000000 0.229244 0.000000 -0.973369 0.936440 0.936440 0.936440
4451.937988 0.000000 3099.171631 0.000000 0.246249 0.000000 0.969207 0.800000 0.800000 0.800000
4453.501953 0.000000 3098.658447 0.000000 0.014525 0.000000 0.999894 0.800000 0.800000 0.800000
4468.021973 0.000000 3123.723633 0.000000 0.379781 0.000000 -0.925076 0.920320 0.920320 0.920320
4468.409180 0.000000 3125.745361 0.000000 0.396782 0.000000 0.917913 0.800000 0.800000 0.800000
4469.537109 0.000000 3123.403809 0.000000 0.557828 0.000000 -0.829957 0.899723 0.899723 0.899723
4502.856934 0.000000 3085.007080 0.000000 0.727701 0.000000 -0.685894 0.876988 0.876988 0.876988
4504.532715 0.000000 3085.734131 0.000000 0.869782 0.000000 0.493435 0.800000 0.800000 0.800000
4504.669922 0.000000 3084.330322 0.000000 0.099852 0.000000 -0.995002 0.800000 0.800000 0.800000
4523.641113 0.000000 3097.407471 0.000000 0.934632 0.000000 0.355616 0.800000 0.800000 0.800000
4525.745117 0.000000 3097.721191 0.000000 0.695456 0.000000 0.718568 0.800000 0.800000 0.800000
4523.431641 0.000000 3099.744873 0.000000 0.884665 0.000000 0.466227 0.750596 0.750596 0.750596
4525.342773 0.000000 3099.266113 0.000000 0.761692 0.000000 -0.647939 0.800000 0.800000 0.800000
4522.851074 0.000000 3098.534668 0.000000 0.111868 0.000000 -0.993723 0.948581 0.948581 0.948581
4524.142090 0.000000 3098.657715 0.000000 0.297396 0.000000 -0.954754 0.800000 0.800000 0.800000
4502.093262 0.000000 3121.928223 0.000000 0.870954 0.000000 -0.491364 0.800000 0.800000 0.800000
4500.021973 0.000000 3123.723633 0.000000 0.998192 0.000000 0.060107 0.800000 0.800000 0.800000
4503.403809 0.000000 3123.236084 0.000000 0.337564 0.000000 -0.941303 0.800000 0.800000 0.800000
4502.055664 0.000000 3120.229248 0.000000 0.997837 0.000000 0.065731 0.800000 0.800000 0.800000
4500.500488 0.000000 3121.786865 0.000000 0.068348 0.000000 -0.997662 0.800000 0.800000 0.800000
4501.537109 0.000000 3123.403809 0.000000 0.521671 0.000000 0.853147 0.800000 0.800000 0.800000
4526.090332 0.000000 3121.265625 0.000000 0.055473 0.000000 0.998460 0.800000 0.800000 0.800000
4524.557617 0.000000 3122.748535 0.000000 0.715515 0.000000 -0.698598 0.800000 0.800000 0.800000
4527.460938 0.000000 3122.784424 0.000000 0.200208 0.000000 -0.979753 0.800000 0.800000 0.800000
4524.396484 0.000000 3121.099121 0.000000 0.190721 0.000000 0.981644 0.800000 0.800000 0.800000
4527.556152 0.000000 3120.201416 0.000000 0.060892 0.000000 0.998144 0.800000 0.800000 0.800000
4525.906738 0.000000 3123.101074 0.000000 0.826601 0.000000 -0.562788 0.800000 0.800000 0.800000
4548.223145 0.000000 3082.437012 0.000000 0.951744 0.000000 -0.306892 0.831772 0.831772 0.831772
4546.969727 0.000000 3080.090576 0.000000 0.713564 0.000000 0.700590 0.800000 0.800000 0.800000
4558.667480 0.000000 3102.092285 0.000000 0.990047 0.000000 -0.140734 0.800000 0.800000 0.800000
4549.728027 0.000000 3081.091797 0.000000 0.952015 0.000000 0.306052 0.800000 0.800000 0.800000
4560.211914 0.000000 3103.600098 0.000000 0.418884 0.000000 0.908040 0.800000 0.800000 0.800000
4548.270996 0.000000 3080.805420 0.000000 0.421791 0.000000 -0.906693 0.800000 0.800000 0.800000
4546.920898 0.000000 3083.072754 0.000000 0.894564 0.000000 -0.446940 0.800000 0.800000 0.800000
4549.317383 0.000000 3083.345459 0.000000 0.947943 0.000000 -0.318440 0.833011 0.833011 0.833011
4547.125488 0.000000 3081.553711 0.000000 0.313537 0.000000 0.949576 0.800000 0.800000 0.800000
4547.878418 0.000000 3083.948730 0.000000 0.337160 0.000000 0.941447 0.800000 0.800000 0.800000
4561.862793 0.000000 3104.124512 0.000000 0.159143 0.000000 -0.987256 0.943721 0.943721 0.943721
4549.585449 0.000000 3134.219971 0.000000 0.996979 0.000000 -0.077677 0.807920 0.807920 0.807920
4559.014160 0.000000 3104.879883 0.000000 0.452940 0.000000 -0.891541 0.800000 0.800000 0.800000
4551.091309 0.000000 3135.415527 0.000000 0.643242 0.000000 -0.765663 0.800000 0.800000 0.800000
4548.132812 0.000000 3135.408691 0.000000 0.681485 0.000000 0.731833 0.716373 0.716373 0.716373
4560.692871 0.000000 3105.314697 0.000000 0.979461 0.000000 0.201633 0.779320 0.779320 0.779320
4549.629883 0.000000 3135.727539 0.000000 0.347133 0.000000 0.937816 0.676110 0.676110 0.676110
4560.229492 0.000000 3104.020264 0.000000 0.695459 0.000000 -0.718566 0.881664 0.881664 0.881664
4712.025879 0.000000 3080.900635 0.000000 0.159738 0.000000 0.987159 0.656341 0.656341 0.656341
4713.796875 0.000000 3082.737061 0.000000 0.855758 0.000000 -0.517375 0.800000 0.800000 0.800000
4713.841797 0.000000 3080.814941 0.000000 0.682441 0.000000 0.730941 0.716506 0.716506 0.716506
4712.255859 0.000000 3083.618652 0.000000 0.595465 0.000000 -0.803381 0.800000 0.800000 0.800000
4712.355957 0.000000 3082.226807 0.000000 0.627777 0.000000 -0.778393 0.800000 0.800000 0.800000
"}
